borough,month,crime_type,count
Barking and Dagenham,2024-01,anti-social-behaviour,105
Barking and Dagenham,2024-01,bicycle-theft,10
Barking and Dagenham,2024-01,burglary,73
Barking and Dagenham,2024-01,criminal-damage-arson,62
Barking and Dagenham,2024-01,drugs,42
Barking and Dagenham,2024-01,miscellaneous-incidents,5
Barking and Dagenham,2024-01,other-theft,38
Barking and Dagenham,2024-01,possession-of-weapons,5
Barking and Dagenham,2024-01,public-order,25
Barking and Dagenham,2024-01,robbery,13
Barking and Dagenham,2024-01,shoplifting,55
Barking and Dagenham,2024-01,theft-from-the-person,79
Barking and Dagenham,2024-01,vehicle-crime,108
Barking and Dagenham,2024-01,violence-and-sexual-offences,142
Barking and Dagenham,2024-02,anti-social-behaviour,104
Barking and Dagenham,2024-02,bicycle-theft,4
Barking and Dagenham,2024-02,burglary,72
Barking and Dagenham,2024-02,criminal-damage-arson,64
Barking and Dagenham,2024-02,drugs,49
Barking and Dagenham,2024-02,miscellaneous-incidents,6
Barking and Dagenham,2024-02,other-theft,57
Barking and Dagenham,2024-02,possession-of-weapons,10
Barking and Dagenham,2024-02,public-order,27
Barking and Dagenham,2024-02,robbery,16
Barking and Dagenham,2024-02,shoplifting,47
Barking and Dagenham,2024-02,theft-from-the-person,91
Barking and Dagenham,2024-02,vehicle-crime,82
Barking and Dagenham,2024-02,violence-and-sexual-offences,172
Barking and Dagenham,2024-03,anti-social-behaviour,101
Barking and Dagenham,2024-03,bicycle-theft,11
Barking and Dagenham,2024-03,burglary,79
Barking and Dagenham,2024-03,criminal-damage-arson,56
Barking and Dagenham,2024-03,drugs,29
Barking and Dagenham,2024-03,miscellaneous-incidents,4
Barking and Dagenham,2024-03,other-theft,59
Barking and Dagenham,2024-03,possession-of-weapons,5
Barking and Dagenham,2024-03,public-order,29
Barking and Dagenham,2024-03,robbery,12
Barking and Dagenham,2024-03,shoplifting,68
Barking and Dagenham,2024-03,theft-from-the-person,111
Barking and Dagenham,2024-03,vehicle-crime,96
Barking and Dagenham,2024-03,violence-and-sexual-offences,180
Barking and Dagenham,2024-04,anti-social-behaviour,143
Barking and Dagenham,2024-04,bicycle-theft,8
Barking and Dagenham,2024-04,burglary,72
Barking and Dagenham,2024-04,criminal-damage-arson,67
Barking and Dagenham,2024-04,drugs,32
Barking and Dagenham,2024-04,miscellaneous-incidents,2
Barking and Dagenham,2024-04,other-theft,60
Barking and Dagenham,2024-04,possession-of-weapons,8
Barking and Dagenham,2024-04,public-order,23
Barking and Dagenham,2024-04,robbery,13
Barking and Dagenham,2024-04,shoplifting,55
Barking and Dagenham,2024-04,theft-from-the-person,115
Barking and Dagenham,2024-04,vehicle-crime,78
Barking and Dagenham,2024-04,violence-and-sexual-offences,202
Barking and Dagenham,2024-05,anti-social-behaviour,136
Barking and Dagenham,2024-05,bicycle-theft,8
Barking and Dagenham,2024-05,burglary,59
Barking and Dagenham,2024-05,criminal-damage-arson,62
Barking and Dagenham,2024-05,drugs,49
Barking and Dagenham,2024-05,miscellaneous-incidents,3
Barking and Dagenham,2024-05,other-theft,44
Barking and Dagenham,2024-05,possession-of-weapons,13
Barking and Dagenham,2024-05,public-order,25
Barking and Dagenham,2024-05,robbery,13
Barking and Dagenham,2024-05,shoplifting,67
Barking and Dagenham,2024-05,theft-from-the-person,145
Barking and Dagenham,2024-05,vehicle-crime,79
Barking and Dagenham,2024-05,violence-and-sexual-offences,225
Barking and Dagenham,2024-06,anti-social-behaviour,139
Barking and Dagenham,2024-06,bicycle-theft,12
Barking and Dagenham,2024-06,burglary,56
Barking and Dagenham,2024-06,criminal-damage-arson,61
Barking and Dagenham,2024-06,drugs,42
Barking and Dagenham,2024-06,miscellaneous-incidents,3
Barking and Dagenham,2024-06,other-theft,58
Barking and Dagenham,2024-06,possession-of-weapons,7
Barking and Dagenham,2024-06,public-order,17
Barking and Dagenham,2024-06,robbery,16
Barking and Dagenham,2024-06,shoplifting,69
Barking and Dagenham,2024-06,theft-from-the-person,109
Barking and Dagenham,2024-06,vehicle-crime,66
Barking and Dagenham,2024-06,violence-and-sexual-offences,236
Barking and Dagenham,2024-07,anti-social-behaviour,142
Barking and Dagenham,2024-07,bicycle-theft,14
Barking and Dagenham,2024-07,burglary,54
Barking and Dagenham,2024-07,criminal-damage-arson,68
Barking and Dagenham,2024-07,drugs,52
Barking and Dagenham,2024-07,miscellaneous-incidents,3
Barking and Dagenham,2024-07,other-theft,38
Barking and Dagenham,2024-07,possession-of-weapons,9
Barking and Dagenham,2024-07,public-order,18
Barking and Dagenham,2024-07,robbery,14
Barking and Dagenham,2024-07,shoplifting,64
Barking and Dagenham,2024-07,theft-from-the-person,133
Barking and Dagenham,2024-07,vehicle-crime,70
Barking and Dagenham,2024-07,violence-and-sexual-offences,232
Barking and Dagenham,2024-08,anti-social-behaviour,117
Barking and Dagenham,2024-08,bicycle-theft,7
Barking and Dagenham,2024-08,burglary,69
Barking and Dagenham,2024-08,criminal-damage-arson,65
Barking and Dagenham,2024-08,drugs,44
Barking and Dagenham,2024-08,miscellaneous-incidents,7
Barking and Dagenham,2024-08,other-theft,54
Barking and Dagenham,2024-08,possession-of-weapons,8
Barking and Dagenham,2024-08,public-order,27
Barking and Dagenham,2024-08,robbery,20
Barking and Dagenham,2024-08,shoplifting,64
Barking and Dagenham,2024-08,theft-from-the-person,112
Barking and Dagenham,2024-08,vehicle-crime,63
Barking and Dagenham,2024-08,violence-and-sexual-offences,201
Barking and Dagenham,2024-09,anti-social-behaviour,116
Barking and Dagenham,2024-09,bicycle-theft,11
Barking and Dagenham,2024-09,burglary,57
Barking and Dagenham,2024-09,criminal-damage-arson,60
Barking and Dagenham,2024-09,drugs,41
Barking and Dagenham,2024-09,miscellaneous-incidents,2
Barking and Dagenham,2024-09,other-theft,58
Barking and Dagenham,2024-09,possession-of-weapons,12
Barking and Dagenham,2024-09,public-order,26
Barking and Dagenham,2024-09,robbery,20
Barking and Dagenham,2024-09,shoplifting,47
Barking and Dagenham,2024-09,theft-from-the-person,103
Barking and Dagenham,2024-09,vehicle-crime,87
Barking and Dagenham,2024-09,violence-and-sexual-offences,199
Barking and Dagenham,2024-10,anti-social-behaviour,86
Barking and Dagenham,2024-10,bicycle-theft,9
Barking and Dagenham,2024-10,burglary,78
Barking and Dagenham,2024-10,criminal-damage-arson,78
Barking and Dagenham,2024-10,drugs,40
Barking and Dagenham,2024-10,miscellaneous-incidents,5
Barking and Dagenham,2024-10,other-theft,56
Barking and Dagenham,2024-10,possession-of-weapons,10
Barking and Dagenham,2024-10,public-order,26
Barking and Dagenham,2024-10,robbery,19
Barking and Dagenham,2024-10,shoplifting,51
Barking and Dagenham,2024-10,theft-from-the-person,85
Barking and Dagenham,2024-10,vehicle-crime,104
Barking and Dagenham,2024-10,violence-and-sexual-offences,149
Barking and Dagenham,2024-11,anti-social-behaviour,81
Barking and Dagenham,2024-11,bicycle-theft,9
Barking and Dagenham,2024-11,burglary,88
Barking and Dagenham,2024-11,criminal-damage-arson,78
Barking and Dagenham,2024-11,drugs,38
Barking and Dagenham,2024-11,miscellaneous-incidents,4
Barking and Dagenham,2024-11,other-theft,47
Barking and Dagenham,2024-11,possession-of-weapons,7
Barking and Dagenham,2024-11,public-order,17
Barking and Dagenham,2024-11,robbery,22
Barking and Dagenham,2024-11,shoplifting,56
Barking and Dagenham,2024-11,theft-from-the-person,77
Barking and Dagenham,2024-11,vehicle-crime,100
Barking and Dagenham,2024-11,violence-and-sexual-offences,154
Barking and Dagenham,2024-12,anti-social-behaviour,96
Barking and Dagenham,2024-12,bicycle-theft,12
Barking and Dagenham,2024-12,burglary,74
Barking and Dagenham,2024-12,criminal-damage-arson,60
Barking and Dagenham,2024-12,drugs,49
Barking and Dagenham,2024-12,miscellaneous-incidents,6
Barking and Dagenham,2024-12,other-theft,63
Barking and Dagenham,2024-12,possession-of-weapons,2
Barking and Dagenham,2024-12,public-order,27
Barking and Dagenham,2024-12,robbery,17
Barking and Dagenham,2024-12,shoplifting,66
Barking and Dagenham,2024-12,theft-from-the-person,77
Barking and Dagenham,2024-12,vehicle-crime,96
Barking and Dagenham,2024-12,violence-and-sexual-offences,125
Barking and Dagenham,2025-01,anti-social-behaviour,103
Barking and Dagenham,2025-01,bicycle-theft,12
Barking and Dagenham,2025-01,burglary,72
Barking and Dagenham,2025-01,criminal-damage-arson,67
Barking and Dagenham,2025-01,drugs,39
Barking and Dagenham,2025-01,miscellaneous-incidents,3
Barking and Dagenham,2025-01,other-theft,49
Barking and Dagenham,2025-01,possession-of-weapons,4
Barking and Dagenham,2025-01,public-order,33
Barking and Dagenham,2025-01,robbery,12
Barking and Dagenham,2025-01,shoplifting,55
Barking and Dagenham,2025-01,theft-from-the-person,76
Barking and Dagenham,2025-01,vehicle-crime,105
Barking and Dagenham,2025-01,violence-and-sexual-offences,147
Barking and Dagenham,2025-02,anti-social-behaviour,113
Barking and Dagenham,2025-02,bicycle-theft,6
Barking and Dagenham,2025-02,burglary,68
Barking and Dagenham,2025-02,criminal-damage-arson,77
Barking and Dagenham,2025-02,drugs,45
Barking and Dagenham,2025-02,miscellaneous-incidents,4
Barking and Dagenham,2025-02,other-theft,49
Barking and Dagenham,2025-02,possession-of-weapons,10
Barking and Dagenham,2025-02,public-order,27
Barking and Dagenham,2025-02,robbery,17
Barking and Dagenham,2025-02,shoplifting,72
Barking and Dagenham,2025-02,theft-from-the-person,90
Barking and Dagenham,2025-02,vehicle-crime,103
Barking and Dagenham,2025-02,violence-and-sexual-offences,169
Barking and Dagenham,2025-03,anti-social-behaviour,102
Barking and Dagenham,2025-03,bicycle-theft,6
Barking and Dagenham,2025-03,burglary,85
Barking and Dagenham,2025-03,criminal-damage-arson,63
Barking and Dagenham,2025-03,drugs,45
Barking and Dagenham,2025-03,miscellaneous-incidents,3
Barking and Dagenham,2025-03,other-theft,50
Barking and Dagenham,2025-03,possession-of-weapons,9
Barking and Dagenham,2025-03,public-order,29
Barking and Dagenham,2025-03,robbery,22
Barking and Dagenham,2025-03,shoplifting,71
Barking and Dagenham,2025-03,theft-from-the-person,106
Barking and Dagenham,2025-03,vehicle-crime,79
Barking and Dagenham,2025-03,violence-and-sexual-offences,188
Barking and Dagenham,2025-04,anti-social-behaviour,126
Barking and Dagenham,2025-04,bicycle-theft,12
Barking and Dagenham,2025-04,burglary,64
Barking and Dagenham,2025-04,criminal-damage-arson,66
Barking and Dagenham,2025-04,drugs,48
Barking and Dagenham,2025-04,miscellaneous-incidents,6
Barking and Dagenham,2025-04,other-theft,52
Barking and Dagenham,2025-04,possession-of-weapons,8
Barking and Dagenham,2025-04,public-order,24
Barking and Dagenham,2025-04,robbery,12
Barking and Dagenham,2025-04,shoplifting,57
Barking and Dagenham,2025-04,theft-from-the-person,112
Barking and Dagenham,2025-04,vehicle-crime,76
Barking and Dagenham,2025-04,violence-and-sexual-offences,206
Barking and Dagenham,2025-05,anti-social-behaviour,148
Barking and Dagenham,2025-05,bicycle-theft,9
Barking and Dagenham,2025-05,burglary,55
Barking and Dagenham,2025-05,criminal-damage-arson,68
Barking and Dagenham,2025-05,drugs,37
Barking and Dagenham,2025-05,miscellaneous-incidents,3
Barking and Dagenham,2025-05,other-theft,41
Barking and Dagenham,2025-05,possession-of-weapons,9
Barking and Dagenham,2025-05,public-order,30
Barking and Dagenham,2025-05,robbery,19
Barking and Dagenham,2025-05,shoplifting,60
Barking and Dagenham,2025-05,theft-from-the-person,119
Barking and Dagenham,2025-05,vehicle-crime,76
Barking and Dagenham,2025-05,violence-and-sexual-offences,240
Barking and Dagenham,2025-06,anti-social-behaviour,130
Barking and Dagenham,2025-06,bicycle-theft,10
Barking and Dagenham,2025-06,burglary,46
Barking and Dagenham,2025-06,criminal-damage-arson,68
Barking and Dagenham,2025-06,drugs,38
Barking and Dagenham,2025-06,miscellaneous-incidents,6
Barking and Dagenham,2025-06,other-theft,53
Barking and Dagenham,2025-06,possession-of-weapons,3
Barking and Dagenham,2025-06,public-order,36
Barking and Dagenham,2025-06,robbery,15
Barking and Dagenham,2025-06,shoplifting,56
Barking and Dagenham,2025-06,theft-from-the-person,119
Barking and Dagenham,2025-06,vehicle-crime,76
Barking and Dagenham,2025-06,violence-and-sexual-offences,221
Barking and Dagenham,2025-07,anti-social-behaviour,147
Barking and Dagenham,2025-07,bicycle-theft,4
Barking and Dagenham,2025-07,burglary,55
Barking and Dagenham,2025-07,criminal-damage-arson,82
Barking and Dagenham,2025-07,drugs,35
Barking and Dagenham,2025-07,miscellaneous-incidents,1
Barking and Dagenham,2025-07,other-theft,43
Barking and Dagenham,2025-07,possession-of-weapons,10
Barking and Dagenham,2025-07,public-order,26
Barking and Dagenham,2025-07,robbery,17
Barking and Dagenham,2025-07,shoplifting,58
Barking and Dagenham,2025-07,theft-from-the-person,125
Barking and Dagenham,2025-07,vehicle-crime,81
Barking and Dagenham,2025-07,violence-and-sexual-offences,242
Barking and Dagenham,2025-08,anti-social-behaviour,122
Barking and Dagenham,2025-08,bicycle-theft,12
Barking and Dagenham,2025-08,burglary,59
Barking and Dagenham,2025-08,criminal-damage-arson,67
Barking and Dagenham,2025-08,drugs,45
Barking and Dagenham,2025-08,miscellaneous-incidents,3
Barking and Dagenham,2025-08,other-theft,59
Barking and Dagenham,2025-08,possession-of-weapons,9
Barking and Dagenham,2025-08,public-order,26
Barking and Dagenham,2025-08,robbery,21
Barking and Dagenham,2025-08,shoplifting,58
Barking and Dagenham,2025-08,theft-from-the-person,94
Barking and Dagenham,2025-08,vehicle-crime,72
Barking and Dagenham,2025-08,violence-and-sexual-offences,199
Barking and Dagenham,2025-09,anti-social-behaviour,110
Barking and Dagenham,2025-09,bicycle-theft,4
Barking and Dagenham,2025-09,burglary,66
Barking and Dagenham,2025-09,criminal-damage-arson,75
Barking and Dagenham,2025-09,drugs,45
Barking and Dagenham,2025-09,miscellaneous-incidents,5
Barking and Dagenham,2025-09,other-theft,50
Barking and Dagenham,2025-09,possession-of-weapons,4
Barking and Dagenham,2025-09,public-order,24
Barking and Dagenham,2025-09,robbery,19
Barking and Dagenham,2025-09,shoplifting,60
Barking and Dagenham,2025-09,theft-from-the-person,101
Barking and Dagenham,2025-09,vehicle-crime,105
Barking and Dagenham,2025-09,violence-and-sexual-offences,191
Barking and Dagenham,2025-10,anti-social-behaviour,103
Barking and Dagenham,2025-10,bicycle-theft,6
Barking and Dagenham,2025-10,burglary,89
Barking and Dagenham,2025-10,criminal-damage-arson,59
Barking and Dagenham,2025-10,drugs,41
Barking and Dagenham,2025-10,miscellaneous-incidents,4
Barking and Dagenham,2025-10,other-theft,51
Barking and Dagenham,2025-10,possession-of-weapons,12
Barking and Dagenham,2025-10,public-order,29
Barking and Dagenham,2025-10,robbery,20
Barking and Dagenham,2025-10,shoplifting,65
Barking and Dagenham,2025-10,theft-from-the-person,75
Barking and Dagenham,2025-10,vehicle-crime,100
Barking and Dagenham,2025-10,violence-and-sexual-offences,144
Barking and Dagenham,2025-11,anti-social-behaviour,98
Barking and Dagenham,2025-11,bicycle-theft,9
Barking and Dagenham,2025-11,burglary,75
Barking and Dagenham,2025-11,criminal-damage-arson,61
Barking and Dagenham,2025-11,drugs,52
Barking and Dagenham,2025-11,miscellaneous-incidents,5
Barking and Dagenham,2025-11,other-theft,51
Barking and Dagenham,2025-11,possession-of-weapons,6
Barking and Dagenham,2025-11,public-order,29
Barking and Dagenham,2025-11,robbery,17
Barking and Dagenham,2025-11,shoplifting,63
Barking and Dagenham,2025-11,theft-from-the-person,73
Barking and Dagenham,2025-11,vehicle-crime,91
Barking and Dagenham,2025-11,violence-and-sexual-offences,153
Barking and Dagenham,2025-12,anti-social-behaviour,91
Barking and Dagenham,2025-12,bicycle-theft,6
Barking and Dagenham,2025-12,burglary,75
Barking and Dagenham,2025-12,criminal-damage-arson,66
Barking and Dagenham,2025-12,drugs,46
Barking and Dagenham,2025-12,miscellaneous-incidents,3
Barking and Dagenham,2025-12,other-theft,56
Barking and Dagenham,2025-12,possession-of-weapons,14
Barking and Dagenham,2025-12,public-order,35
Barking and Dagenham,2025-12,robbery,13
Barking and Dagenham,2025-12,shoplifting,51
Barking and Dagenham,2025-12,theft-from-the-person,65
Barking and Dagenham,2025-12,vehicle-crime,75
Barking and Dagenham,2025-12,violence-and-sexual-offences,150
Barnet,2024-01,anti-social-behaviour,75
Barnet,2024-01,bicycle-theft,4
Barnet,2024-01,burglary,77
Barnet,2024-01,criminal-damage-arson,63
Barnet,2024-01,drugs,33
Barnet,2024-01,miscellaneous-incidents,2
Barnet,2024-01,other-theft,48
Barnet,2024-01,possession-of-weapons,4
Barnet,2024-01,public-order,24
Barnet,2024-01,robbery,11
Barnet,2024-01,shoplifting,53
Barnet,2024-01,theft-from-the-person,79
Barnet,2024-01,vehicle-crime,73
Barnet,2024-01,violence-and-sexual-offences,133
Barnet,2024-02,anti-social-behaviour,80
Barnet,2024-02,bicycle-theft,7
Barnet,2024-02,burglary,74
Barnet,2024-02,criminal-damage-arson,76
Barnet,2024-02,drugs,38
Barnet,2024-02,miscellaneous-incidents,1
Barnet,2024-02,other-theft,39
Barnet,2024-02,possession-of-weapons,8
Barnet,2024-02,public-order,22
Barnet,2024-02,robbery,19
Barnet,2024-02,shoplifting,58
Barnet,2024-02,theft-from-the-person,73
Barnet,2024-02,vehicle-crime,95
Barnet,2024-02,violence-and-sexual-offences,128
Barnet,2024-03,anti-social-behaviour,102
Barnet,2024-03,bicycle-theft,2
Barnet,2024-03,burglary,49
Barnet,2024-03,criminal-damage-arson,52
Barnet,2024-03,drugs,31
Barnet,2024-03,miscellaneous-incidents,3
Barnet,2024-03,other-theft,51
Barnet,2024-03,possession-of-weapons,9
Barnet,2024-03,public-order,23
Barnet,2024-03,robbery,21
Barnet,2024-03,shoplifting,53
Barnet,2024-03,theft-from-the-person,85
Barnet,2024-03,vehicle-crime,69
Barnet,2024-03,violence-and-sexual-offences,153
Barnet,2024-04,anti-social-behaviour,98
Barnet,2024-04,bicycle-theft,5
Barnet,2024-04,burglary,53
Barnet,2024-04,criminal-damage-arson,50
Barnet,2024-04,drugs,36
Barnet,2024-04,miscellaneous-incidents,2
Barnet,2024-04,other-theft,47
Barnet,2024-04,possession-of-weapons,8
Barnet,2024-04,public-order,20
Barnet,2024-04,robbery,17
Barnet,2024-04,shoplifting,56
Barnet,2024-04,theft-from-the-person,102
Barnet,2024-04,vehicle-crime,75
Barnet,2024-04,violence-and-sexual-offences,207
Barnet,2024-05,anti-social-behaviour,130
Barnet,2024-05,bicycle-theft,7
Barnet,2024-05,burglary,46
Barnet,2024-05,criminal-damage-arson,56
Barnet,2024-05,drugs,30
Barnet,2024-05,miscellaneous-incidents,2
Barnet,2024-05,other-theft,46
Barnet,2024-05,possession-of-weapons,10
Barnet,2024-05,public-order,20
Barnet,2024-05,robbery,16
Barnet,2024-05,shoplifting,43
Barnet,2024-05,theft-from-the-person,102
Barnet,2024-05,vehicle-crime,48
Barnet,2024-05,violence-and-sexual-offences,192
Barnet,2024-06,anti-social-behaviour,133
Barnet,2024-06,bicycle-theft,8
Barnet,2024-06,burglary,41
Barnet,2024-06,criminal-damage-arson,59
Barnet,2024-06,drugs,36
Barnet,2024-06,miscellaneous-incidents,1
Barnet,2024-06,other-theft,60
Barnet,2024-06,possession-of-weapons,7
Barnet,2024-06,public-order,24
Barnet,2024-06,robbery,8
Barnet,2024-06,shoplifting,53
Barnet,2024-06,theft-from-the-person,115
Barnet,2024-06,vehicle-crime,58
Barnet,2024-06,violence-and-sexual-offences,201
Barnet,2024-07,anti-social-behaviour,113
Barnet,2024-07,bicycle-theft,10
Barnet,2024-07,burglary,48
Barnet,2024-07,criminal-damage-arson,54
Barnet,2024-07,drugs,37
Barnet,2024-07,miscellaneous-incidents,1
Barnet,2024-07,other-theft,42
Barnet,2024-07,possession-of-weapons,11
Barnet,2024-07,public-order,12
Barnet,2024-07,robbery,19
Barnet,2024-07,shoplifting,57
Barnet,2024-07,theft-from-the-person,105
Barnet,2024-07,vehicle-crime,71
Barnet,2024-07,violence-and-sexual-offences,197
Barnet,2024-08,anti-social-behaviour,107
Barnet,2024-08,bicycle-theft,13
Barnet,2024-08,burglary,49
Barnet,2024-08,criminal-damage-arson,57
Barnet,2024-08,drugs,39
Barnet,2024-08,miscellaneous-incidents,5
Barnet,2024-08,other-theft,41
Barnet,2024-08,possession-of-weapons,9
Barnet,2024-08,public-order,22
Barnet,2024-08,robbery,15
Barnet,2024-08,shoplifting,50
Barnet,2024-08,theft-from-the-person,105
Barnet,2024-08,vehicle-crime,59
Barnet,2024-08,violence-and-sexual-offences,184
Barnet,2024-09,anti-social-behaviour,125
Barnet,2024-09,bicycle-theft,9
Barnet,2024-09,burglary,58
Barnet,2024-09,criminal-damage-arson,49
Barnet,2024-09,drugs,39
Barnet,2024-09,miscellaneous-incidents,2
Barnet,2024-09,other-theft,42
Barnet,2024-09,possession-of-weapons,8
Barnet,2024-09,public-order,21
Barnet,2024-09,robbery,16
Barnet,2024-09,shoplifting,54
Barnet,2024-09,theft-from-the-person,84
Barnet,2024-09,vehicle-crime,73
Barnet,2024-09,violence-and-sexual-offences,144
Barnet,2024-10,anti-social-behaviour,100
Barnet,2024-10,bicycle-theft,10
Barnet,2024-10,burglary,67
Barnet,2024-10,criminal-damage-arson,59
Barnet,2024-10,drugs,50
Barnet,2024-10,miscellaneous-incidents,4
Barnet,2024-10,other-theft,44
Barnet,2024-10,possession-of-weapons,12
Barnet,2024-10,public-order,22
Barnet,2024-10,robbery,11
Barnet,2024-10,shoplifting,44
Barnet,2024-10,theft-from-the-person,74
Barnet,2024-10,vehicle-crime,68
Barnet,2024-10,violence-and-sexual-offences,140
Barnet,2024-11,anti-social-behaviour,87
Barnet,2024-11,bicycle-theft,6
Barnet,2024-11,burglary,69
Barnet,2024-11,criminal-damage-arson,51
Barnet,2024-11,drugs,39
Barnet,2024-11,miscellaneous-incidents,3
Barnet,2024-11,other-theft,44
Barnet,2024-11,possession-of-weapons,7
Barnet,2024-11,public-order,21
Barnet,2024-11,robbery,14
Barnet,2024-11,shoplifting,56
Barnet,2024-11,theft-from-the-person,66
Barnet,2024-11,vehicle-crime,87
Barnet,2024-11,violence-and-sexual-offences,142
Barnet,2024-12,anti-social-behaviour,72
Barnet,2024-12,bicycle-theft,6
Barnet,2024-12,burglary,66
Barnet,2024-12,criminal-damage-arson,51
Barnet,2024-12,drugs,36
Barnet,2024-12,miscellaneous-incidents,3
Barnet,2024-12,other-theft,46
Barnet,2024-12,possession-of-weapons,12
Barnet,2024-12,public-order,22
Barnet,2024-12,robbery,22
Barnet,2024-12,shoplifting,49
Barnet,2024-12,theft-from-the-person,63
Barnet,2024-12,vehicle-crime,70
Barnet,2024-12,violence-and-sexual-offences,121
Barnet,2025-01,anti-social-behaviour,75
Barnet,2025-01,bicycle-theft,8
Barnet,2025-01,burglary,79
Barnet,2025-01,criminal-damage-arson,54
Barnet,2025-01,drugs,34
Barnet,2025-01,miscellaneous-incidents,4
Barnet,2025-01,other-theft,54
Barnet,2025-01,possession-of-weapons,16
Barnet,2025-01,public-order,23
Barnet,2025-01,robbery,16
Barnet,2025-01,shoplifting,43
Barnet,2025-01,theft-from-the-person,52
Barnet,2025-01,vehicle-crime,75
Barnet,2025-01,violence-and-sexual-offences,120
Barnet,2025-02,anti-social-behaviour,110
Barnet,2025-02,bicycle-theft,6
Barnet,2025-02,burglary,76
Barnet,2025-02,criminal-damage-arson,54
Barnet,2025-02,drugs,41
Barnet,2025-02,miscellaneous-incidents,2
Barnet,2025-02,other-theft,31
Barnet,2025-02,possession-of-weapons,13
Barnet,2025-02,public-order,14
Barnet,2025-02,robbery,16
Barnet,2025-02,shoplifting,43
Barnet,2025-02,theft-from-the-person,87
Barnet,2025-02,vehicle-crime,93
Barnet,2025-02,violence-and-sexual-offences,169
Barnet,2025-03,anti-social-behaviour,104
Barnet,2025-03,bicycle-theft,10
Barnet,2025-03,burglary,53
Barnet,2025-03,criminal-damage-arson,68
Barnet,2025-03,drugs,36
Barnet,2025-03,miscellaneous-incidents,6
Barnet,2025-03,other-theft,33
Barnet,2025-03,possession-of-weapons,7
Barnet,2025-03,public-order,16
Barnet,2025-03,robbery,12
Barnet,2025-03,shoplifting,54
Barnet,2025-03,theft-from-the-person,103
Barnet,2025-03,vehicle-crime,79
Barnet,2025-03,violence-and-sexual-offences,163
Barnet,2025-04,anti-social-behaviour,109
Barnet,2025-04,bicycle-theft,7
Barnet,2025-04,burglary,55
Barnet,2025-04,criminal-damage-arson,65
Barnet,2025-04,drugs,44
Barnet,2025-04,miscellaneous-incidents,6
Barnet,2025-04,other-theft,44
Barnet,2025-04,possession-of-weapons,9
Barnet,2025-04,public-order,19
Barnet,2025-04,robbery,22
Barnet,2025-04,shoplifting,51
Barnet,2025-04,theft-from-the-person,117
Barnet,2025-04,vehicle-crime,71
Barnet,2025-04,violence-and-sexual-offences,179
Barnet,2025-05,anti-social-behaviour,120
Barnet,2025-05,bicycle-theft,5
Barnet,2025-05,burglary,51
Barnet,2025-05,criminal-damage-arson,58
Barnet,2025-05,drugs,36
Barnet,2025-05,miscellaneous-incidents,1
Barnet,2025-05,other-theft,50
Barnet,2025-05,possession-of-weapons,9
Barnet,2025-05,public-order,18
Barnet,2025-05,robbery,16
Barnet,2025-05,shoplifting,63
Barnet,2025-05,theft-from-the-person,127
Barnet,2025-05,vehicle-crime,48
Barnet,2025-05,violence-and-sexual-offences,191
Barnet,2025-06,anti-social-behaviour,138
Barnet,2025-06,bicycle-theft,6
Barnet,2025-06,burglary,56
Barnet,2025-06,criminal-damage-arson,59
Barnet,2025-06,drugs,30
Barnet,2025-06,miscellaneous-incidents,4
Barnet,2025-06,other-theft,32
Barnet,2025-06,possession-of-weapons,5
Barnet,2025-06,public-order,26
Barnet,2025-06,robbery,15
Barnet,2025-06,shoplifting,49
Barnet,2025-06,theft-from-the-person,101
Barnet,2025-06,vehicle-crime,69
Barnet,2025-06,violence-and-sexual-offences,197
Barnet,2025-07,anti-social-behaviour,127
Barnet,2025-07,bicycle-theft,9
Barnet,2025-07,burglary,57
Barnet,2025-07,criminal-damage-arson,60
Barnet,2025-07,drugs,40
Barnet,2025-07,miscellaneous-incidents,4
Barnet,2025-07,other-theft,64
Barnet,2025-07,possession-of-weapons,4
Barnet,2025-07,public-order,22
Barnet,2025-07,robbery,10
Barnet,2025-07,shoplifting,60
Barnet,2025-07,theft-from-the-person,119
Barnet,2025-07,vehicle-crime,66
Barnet,2025-07,violence-and-sexual-offences,197
Barnet,2025-08,anti-social-behaviour,117
Barnet,2025-08,bicycle-theft,6
Barnet,2025-08,burglary,44
Barnet,2025-08,criminal-damage-arson,45
Barnet,2025-08,drugs,33
Barnet,2025-08,miscellaneous-incidents,1
Barnet,2025-08,other-theft,44
Barnet,2025-08,possession-of-weapons,5
Barnet,2025-08,public-order,27
Barnet,2025-08,robbery,15
Barnet,2025-08,shoplifting,59
Barnet,2025-08,theft-from-the-person,96
Barnet,2025-08,vehicle-crime,63
Barnet,2025-08,violence-and-sexual-offences,194
Barnet,2025-09,anti-social-behaviour,91
Barnet,2025-09,bicycle-theft,6
Barnet,2025-09,burglary,51
Barnet,2025-09,criminal-damage-arson,55
Barnet,2025-09,drugs,33
Barnet,2025-09,miscellaneous-incidents,8
Barnet,2025-09,other-theft,39
Barnet,2025-09,possession-of-weapons,8
Barnet,2025-09,public-order,33
Barnet,2025-09,robbery,10
Barnet,2025-09,shoplifting,54
Barnet,2025-09,theft-from-the-person,96
Barnet,2025-09,vehicle-crime,68
Barnet,2025-09,violence-and-sexual-offences,170
Barnet,2025-10,anti-social-behaviour,76
Barnet,2025-10,bicycle-theft,7
Barnet,2025-10,burglary,71
Barnet,2025-10,criminal-damage-arson,46
Barnet,2025-10,drugs,28
Barnet,2025-10,miscellaneous-incidents,5
Barnet,2025-10,other-theft,47
Barnet,2025-10,possession-of-weapons,6
Barnet,2025-10,public-order,19
Barnet,2025-10,robbery,18
Barnet,2025-10,shoplifting,52
Barnet,2025-10,theft-from-the-person,94
Barnet,2025-10,vehicle-crime,88
Barnet,2025-10,violence-and-sexual-offences,143
Barnet,2025-11,anti-social-behaviour,74
Barnet,2025-11,bicycle-theft,8
Barnet,2025-11,burglary,62
Barnet,2025-11,criminal-damage-arson,59
Barnet,2025-11,drugs,34
Barnet,2025-11,miscellaneous-incidents,3
Barnet,2025-11,other-theft,45
Barnet,2025-11,possession-of-weapons,7
Barnet,2025-11,public-order,16
Barnet,2025-11,robbery,11
Barnet,2025-11,shoplifting,51
Barnet,2025-11,theft-from-the-person,62
Barnet,2025-11,vehicle-crime,108
Barnet,2025-11,violence-and-sexual-offences,125
Barnet,2025-12,anti-social-behaviour,84
Barnet,2025-12,bicycle-theft,4
Barnet,2025-12,burglary,82
Barnet,2025-12,criminal-damage-arson,70
Barnet,2025-12,drugs,50
Barnet,2025-12,miscellaneous-incidents,2
Barnet,2025-12,other-theft,43
Barnet,2025-12,possession-of-weapons,8
Barnet,2025-12,public-order,24
Barnet,2025-12,robbery,15
Barnet,2025-12,shoplifting,56
Barnet,2025-12,theft-from-the-person,58
Barnet,2025-12,vehicle-crime,71
Barnet,2025-12,violence-and-sexual-offences,133
Bexley,2024-01,anti-social-behaviour,67
Bexley,2024-01,bicycle-theft,6
Bexley,2024-01,burglary,56
Bexley,2024-01,criminal-damage-arson,49
Bexley,2024-01,drugs,28
Bexley,2024-01,miscellaneous-incidents,1
Bexley,2024-01,other-theft,38
Bexley,2024-01,possession-of-weapons,2
Bexley,2024-01,public-order,26
Bexley,2024-01,robbery,12
Bexley,2024-01,shoplifting,35
Bexley,2024-01,theft-from-the-person,60
Bexley,2024-01,vehicle-crime,59
Bexley,2024-01,violence-and-sexual-offences,110
Bexley,2024-02,anti-social-behaviour,86
Bexley,2024-02,bicycle-theft,7
Bexley,2024-02,burglary,67
Bexley,2024-02,criminal-damage-arson,46
Bexley,2024-02,drugs,29
Bexley,2024-02,miscellaneous-incidents,4
Bexley,2024-02,other-theft,33
Bexley,2024-02,possession-of-weapons,6
Bexley,2024-02,public-order,23
Bexley,2024-02,robbery,8
Bexley,2024-02,shoplifting,37
Bexley,2024-02,theft-from-the-person,56
Bexley,2024-02,vehicle-crime,54
Bexley,2024-02,violence-and-sexual-offences,129
Bexley,2024-03,anti-social-behaviour,91
Bexley,2024-03,bicycle-theft,2
Bexley,2024-03,burglary,50
Bexley,2024-03,criminal-damage-arson,55
Bexley,2024-03,drugs,30
Bexley,2024-03,miscellaneous-incidents,4
Bexley,2024-03,other-theft,25
Bexley,2024-03,possession-of-weapons,12
Bexley,2024-03,public-order,18
Bexley,2024-03,robbery,15
Bexley,2024-03,shoplifting,38
Bexley,2024-03,theft-from-the-person,74
Bexley,2024-03,vehicle-crime,66
Bexley,2024-03,violence-and-sexual-offences,145
Bexley,2024-04,anti-social-behaviour,100
Bexley,2024-04,bicycle-theft,7
Bexley,2024-04,burglary,46
Bexley,2024-04,criminal-damage-arson,51
Bexley,2024-04,drugs,22
Bexley,2024-04,miscellaneous-incidents,3
Bexley,2024-04,other-theft,27
Bexley,2024-04,possession-of-weapons,10
Bexley,2024-04,public-order,12
Bexley,2024-04,robbery,7
Bexley,2024-04,shoplifting,65
Bexley,2024-04,theft-from-the-person,70
Bexley,2024-04,vehicle-crime,48
Bexley,2024-04,violence-and-sexual-offences,134
Bexley,2024-05,anti-social-behaviour,107
Bexley,2024-05,bicycle-theft,4
Bexley,2024-05,burglary,46
Bexley,2024-05,criminal-damage-arson,49
Bexley,2024-05,drugs,25
Bexley,2024-05,miscellaneous-incidents,4
Bexley,2024-05,other-theft,32
Bexley,2024-05,possession-of-weapons,7
Bexley,2024-05,public-order,14
Bexley,2024-05,robbery,12
Bexley,2024-05,shoplifting,62
Bexley,2024-05,theft-from-the-person,110
Bexley,2024-05,vehicle-crime,44
Bexley,2024-05,violence-and-sexual-offences,165
Bexley,2024-06,anti-social-behaviour,115
Bexley,2024-06,bicycle-theft,2
Bexley,2024-06,burglary,26
Bexley,2024-06,criminal-damage-arson,50
Bexley,2024-06,drugs,33
Bexley,2024-06,miscellaneous-incidents,1
Bexley,2024-06,other-theft,27
Bexley,2024-06,possession-of-weapons,1
Bexley,2024-06,public-order,26
Bexley,2024-06,robbery,14
Bexley,2024-06,shoplifting,53
Bexley,2024-06,theft-from-the-person,89
Bexley,2024-06,vehicle-crime,45
Bexley,2024-06,violence-and-sexual-offences,196
Bexley,2024-07,anti-social-behaviour,97
Bexley,2024-07,bicycle-theft,6
Bexley,2024-07,burglary,31
Bexley,2024-07,criminal-damage-arson,61
Bexley,2024-07,drugs,30
Bexley,2024-07,miscellaneous-incidents,6
Bexley,2024-07,other-theft,34
Bexley,2024-07,possession-of-weapons,2
Bexley,2024-07,public-order,17
Bexley,2024-07,robbery,8
Bexley,2024-07,shoplifting,38
Bexley,2024-07,theft-from-the-person,87
Bexley,2024-07,vehicle-crime,60
Bexley,2024-07,violence-and-sexual-offences,165
Bexley,2024-08,anti-social-behaviour,101
Bexley,2024-08,bicycle-theft,3
Bexley,2024-08,burglary,49
Bexley,2024-08,criminal-damage-arson,53
Bexley,2024-08,drugs,27
Bexley,2024-08,miscellaneous-incidents,1
Bexley,2024-08,other-theft,31
Bexley,2024-08,possession-of-weapons,7
Bexley,2024-08,public-order,16
Bexley,2024-08,robbery,17
Bexley,2024-08,shoplifting,46
Bexley,2024-08,theft-from-the-person,79
Bexley,2024-08,vehicle-crime,61
Bexley,2024-08,violence-and-sexual-offences,132
Bexley,2024-09,anti-social-behaviour,89
Bexley,2024-09,bicycle-theft,5
Bexley,2024-09,burglary,53
Bexley,2024-09,criminal-damage-arson,51
Bexley,2024-09,drugs,33
Bexley,2024-09,miscellaneous-incidents,4
Bexley,2024-09,other-theft,40
Bexley,2024-09,possession-of-weapons,3
Bexley,2024-09,public-order,17
Bexley,2024-09,robbery,11
Bexley,2024-09,shoplifting,48
Bexley,2024-09,theft-from-the-person,73
Bexley,2024-09,vehicle-crime,67
Bexley,2024-09,violence-and-sexual-offences,113
Bexley,2024-10,anti-social-behaviour,74
Bexley,2024-10,bicycle-theft,7
Bexley,2024-10,burglary,59
Bexley,2024-10,criminal-damage-arson,47
Bexley,2024-10,drugs,37
Bexley,2024-10,miscellaneous-incidents,7
Bexley,2024-10,other-theft,36
Bexley,2024-10,possession-of-weapons,11
Bexley,2024-10,public-order,10
Bexley,2024-10,robbery,12
Bexley,2024-10,shoplifting,46
Bexley,2024-10,theft-from-the-person,58
Bexley,2024-10,vehicle-crime,69
Bexley,2024-10,violence-and-sexual-offences,116
Bexley,2024-11,anti-social-behaviour,64
Bexley,2024-11,bicycle-theft,5
Bexley,2024-11,burglary,50
Bexley,2024-11,criminal-damage-arson,53
Bexley,2024-11,drugs,29
Bexley,2024-11,miscellaneous-incidents,4
Bexley,2024-11,other-theft,28
Bexley,2024-11,possession-of-weapons,8
Bexley,2024-11,public-order,14
Bexley,2024-11,robbery,15
Bexley,2024-11,shoplifting,39
Bexley,2024-11,theft-from-the-person,70
Bexley,2024-11,vehicle-crime,69
Bexley,2024-11,violence-and-sexual-offences,115
Bexley,2024-12,anti-social-behaviour,62
Bexley,2024-12,bicycle-theft,6
Bexley,2024-12,burglary,59
Bexley,2024-12,criminal-damage-arson,45
Bexley,2024-12,drugs,30
Bexley,2024-12,miscellaneous-incidents,6
Bexley,2024-12,other-theft,28
Bexley,2024-12,possession-of-weapons,10
Bexley,2024-12,public-order,18
Bexley,2024-12,robbery,11
Bexley,2024-12,shoplifting,38
Bexley,2024-12,theft-from-the-person,70
Bexley,2024-12,vehicle-crime,59
Bexley,2024-12,violence-and-sexual-offences,93
Bexley,2025-01,anti-social-behaviour,62
Bexley,2025-01,bicycle-theft,5
Bexley,2025-01,burglary,57
Bexley,2025-01,criminal-damage-arson,45
Bexley,2025-01,drugs,34
Bexley,2025-01,miscellaneous-incidents,7
Bexley,2025-01,other-theft,42
Bexley,2025-01,possession-of-weapons,6
Bexley,2025-01,public-order,16
Bexley,2025-01,robbery,14
Bexley,2025-01,shoplifting,36
Bexley,2025-01,theft-from-the-person,48
Bexley,2025-01,vehicle-crime,77
Bexley,2025-01,violence-and-sexual-offences,99
Bexley,2025-02,anti-social-behaviour,70
Bexley,2025-02,bicycle-theft,4
Bexley,2025-02,burglary,54
Bexley,2025-02,criminal-damage-arson,36
Bexley,2025-02,drugs,29
Bexley,2025-02,miscellaneous-incidents,3
Bexley,2025-02,other-theft,33
Bexley,2025-02,possession-of-weapons,5
Bexley,2025-02,public-order,20
Bexley,2025-02,robbery,7
Bexley,2025-02,shoplifting,42
Bexley,2025-02,theft-from-the-person,65
Bexley,2025-02,vehicle-crime,72
Bexley,2025-02,violence-and-sexual-offences,91
Bexley,2025-03,anti-social-behaviour,91
Bexley,2025-03,bicycle-theft,7
Bexley,2025-03,burglary,49
Bexley,2025-03,criminal-damage-arson,67
Bexley,2025-03,drugs,35
Bexley,2025-03,miscellaneous-incidents,7
Bexley,2025-03,other-theft,33
Bexley,2025-03,possession-of-weapons,6
Bexley,2025-03,public-order,13
Bexley,2025-03,robbery,17
Bexley,2025-03,shoplifting,42
Bexley,2025-03,theft-from-the-person,75
Bexley,2025-03,vehicle-crime,68
Bexley,2025-03,violence-and-sexual-offences,136
Bexley,2025-04,anti-social-behaviour,84
Bexley,2025-04,bicycle-theft,3
Bexley,2025-04,burglary,44
Bexley,2025-04,criminal-damage-arson,46
Bexley,2025-04,drugs,28
Bexley,2025-04,miscellaneous-incidents,5
Bexley,2025-04,other-theft,32
Bexley,2025-04,possession-of-weapons,4
Bexley,2025-04,public-order,16
Bexley,2025-04,robbery,7
Bexley,2025-04,shoplifting,29
Bexley,2025-04,theft-from-the-person,84
Bexley,2025-04,vehicle-crime,60
Bexley,2025-04,violence-and-sexual-offences,144
Bexley,2025-05,anti-social-behaviour,111
Bexley,2025-05,bicycle-theft,6
Bexley,2025-05,burglary,36
Bexley,2025-05,criminal-damage-arson,41
Bexley,2025-05,drugs,28
Bexley,2025-05,miscellaneous-incidents,5
Bexley,2025-05,other-theft,30
Bexley,2025-05,possession-of-weapons,7
Bexley,2025-05,public-order,19
Bexley,2025-05,robbery,15
Bexley,2025-05,shoplifting,42
Bexley,2025-05,theft-from-the-person,80
Bexley,2025-05,vehicle-crime,75
Bexley,2025-05,violence-and-sexual-offences,171
Bexley,2025-06,anti-social-behaviour,111
Bexley,2025-06,bicycle-theft,7
Bexley,2025-06,burglary,29
Bexley,2025-06,criminal-damage-arson,43
Bexley,2025-06,drugs,28
Bexley,2025-06,miscellaneous-incidents,2
Bexley,2025-06,other-theft,33
Bexley,2025-06,possession-of-weapons,8
Bexley,2025-06,public-order,18
Bexley,2025-06,robbery,15
Bexley,2025-06,shoplifting,37
Bexley,2025-06,theft-from-the-person,89
Bexley,2025-06,vehicle-crime,52
Bexley,2025-06,violence-and-sexual-offences,145
Bexley,2025-07,anti-social-behaviour,97
Bexley,2025-07,bicycle-theft,7
Bexley,2025-07,burglary,38
Bexley,2025-07,criminal-damage-arson,53
Bexley,2025-07,drugs,40
Bexley,2025-07,miscellaneous-incidents,3
Bexley,2025-07,other-theft,48
Bexley,2025-07,possession-of-weapons,11
Bexley,2025-07,public-order,18
Bexley,2025-07,robbery,12
Bexley,2025-07,shoplifting,41
Bexley,2025-07,theft-from-the-person,87
Bexley,2025-07,vehicle-crime,59
Bexley,2025-07,violence-and-sexual-offences,158
Bexley,2025-08,anti-social-behaviour,99
Bexley,2025-08,bicycle-theft,4
Bexley,2025-08,burglary,70
Bexley,2025-08,criminal-damage-arson,54
Bexley,2025-08,drugs,37
Bexley,2025-08,miscellaneous-incidents,3
Bexley,2025-08,other-theft,28
Bexley,2025-08,possession-of-weapons,7
Bexley,2025-08,public-order,13
Bexley,2025-08,robbery,8
Bexley,2025-08,shoplifting,44
Bexley,2025-08,theft-from-the-person,80
Bexley,2025-08,vehicle-crime,61
Bexley,2025-08,violence-and-sexual-offences,150
Bexley,2025-09,anti-social-behaviour,74
Bexley,2025-09,bicycle-theft,7
Bexley,2025-09,burglary,49
Bexley,2025-09,criminal-damage-arson,42
Bexley,2025-09,drugs,25
Bexley,2025-09,miscellaneous-incidents,3
Bexley,2025-09,other-theft,36
Bexley,2025-09,possession-of-weapons,9
Bexley,2025-09,public-order,14
Bexley,2025-09,robbery,12
Bexley,2025-09,shoplifting,38
Bexley,2025-09,theft-from-the-person,76
Bexley,2025-09,vehicle-crime,70
Bexley,2025-09,violence-and-sexual-offences,113
Bexley,2025-10,anti-social-behaviour,65
Bexley,2025-10,bicycle-theft,4
Bexley,2025-10,burglary,51
Bexley,2025-10,criminal-damage-arson,51
Bexley,2025-10,drugs,32
Bexley,2025-10,miscellaneous-incidents,2
Bexley,2025-10,other-theft,34
Bexley,2025-10,possession-of-weapons,10
Bexley,2025-10,public-order,24
Bexley,2025-10,robbery,14
Bexley,2025-10,shoplifting,38
Bexley,2025-10,theft-from-the-person,51
Bexley,2025-10,vehicle-crime,79
Bexley,2025-10,violence-and-sexual-offences,126
Bexley,2025-11,anti-social-behaviour,56
Bexley,2025-11,bicycle-theft,4
Bexley,2025-11,burglary,56
Bexley,2025-11,criminal-damage-arson,48
Bexley,2025-11,drugs,27
Bexley,2025-11,miscellaneous-incidents,2
Bexley,2025-11,other-theft,33
Bexley,2025-11,possession-of-weapons,8
Bexley,2025-11,public-order,18
Bexley,2025-11,robbery,13
Bexley,2025-11,shoplifting,57
Bexley,2025-11,theft-from-the-person,52
Bexley,2025-11,vehicle-crime,75
Bexley,2025-11,violence-and-sexual-offences,122
Bexley,2025-12,anti-social-behaviour,57
Bexley,2025-12,bicycle-theft,6
Bexley,2025-12,burglary,56
Bexley,2025-12,criminal-damage-arson,44
Bexley,2025-12,drugs,32
Bexley,2025-12,miscellaneous-incidents,3
Bexley,2025-12,other-theft,43
Bexley,2025-12,possession-of-weapons,3
Bexley,2025-12,public-order,16
Bexley,2025-12,robbery,17
Bexley,2025-12,shoplifting,41
Bexley,2025-12,theft-from-the-person,55
Bexley,2025-12,vehicle-crime,72
Bexley,2025-12,violence-and-sexual-offences,101
Brent,2024-01,anti-social-behaviour,106
Brent,2024-01,bicycle-theft,11
Brent,2024-01,burglary,103
Brent,2024-01,criminal-damage-arson,75
Brent,2024-01,drugs,59
Brent,2024-01,miscellaneous-incidents,4
Brent,2024-01,other-theft,73
Brent,2024-01,possession-of-weapons,10
Brent,2024-01,public-order,27
Brent,2024-01,robbery,25
Brent,2024-01,shoplifting,79
Brent,2024-01,theft-from-the-person,106
Brent,2024-01,vehicle-crime,137
Brent,2024-01,violence-and-sexual-offences,182
Brent,2024-02,anti-social-behaviour,140
Brent,2024-02,bicycle-theft,5
Brent,2024-02,burglary,70
Brent,2024-02,criminal-damage-arson,86
Brent,2024-02,drugs,52
Brent,2024-02,miscellaneous-incidents,7
Brent,2024-02,other-theft,67
Brent,2024-02,possession-of-weapons,6
Brent,2024-02,public-order,35
Brent,2024-02,robbery,23
Brent,2024-02,shoplifting,69
Brent,2024-02,theft-from-the-person,112
Brent,2024-02,vehicle-crime,114
Brent,2024-02,violence-and-sexual-offences,193
Brent,2024-03,anti-social-behaviour,139
Brent,2024-03,bicycle-theft,11
Brent,2024-03,burglary,85
Brent,2024-03,criminal-damage-arson,104
Brent,2024-03,drugs,49
Brent,2024-03,miscellaneous-incidents,4
Brent,2024-03,other-theft,63
Brent,2024-03,possession-of-weapons,7
Brent,2024-03,public-order,40
Brent,2024-03,robbery,19
Brent,2024-03,shoplifting,89
Brent,2024-03,theft-from-the-person,123
Brent,2024-03,vehicle-crime,81
Brent,2024-03,violence-and-sexual-offences,229
Brent,2024-04,anti-social-behaviour,169
Brent,2024-04,bicycle-theft,11
Brent,2024-04,burglary,68
Brent,2024-04,criminal-damage-arson,89
Brent,2024-04,drugs,49
Brent,2024-04,miscellaneous-incidents,5
Brent,2024-04,other-theft,73
Brent,2024-04,possession-of-weapons,7
Brent,2024-04,public-order,26
Brent,2024-04,robbery,17
Brent,2024-04,shoplifting,80
Brent,2024-04,theft-from-the-person,138
Brent,2024-04,vehicle-crime,99
Brent,2024-04,violence-and-sexual-offences,263
Brent,2024-05,anti-social-behaviour,202
Brent,2024-05,bicycle-theft,5
Brent,2024-05,burglary,87
Brent,2024-05,criminal-damage-arson,87
Brent,2024-05,drugs,43
Brent,2024-05,miscellaneous-incidents,6
Brent,2024-05,other-theft,69
Brent,2024-05,possession-of-weapons,11
Brent,2024-05,public-order,26
Brent,2024-05,robbery,23
Brent,2024-05,shoplifting,69
Brent,2024-05,theft-from-the-person,163
Brent,2024-05,vehicle-crime,92
Brent,2024-05,violence-and-sexual-offences,293
Brent,2024-06,anti-social-behaviour,176
Brent,2024-06,bicycle-theft,13
Brent,2024-06,burglary,64
Brent,2024-06,criminal-damage-arson,95
Brent,2024-06,drugs,53
Brent,2024-06,miscellaneous-incidents,5
Brent,2024-06,other-theft,56
Brent,2024-06,possession-of-weapons,11
Brent,2024-06,public-order,47
Brent,2024-06,robbery,18
Brent,2024-06,shoplifting,71
Brent,2024-06,theft-from-the-person,164
Brent,2024-06,vehicle-crime,90
Brent,2024-06,violence-and-sexual-offences,317
Brent,2024-07,anti-social-behaviour,185
Brent,2024-07,bicycle-theft,10
Brent,2024-07,burglary,85
Brent,2024-07,criminal-damage-arson,85
Brent,2024-07,drugs,42
Brent,2024-07,miscellaneous-incidents,3
Brent,2024-07,other-theft,63
Brent,2024-07,possession-of-weapons,16
Brent,2024-07,public-order,30
Brent,2024-07,robbery,18
Brent,2024-07,shoplifting,66
Brent,2024-07,theft-from-the-person,151
Brent,2024-07,vehicle-crime,86
Brent,2024-07,violence-and-sexual-offences,300
Brent,2024-08,anti-social-behaviour,153
Brent,2024-08,bicycle-theft,9
Brent,2024-08,burglary,81
Brent,2024-08,criminal-damage-arson,89
Brent,2024-08,drugs,47
Brent,2024-08,miscellaneous-incidents,3
Brent,2024-08,other-theft,62
Brent,2024-08,possession-of-weapons,7
Brent,2024-08,public-order,26
Brent,2024-08,robbery,18
Brent,2024-08,shoplifting,78
Brent,2024-08,theft-from-the-person,154
Brent,2024-08,vehicle-crime,95
Brent,2024-08,violence-and-sexual-offences,254
Brent,2024-09,anti-social-behaviour,150
Brent,2024-09,bicycle-theft,11
Brent,2024-09,burglary,75
Brent,2024-09,criminal-damage-arson,85
Brent,2024-09,drugs,51
Brent,2024-09,miscellaneous-incidents,3
Brent,2024-09,other-theft,70
Brent,2024-09,possession-of-weapons,7
Brent,2024-09,public-order,36
Brent,2024-09,robbery,16
Brent,2024-09,shoplifting,72
Brent,2024-09,theft-from-the-person,129
Brent,2024-09,vehicle-crime,117
Brent,2024-09,violence-and-sexual-offences,240
Brent,2024-10,anti-social-behaviour,133
Brent,2024-10,bicycle-theft,11
Brent,2024-10,burglary,79
Brent,2024-10,criminal-damage-arson,83
Brent,2024-10,drugs,62
Brent,2024-10,miscellaneous-incidents,6
Brent,2024-10,other-theft,70
Brent,2024-10,possession-of-weapons,7
Brent,2024-10,public-order,39
Brent,2024-10,robbery,18
Brent,2024-10,shoplifting,59
Brent,2024-10,theft-from-the-person,115
Brent,2024-10,vehicle-crime,117
Brent,2024-10,violence-and-sexual-offences,225
Brent,2024-11,anti-social-behaviour,114
Brent,2024-11,bicycle-theft,8
Brent,2024-11,burglary,110
Brent,2024-11,criminal-damage-arson,78
Brent,2024-11,drugs,47
Brent,2024-11,miscellaneous-incidents,12
Brent,2024-11,other-theft,63
Brent,2024-11,possession-of-weapons,8
Brent,2024-11,public-order,31
Brent,2024-11,robbery,18
Brent,2024-11,shoplifting,91
Brent,2024-11,theft-from-the-person,103
Brent,2024-11,vehicle-crime,121
Brent,2024-11,violence-and-sexual-offences,203
Brent,2024-12,anti-social-behaviour,111
Brent,2024-12,bicycle-theft,14
Brent,2024-12,burglary,105
Brent,2024-12,criminal-damage-arson,101
Brent,2024-12,drugs,44
Brent,2024-12,miscellaneous-incidents,4
Brent,2024-12,other-theft,59
Brent,2024-12,possession-of-weapons,18
Brent,2024-12,public-order,24
Brent,2024-12,robbery,26
Brent,2024-12,shoplifting,74
Brent,2024-12,theft-from-the-person,99
Brent,2024-12,vehicle-crime,137
Brent,2024-12,violence-and-sexual-offences,170
Brent,2025-01,anti-social-behaviour,102
Brent,2025-01,bicycle-theft,10
Brent,2025-01,burglary,103
Brent,2025-01,criminal-damage-arson,83
Brent,2025-01,drugs,52
Brent,2025-01,miscellaneous-incidents,7
Brent,2025-01,other-theft,77
Brent,2025-01,possession-of-weapons,10
Brent,2025-01,public-order,18
Brent,2025-01,robbery,16
Brent,2025-01,shoplifting,72
Brent,2025-01,theft-from-the-person,100
Brent,2025-01,vehicle-crime,110
Brent,2025-01,violence-and-sexual-offences,198
Brent,2025-02,anti-social-behaviour,150
Brent,2025-02,bicycle-theft,11
Brent,2025-02,burglary,97
Brent,2025-02,criminal-damage-arson,83
Brent,2025-02,drugs,54
Brent,2025-02,miscellaneous-incidents,6
Brent,2025-02,other-theft,61
Brent,2025-02,possession-of-weapons,14
Brent,2025-02,public-order,26
Brent,2025-02,robbery,12
Brent,2025-02,shoplifting,78
Brent,2025-02,theft-from-the-person,108
Brent,2025-02,vehicle-crime,112
Brent,2025-02,violence-and-sexual-offences,199
Brent,2025-03,anti-social-behaviour,148
Brent,2025-03,bicycle-theft,15
Brent,2025-03,burglary,73
Brent,2025-03,criminal-damage-arson,80
Brent,2025-03,drugs,55
Brent,2025-03,miscellaneous-incidents,6
Brent,2025-03,other-theft,58
Brent,2025-03,possession-of-weapons,11
Brent,2025-03,public-order,44
Brent,2025-03,robbery,27
Brent,2025-03,shoplifting,63
Brent,2025-03,theft-from-the-person,118
Brent,2025-03,vehicle-crime,103
Brent,2025-03,violence-and-sexual-offences,227
Brent,2025-04,anti-social-behaviour,172
Brent,2025-04,bicycle-theft,10
Brent,2025-04,burglary,67
Brent,2025-04,criminal-damage-arson,75
Brent,2025-04,drugs,50
Brent,2025-04,miscellaneous-incidents,2
Brent,2025-04,other-theft,59
Brent,2025-04,possession-of-weapons,8
Brent,2025-04,public-order,35
Brent,2025-04,robbery,18
Brent,2025-04,shoplifting,72
Brent,2025-04,theft-from-the-person,160
Brent,2025-04,vehicle-crime,96
Brent,2025-04,violence-and-sexual-offences,287
Brent,2025-05,anti-social-behaviour,182
Brent,2025-05,bicycle-theft,16
Brent,2025-05,burglary,56
Brent,2025-05,criminal-damage-arson,88
Brent,2025-05,drugs,47
Brent,2025-05,miscellaneous-incidents,7
Brent,2025-05,other-theft,50
Brent,2025-05,possession-of-weapons,8
Brent,2025-05,public-order,38
Brent,2025-05,robbery,17
Brent,2025-05,shoplifting,79
Brent,2025-05,theft-from-the-person,148
Brent,2025-05,vehicle-crime,92
Brent,2025-05,violence-and-sexual-offences,279
Brent,2025-06,anti-social-behaviour,194
Brent,2025-06,bicycle-theft,9
Brent,2025-06,burglary,65
Brent,2025-06,criminal-damage-arson,76
Brent,2025-06,drugs,49
Brent,2025-06,miscellaneous-incidents,9
Brent,2025-06,other-theft,58
Brent,2025-06,possession-of-weapons,16
Brent,2025-06,public-order,29
Brent,2025-06,robbery,21
Brent,2025-06,shoplifting,72
Brent,2025-06,theft-from-the-person,142
Brent,2025-06,vehicle-crime,65
Brent,2025-06,violence-and-sexual-offences,290
Brent,2025-07,anti-social-behaviour,172
Brent,2025-07,bicycle-theft,14
Brent,2025-07,burglary,68
Brent,2025-07,criminal-damage-arson,93
Brent,2025-07,drugs,47
Brent,2025-07,miscellaneous-incidents,7
Brent,2025-07,other-theft,64
Brent,2025-07,possession-of-weapons,9
Brent,2025-07,public-order,20
Brent,2025-07,robbery,23
Brent,2025-07,shoplifting,64
Brent,2025-07,theft-from-the-person,160
Brent,2025-07,vehicle-crime,85
Brent,2025-07,violence-and-sexual-offences,258
Brent,2025-08,anti-social-behaviour,155
Brent,2025-08,bicycle-theft,10
Brent,2025-08,burglary,54
Brent,2025-08,criminal-damage-arson,84
Brent,2025-08,drugs,40
Brent,2025-08,miscellaneous-incidents,7
Brent,2025-08,other-theft,68
Brent,2025-08,possession-of-weapons,9
Brent,2025-08,public-order,26
Brent,2025-08,robbery,32
Brent,2025-08,shoplifting,69
Brent,2025-08,theft-from-the-person,137
Brent,2025-08,vehicle-crime,88
Brent,2025-08,violence-and-sexual-offences,234
Brent,2025-09,anti-social-behaviour,157
Brent,2025-09,bicycle-theft,11
Brent,2025-09,burglary,87
Brent,2025-09,criminal-damage-arson,80
Brent,2025-09,drugs,49
Brent,2025-09,miscellaneous-incidents,5
Brent,2025-09,other-theft,61
Brent,2025-09,possession-of-weapons,14
Brent,2025-09,public-order,35
Brent,2025-09,robbery,23
Brent,2025-09,shoplifting,75
Brent,2025-09,theft-from-the-person,123
Brent,2025-09,vehicle-crime,104
Brent,2025-09,violence-and-sexual-offences,232
Brent,2025-10,anti-social-behaviour,128
Brent,2025-10,bicycle-theft,8
Brent,2025-10,burglary,96
Brent,2025-10,criminal-damage-arson,73
Brent,2025-10,drugs,53
Brent,2025-10,miscellaneous-incidents,5
Brent,2025-10,other-theft,63
Brent,2025-10,possession-of-weapons,11
Brent,2025-10,public-order,25
Brent,2025-10,robbery,24
Brent,2025-10,shoplifting,72
Brent,2025-10,theft-from-the-person,103
Brent,2025-10,vehicle-crime,116
Brent,2025-10,violence-and-sexual-offences,209
Brent,2025-11,anti-social-behaviour,117
Brent,2025-11,bicycle-theft,15
Brent,2025-11,burglary,95
Brent,2025-11,criminal-damage-arson,82
Brent,2025-11,drugs,42
Brent,2025-11,miscellaneous-incidents,7
Brent,2025-11,other-theft,61
Brent,2025-11,possession-of-weapons,7
Brent,2025-11,public-order,24
Brent,2025-11,robbery,20
Brent,2025-11,shoplifting,78
Brent,2025-11,theft-from-the-person,108
Brent,2025-11,vehicle-crime,100
Brent,2025-11,violence-and-sexual-offences,172
Brent,2025-12,anti-social-behaviour,117
Brent,2025-12,bicycle-theft,13
Brent,2025-12,burglary,97
Brent,2025-12,criminal-damage-arson,73
Brent,2025-12,drugs,65
Brent,2025-12,miscellaneous-incidents,7
Brent,2025-12,other-theft,75
Brent,2025-12,possession-of-weapons,12
Brent,2025-12,public-order,32
Brent,2025-12,robbery,20
Brent,2025-12,shoplifting,67
Brent,2025-12,theft-from-the-person,110
Brent,2025-12,vehicle-crime,126
Brent,2025-12,violence-and-sexual-offences,160
Bromley,2024-01,anti-social-behaviour,84
Bromley,2024-01,bicycle-theft,5
Bromley,2024-01,burglary,72
Bromley,2024-01,criminal-damage-arson,68
Bromley,2024-01,drugs,33
Bromley,2024-01,miscellaneous-incidents,3
Bromley,2024-01,other-theft,48
Bromley,2024-01,possession-of-weapons,6
Bromley,2024-01,public-order,29
Bromley,2024-01,robbery,18
Bromley,2024-01,shoplifting,49
Bromley,2024-01,theft-from-the-person,56
Bromley,2024-01,vehicle-crime,96
Bromley,2024-01,violence-and-sexual-offences,109
Bromley,2024-02,anti-social-behaviour,108
Bromley,2024-02,bicycle-theft,11
Bromley,2024-02,burglary,55
Bromley,2024-02,criminal-damage-arson,60
Bromley,2024-02,drugs,45
Bromley,2024-02,miscellaneous-incidents,6
Bromley,2024-02,other-theft,47
Bromley,2024-02,possession-of-weapons,6
Bromley,2024-02,public-order,15
Bromley,2024-02,robbery,14
Bromley,2024-02,shoplifting,44
Bromley,2024-02,theft-from-the-person,58
Bromley,2024-02,vehicle-crime,92
Bromley,2024-02,violence-and-sexual-offences,159
Bromley,2024-03,anti-social-behaviour,100
Bromley,2024-03,bicycle-theft,8
Bromley,2024-03,burglary,54
Bromley,2024-03,criminal-damage-arson,33
Bromley,2024-03,drugs,24
Bromley,2024-03,miscellaneous-incidents,5
Bromley,2024-03,other-theft,44
Bromley,2024-03,possession-of-weapons,7
Bromley,2024-03,public-order,23
Bromley,2024-03,robbery,11
Bromley,2024-03,shoplifting,43
Bromley,2024-03,theft-from-the-person,86
Bromley,2024-03,vehicle-crime,69
Bromley,2024-03,violence-and-sexual-offences,169
Bromley,2024-04,anti-social-behaviour,110
Bromley,2024-04,bicycle-theft,5
Bromley,2024-04,burglary,51
Bromley,2024-04,criminal-damage-arson,57
Bromley,2024-04,drugs,34
Bromley,2024-04,miscellaneous-incidents,2
Bromley,2024-04,other-theft,37
Bromley,2024-04,possession-of-weapons,11
Bromley,2024-04,public-order,23
Bromley,2024-04,robbery,7
Bromley,2024-04,shoplifting,49
Bromley,2024-04,theft-from-the-person,109
Bromley,2024-04,vehicle-crime,86
Bromley,2024-04,violence-and-sexual-offences,204
Bromley,2024-05,anti-social-behaviour,107
Bromley,2024-05,bicycle-theft,4
Bromley,2024-05,burglary,38
Bromley,2024-05,criminal-damage-arson,68
Bromley,2024-05,drugs,30
Bromley,2024-05,miscellaneous-incidents,1
Bromley,2024-05,other-theft,35
Bromley,2024-05,possession-of-weapons,12
Bromley,2024-05,public-order,22
Bromley,2024-05,robbery,18
Bromley,2024-05,shoplifting,41
Bromley,2024-05,theft-from-the-person,104
Bromley,2024-05,vehicle-crime,68
Bromley,2024-05,violence-and-sexual-offences,195
Bromley,2024-06,anti-social-behaviour,136
Bromley,2024-06,bicycle-theft,7
Bromley,2024-06,burglary,53
Bromley,2024-06,criminal-damage-arson,48
Bromley,2024-06,drugs,45
Bromley,2024-06,miscellaneous-incidents,1
Bromley,2024-06,other-theft,56
Bromley,2024-06,possession-of-weapons,7
Bromley,2024-06,public-order,27
Bromley,2024-06,robbery,21
Bromley,2024-06,shoplifting,42
Bromley,2024-06,theft-from-the-person,103
Bromley,2024-06,vehicle-crime,60
Bromley,2024-06,violence-and-sexual-offences,212
Bromley,2024-07,anti-social-behaviour,118
Bromley,2024-07,bicycle-theft,10
Bromley,2024-07,burglary,48
Bromley,2024-07,criminal-damage-arson,62
Bromley,2024-07,drugs,34
Bromley,2024-07,miscellaneous-incidents,5
Bromley,2024-07,other-theft,35
Bromley,2024-07,possession-of-weapons,5
Bromley,2024-07,public-order,14
Bromley,2024-07,robbery,15
Bromley,2024-07,shoplifting,53
Bromley,2024-07,theft-from-the-person,103
Bromley,2024-07,vehicle-crime,66
Bromley,2024-07,violence-and-sexual-offences,198
Bromley,2024-08,anti-social-behaviour,116
Bromley,2024-08,bicycle-theft,4
Bromley,2024-08,burglary,44
Bromley,2024-08,criminal-damage-arson,58
Bromley,2024-08,drugs,31
Bromley,2024-08,miscellaneous-incidents,4
Bromley,2024-08,other-theft,36
Bromley,2024-08,possession-of-weapons,9
Bromley,2024-08,public-order,23
Bromley,2024-08,robbery,10
Bromley,2024-08,shoplifting,49
Bromley,2024-08,theft-from-the-person,94
Bromley,2024-08,vehicle-crime,67
Bromley,2024-08,violence-and-sexual-offences,176
Bromley,2024-09,anti-social-behaviour,96
Bromley,2024-09,bicycle-theft,8
Bromley,2024-09,burglary,61
Bromley,2024-09,criminal-damage-arson,73
Bromley,2024-09,drugs,39
Bromley,2024-09,miscellaneous-incidents,4
Bromley,2024-09,other-theft,40
Bromley,2024-09,possession-of-weapons,3
Bromley,2024-09,public-order,31
Bromley,2024-09,robbery,14
Bromley,2024-09,shoplifting,44
Bromley,2024-09,theft-from-the-person,102
Bromley,2024-09,vehicle-crime,85
Bromley,2024-09,violence-and-sexual-offences,156
Bromley,2024-10,anti-social-behaviour,86
Bromley,2024-10,bicycle-theft,6
Bromley,2024-10,burglary,55
Bromley,2024-10,criminal-damage-arson,62
Bromley,2024-10,drugs,38
Bromley,2024-10,miscellaneous-incidents,4
Bromley,2024-10,other-theft,47
Bromley,2024-10,possession-of-weapons,3
Bromley,2024-10,public-order,26
Bromley,2024-10,robbery,17
Bromley,2024-10,shoplifting,50
Bromley,2024-10,theft-from-the-person,85
Bromley,2024-10,vehicle-crime,80
Bromley,2024-10,violence-and-sexual-offences,162
Bromley,2024-11,anti-social-behaviour,68
Bromley,2024-11,bicycle-theft,10
Bromley,2024-11,burglary,73
Bromley,2024-11,criminal-damage-arson,46
Bromley,2024-11,drugs,36
Bromley,2024-11,miscellaneous-incidents,4
Bromley,2024-11,other-theft,44
Bromley,2024-11,possession-of-weapons,5
Bromley,2024-11,public-order,19
Bromley,2024-11,robbery,11
Bromley,2024-11,shoplifting,50
Bromley,2024-11,theft-from-the-person,68
Bromley,2024-11,vehicle-crime,103
Bromley,2024-11,violence-and-sexual-offences,112
Bromley,2024-12,anti-social-behaviour,80
Bromley,2024-12,bicycle-theft,4
Bromley,2024-12,burglary,66
Bromley,2024-12,criminal-damage-arson,45
Bromley,2024-12,drugs,51
Bromley,2024-12,miscellaneous-incidents,7
Bromley,2024-12,other-theft,37
Bromley,2024-12,possession-of-weapons,10
Bromley,2024-12,public-order,20
Bromley,2024-12,robbery,18
Bromley,2024-12,shoplifting,45
Bromley,2024-12,theft-from-the-person,57
Bromley,2024-12,vehicle-crime,90
Bromley,2024-12,violence-and-sexual-offences,122
Bromley,2025-01,anti-social-behaviour,81
Bromley,2025-01,bicycle-theft,8
Bromley,2025-01,burglary,60
Bromley,2025-01,criminal-damage-arson,52
Bromley,2025-01,drugs,36
Bromley,2025-01,miscellaneous-incidents,5
Bromley,2025-01,other-theft,48
Bromley,2025-01,possession-of-weapons,13
Bromley,2025-01,public-order,25
Bromley,2025-01,robbery,9
Bromley,2025-01,shoplifting,49
Bromley,2025-01,theft-from-the-person,61
Bromley,2025-01,vehicle-crime,77
Bromley,2025-01,violence-and-sexual-offences,127
Bromley,2025-02,anti-social-behaviour,88
Bromley,2025-02,bicycle-theft,9
Bromley,2025-02,burglary,64
Bromley,2025-02,criminal-damage-arson,51
Bromley,2025-02,drugs,39
Bromley,2025-02,miscellaneous-incidents,4
Bromley,2025-02,other-theft,47
Bromley,2025-02,possession-of-weapons,2
Bromley,2025-02,public-order,26
Bromley,2025-02,robbery,13
Bromley,2025-02,shoplifting,43
Bromley,2025-02,theft-from-the-person,88
Bromley,2025-02,vehicle-crime,82
Bromley,2025-02,violence-and-sexual-offences,129
Bromley,2025-03,anti-social-behaviour,99
Bromley,2025-03,bicycle-theft,7
Bromley,2025-03,burglary,59
Bromley,2025-03,criminal-damage-arson,62
Bromley,2025-03,drugs,33
Bromley,2025-03,miscellaneous-incidents,2
Bromley,2025-03,other-theft,33
Bromley,2025-03,possession-of-weapons,5
Bromley,2025-03,public-order,26
Bromley,2025-03,robbery,16
Bromley,2025-03,shoplifting,48
Bromley,2025-03,theft-from-the-person,84
Bromley,2025-03,vehicle-crime,65
Bromley,2025-03,violence-and-sexual-offences,157
Bromley,2025-04,anti-social-behaviour,107
Bromley,2025-04,bicycle-theft,8
Bromley,2025-04,burglary,51
Bromley,2025-04,criminal-damage-arson,66
Bromley,2025-04,drugs,37
Bromley,2025-04,miscellaneous-incidents,1
Bromley,2025-04,other-theft,40
Bromley,2025-04,possession-of-weapons,7
Bromley,2025-04,public-order,21
Bromley,2025-04,robbery,16
Bromley,2025-04,shoplifting,61
Bromley,2025-04,theft-from-the-person,96
Bromley,2025-04,vehicle-crime,48
Bromley,2025-04,violence-and-sexual-offences,175
Bromley,2025-05,anti-social-behaviour,113
Bromley,2025-05,bicycle-theft,2
Bromley,2025-05,burglary,57
Bromley,2025-05,criminal-damage-arson,50
Bromley,2025-05,drugs,24
Bromley,2025-05,miscellaneous-incidents,2
Bromley,2025-05,other-theft,28
Bromley,2025-05,possession-of-weapons,12
Bromley,2025-05,public-order,23
Bromley,2025-05,robbery,13
Bromley,2025-05,shoplifting,51
Bromley,2025-05,theft-from-the-person,111
Bromley,2025-05,vehicle-crime,58
Bromley,2025-05,violence-and-sexual-offences,214
Bromley,2025-06,anti-social-behaviour,133
Bromley,2025-06,bicycle-theft,11
Bromley,2025-06,burglary,44
Bromley,2025-06,criminal-damage-arson,68
Bromley,2025-06,drugs,30
Bromley,2025-06,miscellaneous-incidents,5
Bromley,2025-06,other-theft,35
Bromley,2025-06,possession-of-weapons,6
Bromley,2025-06,public-order,25
Bromley,2025-06,robbery,16
Bromley,2025-06,shoplifting,37
Bromley,2025-06,theft-from-the-person,117
Bromley,2025-06,vehicle-crime,66
Bromley,2025-06,violence-and-sexual-offences,230
Bromley,2025-07,anti-social-behaviour,112
Bromley,2025-07,bicycle-theft,9
Bromley,2025-07,burglary,45
Bromley,2025-07,criminal-damage-arson,55
Bromley,2025-07,drugs,35
Bromley,2025-07,miscellaneous-incidents,2
Bromley,2025-07,other-theft,47
Bromley,2025-07,possession-of-weapons,5
Bromley,2025-07,public-order,18
Bromley,2025-07,robbery,12
Bromley,2025-07,shoplifting,59
Bromley,2025-07,theft-from-the-person,102
Bromley,2025-07,vehicle-crime,66
Bromley,2025-07,violence-and-sexual-offences,208
Bromley,2025-08,anti-social-behaviour,113
Bromley,2025-08,bicycle-theft,4
Bromley,2025-08,burglary,60
Bromley,2025-08,criminal-damage-arson,62
Bromley,2025-08,drugs,34
Bromley,2025-08,miscellaneous-incidents,4
Bromley,2025-08,other-theft,47
Bromley,2025-08,possession-of-weapons,6
Bromley,2025-08,public-order,23
Bromley,2025-08,robbery,19
Bromley,2025-08,shoplifting,41
Bromley,2025-08,theft-from-the-person,91
Bromley,2025-08,vehicle-crime,63
Bromley,2025-08,violence-and-sexual-offences,186
Bromley,2025-09,anti-social-behaviour,118
Bromley,2025-09,bicycle-theft,8
Bromley,2025-09,burglary,55
Bromley,2025-09,criminal-damage-arson,53
Bromley,2025-09,drugs,35
Bromley,2025-09,miscellaneous-incidents,5
Bromley,2025-09,other-theft,54
Bromley,2025-09,possession-of-weapons,7
Bromley,2025-09,public-order,21
Bromley,2025-09,robbery,13
Bromley,2025-09,shoplifting,61
Bromley,2025-09,theft-from-the-person,95
Bromley,2025-09,vehicle-crime,71
Bromley,2025-09,violence-and-sexual-offences,159
Bromley,2025-10,anti-social-behaviour,93
Bromley,2025-10,bicycle-theft,5
Bromley,2025-10,burglary,63
Bromley,2025-10,criminal-damage-arson,59
Bromley,2025-10,drugs,39
Bromley,2025-10,miscellaneous-incidents,2
Bromley,2025-10,other-theft,47
Bromley,2025-10,possession-of-weapons,12
Bromley,2025-10,public-order,25
Bromley,2025-10,robbery,15
Bromley,2025-10,shoplifting,48
Bromley,2025-10,theft-from-the-person,83
Bromley,2025-10,vehicle-crime,70
Bromley,2025-10,violence-and-sexual-offences,140
Bromley,2025-11,anti-social-behaviour,91
Bromley,2025-11,bicycle-theft,11
Bromley,2025-11,burglary,75
Bromley,2025-11,criminal-damage-arson,54
Bromley,2025-11,drugs,32
Bromley,2025-11,miscellaneous-incidents,4
Bromley,2025-11,other-theft,50
Bromley,2025-11,possession-of-weapons,3
Bromley,2025-11,public-order,27
Bromley,2025-11,robbery,10
Bromley,2025-11,shoplifting,56
Bromley,2025-11,theft-from-the-person,59
Bromley,2025-11,vehicle-crime,74
Bromley,2025-11,violence-and-sexual-offences,104
Bromley,2025-12,anti-social-behaviour,74
Bromley,2025-12,bicycle-theft,4
Bromley,2025-12,burglary,64
Bromley,2025-12,criminal-damage-arson,72
Bromley,2025-12,drugs,36
Bromley,2025-12,miscellaneous-incidents,3
Bromley,2025-12,other-theft,44
Bromley,2025-12,possession-of-weapons,8
Bromley,2025-12,public-order,18
Bromley,2025-12,robbery,17
Bromley,2025-12,shoplifting,69
Bromley,2025-12,theft-from-the-person,73
Bromley,2025-12,vehicle-crime,81
Bromley,2025-12,violence-and-sexual-offences,126
Camden,2024-01,anti-social-behaviour,186
Camden,2024-01,bicycle-theft,12
Camden,2024-01,burglary,132
Camden,2024-01,criminal-damage-arson,116
Camden,2024-01,drugs,81
Camden,2024-01,miscellaneous-incidents,8
Camden,2024-01,other-theft,83
Camden,2024-01,possession-of-weapons,13
Camden,2024-01,public-order,53
Camden,2024-01,robbery,28
Camden,2024-01,shoplifting,111
Camden,2024-01,theft-from-the-person,158
Camden,2024-01,vehicle-crime,193
Camden,2024-01,violence-and-sexual-offences,272
Camden,2024-02,anti-social-behaviour,203
Camden,2024-02,bicycle-theft,13
Camden,2024-02,burglary,132
Camden,2024-02,criminal-damage-arson,121
Camden,2024-02,drugs,79
Camden,2024-02,miscellaneous-incidents,9
Camden,2024-02,other-theft,96
Camden,2024-02,possession-of-weapons,18
Camden,2024-02,public-order,43
Camden,2024-02,robbery,32
Camden,2024-02,shoplifting,113
Camden,2024-02,theft-from-the-person,186
Camden,2024-02,vehicle-crime,178
Camden,2024-02,violence-and-sexual-offences,330
Camden,2024-03,anti-social-behaviour,225
Camden,2024-03,bicycle-theft,21
Camden,2024-03,burglary,125
Camden,2024-03,criminal-damage-arson,127
Camden,2024-03,drugs,87
Camden,2024-03,miscellaneous-incidents,10
Camden,2024-03,other-theft,97
Camden,2024-03,possession-of-weapons,22
Camden,2024-03,public-order,45
Camden,2024-03,robbery,19
Camden,2024-03,shoplifting,120
Camden,2024-03,theft-from-the-person,193
Camden,2024-03,vehicle-crime,121
Camden,2024-03,violence-and-sexual-offences,344
Camden,2024-04,anti-social-behaviour,269
Camden,2024-04,bicycle-theft,13
Camden,2024-04,burglary,121
Camden,2024-04,criminal-damage-arson,113
Camden,2024-04,drugs,79
Camden,2024-04,miscellaneous-incidents,5
Camden,2024-04,other-theft,95
Camden,2024-04,possession-of-weapons,13
Camden,2024-04,public-order,44
Camden,2024-04,robbery,27
Camden,2024-04,shoplifting,102
Camden,2024-04,theft-from-the-person,215
Camden,2024-04,vehicle-crime,184
Camden,2024-04,violence-and-sexual-offences,419
Camden,2024-05,anti-social-behaviour,281
Camden,2024-05,bicycle-theft,16
Camden,2024-05,burglary,109
Camden,2024-05,criminal-damage-arson,129
Camden,2024-05,drugs,86
Camden,2024-05,miscellaneous-incidents,10
Camden,2024-05,other-theft,99
Camden,2024-05,possession-of-weapons,9
Camden,2024-05,public-order,52
Camden,2024-05,robbery,38
Camden,2024-05,shoplifting,116
Camden,2024-05,theft-from-the-person,210
Camden,2024-05,vehicle-crime,152
Camden,2024-05,violence-and-sexual-offences,427
Camden,2024-06,anti-social-behaviour,278
Camden,2024-06,bicycle-theft,11
Camden,2024-06,burglary,123
Camden,2024-06,criminal-damage-arson,120
Camden,2024-06,drugs,67
Camden,2024-06,miscellaneous-incidents,5
Camden,2024-06,other-theft,75
Camden,2024-06,possession-of-weapons,12
Camden,2024-06,public-order,59
Camden,2024-06,robbery,24
Camden,2024-06,shoplifting,111
Camden,2024-06,theft-from-the-person,230
Camden,2024-06,vehicle-crime,139
Camden,2024-06,violence-and-sexual-offences,432
Camden,2024-07,anti-social-behaviour,265
Camden,2024-07,bicycle-theft,17
Camden,2024-07,burglary,109
Camden,2024-07,criminal-damage-arson,119
Camden,2024-07,drugs,81
Camden,2024-07,miscellaneous-incidents,11
Camden,2024-07,other-theft,100
Camden,2024-07,possession-of-weapons,17
Camden,2024-07,public-order,56
Camden,2024-07,robbery,31
Camden,2024-07,shoplifting,78
Camden,2024-07,theft-from-the-person,217
Camden,2024-07,vehicle-crime,138
Camden,2024-07,violence-and-sexual-offences,424
Camden,2024-08,anti-social-behaviour,257
Camden,2024-08,bicycle-theft,18
Camden,2024-08,burglary,109
Camden,2024-08,criminal-damage-arson,137
Camden,2024-08,drugs,71
Camden,2024-08,miscellaneous-incidents,14
Camden,2024-08,other-theft,112
Camden,2024-08,possession-of-weapons,18
Camden,2024-08,public-order,51
Camden,2024-08,robbery,42
Camden,2024-08,shoplifting,117
Camden,2024-08,theft-from-the-person,192
Camden,2024-08,vehicle-crime,133
Camden,2024-08,violence-and-sexual-offences,326
Camden,2024-09,anti-social-behaviour,187
Camden,2024-09,bicycle-theft,19
Camden,2024-09,burglary,131
Camden,2024-09,criminal-damage-arson,118
Camden,2024-09,drugs,76
Camden,2024-09,miscellaneous-incidents,9
Camden,2024-09,other-theft,102
Camden,2024-09,possession-of-weapons,18
Camden,2024-09,public-order,42
Camden,2024-09,robbery,35
Camden,2024-09,shoplifting,88
Camden,2024-09,theft-from-the-person,187
Camden,2024-09,vehicle-crime,128
Camden,2024-09,violence-and-sexual-offences,344
Camden,2024-10,anti-social-behaviour,183
Camden,2024-10,bicycle-theft,17
Camden,2024-10,burglary,147
Camden,2024-10,criminal-damage-arson,115
Camden,2024-10,drugs,85
Camden,2024-10,miscellaneous-incidents,9
Camden,2024-10,other-theft,78
Camden,2024-10,possession-of-weapons,12
Camden,2024-10,public-order,35
Camden,2024-10,robbery,40
Camden,2024-10,shoplifting,119
Camden,2024-10,theft-from-the-person,164
Camden,2024-10,vehicle-crime,158
Camden,2024-10,violence-and-sexual-offences,311
Camden,2024-11,anti-social-behaviour,183
Camden,2024-11,bicycle-theft,18
Camden,2024-11,burglary,125
Camden,2024-11,criminal-damage-arson,119
Camden,2024-11,drugs,87
Camden,2024-11,miscellaneous-incidents,16
Camden,2024-11,other-theft,99
Camden,2024-11,possession-of-weapons,21
Camden,2024-11,public-order,52
Camden,2024-11,robbery,31
Camden,2024-11,shoplifting,124
Camden,2024-11,theft-from-the-person,134
Camden,2024-11,vehicle-crime,163
Camden,2024-11,violence-and-sexual-offences,288
Camden,2024-12,anti-social-behaviour,155
Camden,2024-12,bicycle-theft,16
Camden,2024-12,burglary,155
Camden,2024-12,criminal-damage-arson,140
Camden,2024-12,drugs,80
Camden,2024-12,miscellaneous-incidents,11
Camden,2024-12,other-theft,92
Camden,2024-12,possession-of-weapons,20
Camden,2024-12,public-order,44
Camden,2024-12,robbery,28
Camden,2024-12,shoplifting,99
Camden,2024-12,theft-from-the-person,149
Camden,2024-12,vehicle-crime,195
Camden,2024-12,violence-and-sexual-offences,261
Camden,2025-01,anti-social-behaviour,181
Camden,2025-01,bicycle-theft,15
Camden,2025-01,burglary,160
Camden,2025-01,criminal-damage-arson,131
Camden,2025-01,drugs,84
Camden,2025-01,miscellaneous-incidents,12
Camden,2025-01,other-theft,89
Camden,2025-01,possession-of-weapons,14
Camden,2025-01,public-order,56
Camden,2025-01,robbery,27
Camden,2025-01,shoplifting,97
Camden,2025-01,theft-from-the-person,166
Camden,2025-01,vehicle-crime,180
Camden,2025-01,violence-and-sexual-offences,256
Camden,2025-02,anti-social-behaviour,206
Camden,2025-02,bicycle-theft,14
Camden,2025-02,burglary,131
Camden,2025-02,criminal-damage-arson,118
Camden,2025-02,drugs,72
Camden,2025-02,miscellaneous-incidents,11
Camden,2025-02,other-theft,99
Camden,2025-02,possession-of-weapons,18
Camden,2025-02,public-order,34
Camden,2025-02,robbery,31
Camden,2025-02,shoplifting,102
Camden,2025-02,theft-from-the-person,176
Camden,2025-02,vehicle-crime,176
Camden,2025-02,violence-and-sexual-offences,331
Camden,2025-03,anti-social-behaviour,207
Camden,2025-03,bicycle-theft,14
Camden,2025-03,burglary,124
Camden,2025-03,criminal-damage-arson,129
Camden,2025-03,drugs,89
Camden,2025-03,miscellaneous-incidents,12
Camden,2025-03,other-theft,71
Camden,2025-03,possession-of-weapons,20
Camden,2025-03,public-order,44
Camden,2025-03,robbery,33
Camden,2025-03,shoplifting,114
Camden,2025-03,theft-from-the-person,196
Camden,2025-03,vehicle-crime,153
Camden,2025-03,violence-and-sexual-offences,358
Camden,2025-04,anti-social-behaviour,226
Camden,2025-04,bicycle-theft,17
Camden,2025-04,burglary,138
Camden,2025-04,criminal-damage-arson,135
Camden,2025-04,drugs,78
Camden,2025-04,miscellaneous-incidents,12
Camden,2025-04,other-theft,91
Camden,2025-04,possession-of-weapons,12
Camden,2025-04,public-order,48
Camden,2025-04,robbery,37
Camden,2025-04,shoplifting,113
Camden,2025-04,theft-from-the-person,211
Camden,2025-04,vehicle-crime,146
Camden,2025-04,violence-and-sexual-offences,387
Camden,2025-05,anti-social-behaviour,251
Camden,2025-05,bicycle-theft,18
Camden,2025-05,burglary,105
Camden,2025-05,criminal-damage-arson,147
Camden,2025-05,drugs,69
Camden,2025-05,miscellaneous-incidents,7
Camden,2025-05,other-theft,87
Camden,2025-05,possession-of-weapons,11
Camden,2025-05,public-order,62
Camden,2025-05,robbery,32
Camden,2025-05,shoplifting,103
Camden,2025-05,theft-from-the-person,252
Camden,2025-05,vehicle-crime,143
Camden,2025-05,violence-and-sexual-offences,450
Camden,2025-06,anti-social-behaviour,276
Camden,2025-06,bicycle-theft,20
Camden,2025-06,burglary,117
Camden,2025-06,criminal-damage-arson,137
Camden,2025-06,drugs,96
Camden,2025-06,miscellaneous-incidents,11
Camden,2025-06,other-theft,106
Camden,2025-06,possession-of-weapons,13
Camden,2025-06,public-order,40
Camden,2025-06,robbery,31
Camden,2025-06,shoplifting,114
Camden,2025-06,theft-from-the-person,237
Camden,2025-06,vehicle-crime,110
Camden,2025-06,violence-and-sexual-offences,438
Camden,2025-07,anti-social-behaviour,249
Camden,2025-07,bicycle-theft,14
Camden,2025-07,burglary,103
Camden,2025-07,criminal-damage-arson,108
Camden,2025-07,drugs,72
Camden,2025-07,miscellaneous-incidents,4
Camden,2025-07,other-theft,105
Camden,2025-07,possession-of-weapons,7
Camden,2025-07,public-order,57
Camden,2025-07,robbery,28
Camden,2025-07,shoplifting,98
Camden,2025-07,theft-from-the-person,244
Camden,2025-07,vehicle-crime,136
Camden,2025-07,violence-and-sexual-offences,416
Camden,2025-08,anti-social-behaviour,223
Camden,2025-08,bicycle-theft,8
Camden,2025-08,burglary,111
Camden,2025-08,criminal-damage-arson,120
Camden,2025-08,drugs,72
Camden,2025-08,miscellaneous-incidents,14
Camden,2025-08,other-theft,94
Camden,2025-08,possession-of-weapons,14
Camden,2025-08,public-order,54
Camden,2025-08,robbery,37
Camden,2025-08,shoplifting,106
Camden,2025-08,theft-from-the-person,212
Camden,2025-08,vehicle-crime,159
Camden,2025-08,violence-and-sexual-offences,383
Camden,2025-09,anti-social-behaviour,230
Camden,2025-09,bicycle-theft,22
Camden,2025-09,burglary,132
Camden,2025-09,criminal-damage-arson,139
Camden,2025-09,drugs,73
Camden,2025-09,miscellaneous-incidents,6
Camden,2025-09,other-theft,96
Camden,2025-09,possession-of-weapons,12
Camden,2025-09,public-order,46
Camden,2025-09,robbery,26
Camden,2025-09,shoplifting,104
Camden,2025-09,theft-from-the-person,201
Camden,2025-09,vehicle-crime,179
Camden,2025-09,violence-and-sexual-offences,345
Camden,2025-10,anti-social-behaviour,209
Camden,2025-10,bicycle-theft,14
Camden,2025-10,burglary,122
Camden,2025-10,criminal-damage-arson,138
Camden,2025-10,drugs,81
Camden,2025-10,miscellaneous-incidents,11
Camden,2025-10,other-theft,97
Camden,2025-10,possession-of-weapons,12
Camden,2025-10,public-order,37
Camden,2025-10,robbery,34
Camden,2025-10,shoplifting,103
Camden,2025-10,theft-from-the-person,165
Camden,2025-10,vehicle-crime,166
Camden,2025-10,violence-and-sexual-offences,305
Camden,2025-11,anti-social-behaviour,173
Camden,2025-11,bicycle-theft,14
Camden,2025-11,burglary,137
Camden,2025-11,criminal-damage-arson,140
Camden,2025-11,drugs,80
Camden,2025-11,miscellaneous-incidents,4
Camden,2025-11,other-theft,115
Camden,2025-11,possession-of-weapons,13
Camden,2025-11,public-order,45
Camden,2025-11,robbery,36
Camden,2025-11,shoplifting,132
Camden,2025-11,theft-from-the-person,172
Camden,2025-11,vehicle-crime,163
Camden,2025-11,violence-and-sexual-offences,282
Camden,2025-12,anti-social-behaviour,169
Camden,2025-12,bicycle-theft,20
Camden,2025-12,burglary,143
Camden,2025-12,criminal-damage-arson,123
Camden,2025-12,drugs,93
Camden,2025-12,miscellaneous-incidents,7
Camden,2025-12,other-theft,123
Camden,2025-12,possession-of-weapons,14
Camden,2025-12,public-order,48
Camden,2025-12,robbery,43
Camden,2025-12,shoplifting,117
Camden,2025-12,theft-from-the-person,136
Camden,2025-12,vehicle-crime,196
Camden,2025-12,violence-and-sexual-offences,279
City of London,2024-01,anti-social-behaviour,88
City of London,2024-01,bicycle-theft,12
City of London,2024-01,burglary,80
City of London,2024-01,criminal-damage-arson,83
City of London,2024-01,drugs,39
City of London,2024-01,miscellaneous-incidents,7
City of London,2024-01,other-theft,63
City of London,2024-01,possession-of-weapons,9
City of London,2024-01,public-order,22
City of London,2024-01,robbery,15
City of London,2024-01,shoplifting,60
City of London,2024-01,theft-from-the-person,96
City of London,2024-01,vehicle-crime,89
City of London,2024-01,violence-and-sexual-offences,173
City of London,2024-02,anti-social-behaviour,111
City of London,2024-02,bicycle-theft,17
City of London,2024-02,burglary,89
City of London,2024-02,criminal-damage-arson,61
City of London,2024-02,drugs,43
City of London,2024-02,miscellaneous-incidents,3
City of London,2024-02,other-theft,45
City of London,2024-02,possession-of-weapons,9
City of London,2024-02,public-order,27
City of London,2024-02,robbery,20
City of London,2024-02,shoplifting,72
City of London,2024-02,theft-from-the-person,107
City of London,2024-02,vehicle-crime,94
City of London,2024-02,violence-and-sexual-offences,188
City of London,2024-03,anti-social-behaviour,145
City of London,2024-03,bicycle-theft,7
City of London,2024-03,burglary,57
City of London,2024-03,criminal-damage-arson,74
City of London,2024-03,drugs,42
City of London,2024-03,miscellaneous-incidents,6
City of London,2024-03,other-theft,50
City of London,2024-03,possession-of-weapons,5
City of London,2024-03,public-order,34
City of London,2024-03,robbery,18
City of London,2024-03,shoplifting,64
City of London,2024-03,theft-from-the-person,83
City of London,2024-03,vehicle-crime,84
City of London,2024-03,violence-and-sexual-offences,220
City of London,2024-04,anti-social-behaviour,146
City of London,2024-04,bicycle-theft,11
City of London,2024-04,burglary,66
City of London,2024-04,criminal-damage-arson,63
City of London,2024-04,drugs,50
City of London,2024-04,miscellaneous-incidents,9
City of London,2024-04,other-theft,67
City of London,2024-04,possession-of-weapons,6
City of London,2024-04,public-order,33
City of London,2024-04,robbery,11
City of London,2024-04,shoplifting,58
City of London,2024-04,theft-from-the-person,119
City of London,2024-04,vehicle-crime,78
City of London,2024-04,violence-and-sexual-offences,202
City of London,2024-05,anti-social-behaviour,153
City of London,2024-05,bicycle-theft,12
City of London,2024-05,burglary,54
City of London,2024-05,criminal-damage-arson,80
City of London,2024-05,drugs,42
City of London,2024-05,miscellaneous-incidents,7
City of London,2024-05,other-theft,44
City of London,2024-05,possession-of-weapons,7
City of London,2024-05,public-order,25
City of London,2024-05,robbery,15
City of London,2024-05,shoplifting,63
City of London,2024-05,theft-from-the-person,132
City of London,2024-05,vehicle-crime,75
City of London,2024-05,violence-and-sexual-offences,233
City of London,2024-06,anti-social-behaviour,153
City of London,2024-06,bicycle-theft,9
City of London,2024-06,burglary,63
City of London,2024-06,criminal-damage-arson,75
City of London,2024-06,drugs,61
City of London,2024-06,miscellaneous-incidents,3
City of London,2024-06,other-theft,65
City of London,2024-06,possession-of-weapons,9
City of London,2024-06,public-order,39
City of London,2024-06,robbery,12
City of London,2024-06,shoplifting,62
City of London,2024-06,theft-from-the-person,134
City of London,2024-06,vehicle-crime,84
City of London,2024-06,violence-and-sexual-offences,252
City of London,2024-07,anti-social-behaviour,130
City of London,2024-07,bicycle-theft,14
City of London,2024-07,burglary,56
City of London,2024-07,criminal-damage-arson,57
City of London,2024-07,drugs,51
City of London,2024-07,miscellaneous-incidents,5
City of London,2024-07,other-theft,51
City of London,2024-07,possession-of-weapons,11
City of London,2024-07,public-order,29
City of London,2024-07,robbery,19
City of London,2024-07,shoplifting,53
City of London,2024-07,theft-from-the-person,114
City of London,2024-07,vehicle-crime,80
City of London,2024-07,violence-and-sexual-offences,241
City of London,2024-08,anti-social-behaviour,138
City of London,2024-08,bicycle-theft,6
City of London,2024-08,burglary,69
City of London,2024-08,criminal-damage-arson,79
City of London,2024-08,drugs,32
City of London,2024-08,miscellaneous-incidents,4
City of London,2024-08,other-theft,51
City of London,2024-08,possession-of-weapons,7
City of London,2024-08,public-order,23
City of London,2024-08,robbery,19
City of London,2024-08,shoplifting,78
City of London,2024-08,theft-from-the-person,127
City of London,2024-08,vehicle-crime,90
City of London,2024-08,violence-and-sexual-offences,193
City of London,2024-09,anti-social-behaviour,140
City of London,2024-09,bicycle-theft,6
City of London,2024-09,burglary,73
City of London,2024-09,criminal-damage-arson,63
City of London,2024-09,drugs,66
City of London,2024-09,miscellaneous-incidents,2
City of London,2024-09,other-theft,56
City of London,2024-09,possession-of-weapons,12
City of London,2024-09,public-order,23
City of London,2024-09,robbery,13
City of London,2024-09,shoplifting,63
City of London,2024-09,theft-from-the-person,107
City of London,2024-09,vehicle-crime,92
City of London,2024-09,violence-and-sexual-offences,211
City of London,2024-10,anti-social-behaviour,110
City of London,2024-10,bicycle-theft,8
City of London,2024-10,burglary,81
City of London,2024-10,criminal-damage-arson,76
City of London,2024-10,drugs,40
City of London,2024-10,miscellaneous-incidents,8
City of London,2024-10,other-theft,60
City of London,2024-10,possession-of-weapons,10
City of London,2024-10,public-order,32
City of London,2024-10,robbery,14
City of London,2024-10,shoplifting,55
City of London,2024-10,theft-from-the-person,83
City of London,2024-10,vehicle-crime,109
City of London,2024-10,violence-and-sexual-offences,180
City of London,2024-11,anti-social-behaviour,105
City of London,2024-11,bicycle-theft,8
City of London,2024-11,burglary,86
City of London,2024-11,criminal-damage-arson,67
City of London,2024-11,drugs,38
City of London,2024-11,miscellaneous-incidents,3
City of London,2024-11,other-theft,58
City of London,2024-11,possession-of-weapons,8
City of London,2024-11,public-order,29
City of London,2024-11,robbery,24
City of London,2024-11,shoplifting,61
City of London,2024-11,theft-from-the-person,94
City of London,2024-11,vehicle-crime,110
City of London,2024-11,violence-and-sexual-offences,149
City of London,2024-12,anti-social-behaviour,118
City of London,2024-12,bicycle-theft,8
City of London,2024-12,burglary,87
City of London,2024-12,criminal-damage-arson,65
City of London,2024-12,drugs,55
City of London,2024-12,miscellaneous-incidents,5
City of London,2024-12,other-theft,47
City of London,2024-12,possession-of-weapons,6
City of London,2024-12,public-order,31
City of London,2024-12,robbery,17
City of London,2024-12,shoplifting,62
City of London,2024-12,theft-from-the-person,73
City of London,2024-12,vehicle-crime,138
City of London,2024-12,violence-and-sexual-offences,139
City of London,2025-01,anti-social-behaviour,102
City of London,2025-01,bicycle-theft,8
City of London,2025-01,burglary,87
City of London,2025-01,criminal-damage-arson,77
City of London,2025-01,drugs,45
City of London,2025-01,miscellaneous-incidents,4
City of London,2025-01,other-theft,50
City of London,2025-01,possession-of-weapons,6
City of London,2025-01,public-order,31
City of London,2025-01,robbery,17
City of London,2025-01,shoplifting,42
City of London,2025-01,theft-from-the-person,79
City of London,2025-01,vehicle-crime,105
City of London,2025-01,violence-and-sexual-offences,188
City of London,2025-02,anti-social-behaviour,114
City of London,2025-02,bicycle-theft,12
City of London,2025-02,burglary,78
City of London,2025-02,criminal-damage-arson,70
City of London,2025-02,drugs,50
City of London,2025-02,miscellaneous-incidents,5
City of London,2025-02,other-theft,45
City of London,2025-02,possession-of-weapons,6
City of London,2025-02,public-order,32
City of London,2025-02,robbery,11
City of London,2025-02,shoplifting,47
City of London,2025-02,theft-from-the-person,103
City of London,2025-02,vehicle-crime,96
City of London,2025-02,violence-and-sexual-offences,172
City of London,2025-03,anti-social-behaviour,116
City of London,2025-03,bicycle-theft,12
City of London,2025-03,burglary,91
City of London,2025-03,criminal-damage-arson,61
City of London,2025-03,drugs,33
City of London,2025-03,miscellaneous-incidents,6
City of London,2025-03,other-theft,56
City of London,2025-03,possession-of-weapons,6
City of London,2025-03,public-order,23
City of London,2025-03,robbery,17
City of London,2025-03,shoplifting,51
City of London,2025-03,theft-from-the-person,106
City of London,2025-03,vehicle-crime,83
City of London,2025-03,violence-and-sexual-offences,211
City of London,2025-04,anti-social-behaviour,141
City of London,2025-04,bicycle-theft,9
City of London,2025-04,burglary,62
City of London,2025-04,criminal-damage-arson,64
City of London,2025-04,drugs,42
City of London,2025-04,miscellaneous-incidents,2
City of London,2025-04,other-theft,58
City of London,2025-04,possession-of-weapons,11
City of London,2025-04,public-order,27
City of London,2025-04,robbery,21
City of London,2025-04,shoplifting,60
City of London,2025-04,theft-from-the-person,137
City of London,2025-04,vehicle-crime,83
City of London,2025-04,violence-and-sexual-offences,211
City of London,2025-05,anti-social-behaviour,159
City of London,2025-05,bicycle-theft,12
City of London,2025-05,burglary,53
City of London,2025-05,criminal-damage-arson,62
City of London,2025-05,drugs,51
City of London,2025-05,miscellaneous-incidents,3
City of London,2025-05,other-theft,50
City of London,2025-05,possession-of-weapons,7
City of London,2025-05,public-order,26
City of London,2025-05,robbery,13
City of London,2025-05,shoplifting,68
City of London,2025-05,theft-from-the-person,150
City of London,2025-05,vehicle-crime,89
City of London,2025-05,violence-and-sexual-offences,268
City of London,2025-06,anti-social-behaviour,166
City of London,2025-06,bicycle-theft,11
City of London,2025-06,burglary,69
City of London,2025-06,criminal-damage-arson,54
City of London,2025-06,drugs,55
City of London,2025-06,miscellaneous-incidents,2
City of London,2025-06,other-theft,63
City of London,2025-06,possession-of-weapons,4
City of London,2025-06,public-order,27
City of London,2025-06,robbery,16
City of London,2025-06,shoplifting,66
City of London,2025-06,theft-from-the-person,116
City of London,2025-06,vehicle-crime,84
City of London,2025-06,violence-and-sexual-offences,272
City of London,2025-07,anti-social-behaviour,143
City of London,2025-07,bicycle-theft,7
City of London,2025-07,burglary,58
City of London,2025-07,criminal-damage-arson,65
City of London,2025-07,drugs,38
City of London,2025-07,miscellaneous-incidents,6
City of London,2025-07,other-theft,54
City of London,2025-07,possession-of-weapons,13
City of London,2025-07,public-order,28
City of London,2025-07,robbery,19
City of London,2025-07,shoplifting,58
City of London,2025-07,theft-from-the-person,135
City of London,2025-07,vehicle-crime,67
City of London,2025-07,violence-and-sexual-offences,246
City of London,2025-08,anti-social-behaviour,141
City of London,2025-08,bicycle-theft,5
City of London,2025-08,burglary,66
City of London,2025-08,criminal-damage-arson,61
City of London,2025-08,drugs,51
City of London,2025-08,miscellaneous-incidents,2
City of London,2025-08,other-theft,71
City of London,2025-08,possession-of-weapons,10
City of London,2025-08,public-order,25
City of London,2025-08,robbery,16
City of London,2025-08,shoplifting,78
City of London,2025-08,theft-from-the-person,128
City of London,2025-08,vehicle-crime,83
City of London,2025-08,violence-and-sexual-offences,255
City of London,2025-09,anti-social-behaviour,125
City of London,2025-09,bicycle-theft,9
City of London,2025-09,burglary,73
City of London,2025-09,criminal-damage-arson,66
City of London,2025-09,drugs,26
City of London,2025-09,miscellaneous-incidents,4
City of London,2025-09,other-theft,57
City of London,2025-09,possession-of-weapons,4
City of London,2025-09,public-order,31
City of London,2025-09,robbery,20
City of London,2025-09,shoplifting,54
City of London,2025-09,theft-from-the-person,101
City of London,2025-09,vehicle-crime,99
City of London,2025-09,violence-and-sexual-offences,177
City of London,2025-10,anti-social-behaviour,103
City of London,2025-10,bicycle-theft,14
City of London,2025-10,burglary,62
City of London,2025-10,criminal-damage-arson,64
City of London,2025-10,drugs,42
City of London,2025-10,miscellaneous-incidents,6
City of London,2025-10,other-theft,67
City of London,2025-10,possession-of-weapons,6
City of London,2025-10,public-order,31
City of London,2025-10,robbery,22
City of London,2025-10,shoplifting,72
City of London,2025-10,theft-from-the-person,85
City of London,2025-10,vehicle-crime,100
City of London,2025-10,violence-and-sexual-offences,158
City of London,2025-11,anti-social-behaviour,106
City of London,2025-11,bicycle-theft,13
City of London,2025-11,burglary,78
City of London,2025-11,criminal-damage-arson,56
City of London,2025-11,drugs,45
City of London,2025-11,miscellaneous-incidents,7
City of London,2025-11,other-theft,44
City of London,2025-11,possession-of-weapons,6
City of London,2025-11,public-order,27
City of London,2025-11,robbery,18
City of London,2025-11,shoplifting,59
City of London,2025-11,theft-from-the-person,72
City of London,2025-11,vehicle-crime,107
City of London,2025-11,violence-and-sexual-offences,178
City of London,2025-12,anti-social-behaviour,98
City of London,2025-12,bicycle-theft,12
City of London,2025-12,burglary,93
City of London,2025-12,criminal-damage-arson,80
City of London,2025-12,drugs,32
City of London,2025-12,miscellaneous-incidents,5
City of London,2025-12,other-theft,56
City of London,2025-12,possession-of-weapons,9
City of London,2025-12,public-order,32
City of London,2025-12,robbery,17
City of London,2025-12,shoplifting,70
City of London,2025-12,theft-from-the-person,82
City of London,2025-12,vehicle-crime,90
City of London,2025-12,violence-and-sexual-offences,136
Croydon,2024-01,anti-social-behaviour,125
Croydon,2024-01,bicycle-theft,20
Croydon,2024-01,burglary,121
Croydon,2024-01,criminal-damage-arson,89
Croydon,2024-01,drugs,55
Croydon,2024-01,miscellaneous-incidents,7
Croydon,2024-01,other-theft,61
Croydon,2024-01,possession-of-weapons,8
Croydon,2024-01,public-order,43
Croydon,2024-01,robbery,20
Croydon,2024-01,shoplifting,77
Croydon,2024-01,theft-from-the-person,109
Croydon,2024-01,vehicle-crime,161
Croydon,2024-01,violence-and-sexual-offences,202
Croydon,2024-02,anti-social-behaviour,133
Croydon,2024-02,bicycle-theft,12
Croydon,2024-02,burglary,105
Croydon,2024-02,criminal-damage-arson,91
Croydon,2024-02,drugs,50
Croydon,2024-02,miscellaneous-incidents,6
Croydon,2024-02,other-theft,64
Croydon,2024-02,possession-of-weapons,13
Croydon,2024-02,public-order,29
Croydon,2024-02,robbery,25
Croydon,2024-02,shoplifting,94
Croydon,2024-02,theft-from-the-person,116
Croydon,2024-02,vehicle-crime,104
Croydon,2024-02,violence-and-sexual-offences,207
Croydon,2024-03,anti-social-behaviour,172
Croydon,2024-03,bicycle-theft,14
Croydon,2024-03,burglary,94
Croydon,2024-03,criminal-damage-arson,90
Croydon,2024-03,drugs,64
Croydon,2024-03,miscellaneous-incidents,7
Croydon,2024-03,other-theft,73
Croydon,2024-03,possession-of-weapons,8
Croydon,2024-03,public-order,33
Croydon,2024-03,robbery,23
Croydon,2024-03,shoplifting,79
Croydon,2024-03,theft-from-the-person,140
Croydon,2024-03,vehicle-crime,112
Croydon,2024-03,violence-and-sexual-offences,245
Croydon,2024-04,anti-social-behaviour,194
Croydon,2024-04,bicycle-theft,10
Croydon,2024-04,burglary,98
Croydon,2024-04,criminal-damage-arson,94
Croydon,2024-04,drugs,56
Croydon,2024-04,miscellaneous-incidents,12
Croydon,2024-04,other-theft,72
Croydon,2024-04,possession-of-weapons,10
Croydon,2024-04,public-order,37
Croydon,2024-04,robbery,22
Croydon,2024-04,shoplifting,80
Croydon,2024-04,theft-from-the-person,154
Croydon,2024-04,vehicle-crime,92
Croydon,2024-04,violence-and-sexual-offences,271
Croydon,2024-05,anti-social-behaviour,176
Croydon,2024-05,bicycle-theft,8
Croydon,2024-05,burglary,91
Croydon,2024-05,criminal-damage-arson,84
Croydon,2024-05,drugs,53
Croydon,2024-05,miscellaneous-incidents,7
Croydon,2024-05,other-theft,66
Croydon,2024-05,possession-of-weapons,10
Croydon,2024-05,public-order,31
Croydon,2024-05,robbery,19
Croydon,2024-05,shoplifting,82
Croydon,2024-05,theft-from-the-person,165
Croydon,2024-05,vehicle-crime,102
Croydon,2024-05,violence-and-sexual-offences,302
Croydon,2024-06,anti-social-behaviour,205
Croydon,2024-06,bicycle-theft,17
Croydon,2024-06,burglary,82
Croydon,2024-06,criminal-damage-arson,108
Croydon,2024-06,drugs,54
Croydon,2024-06,miscellaneous-incidents,6
Croydon,2024-06,other-theft,68
Croydon,2024-06,possession-of-weapons,12
Croydon,2024-06,public-order,33
Croydon,2024-06,robbery,21
Croydon,2024-06,shoplifting,101
Croydon,2024-06,theft-from-the-person,176
Croydon,2024-06,vehicle-crime,83
Croydon,2024-06,violence-and-sexual-offences,299
Croydon,2024-07,anti-social-behaviour,187
Croydon,2024-07,bicycle-theft,13
Croydon,2024-07,burglary,84
Croydon,2024-07,criminal-damage-arson,90
Croydon,2024-07,drugs,50
Croydon,2024-07,miscellaneous-incidents,5
Croydon,2024-07,other-theft,51
Croydon,2024-07,possession-of-weapons,8
Croydon,2024-07,public-order,27
Croydon,2024-07,robbery,23
Croydon,2024-07,shoplifting,100
Croydon,2024-07,theft-from-the-person,160
Croydon,2024-07,vehicle-crime,98
Croydon,2024-07,violence-and-sexual-offences,325
Croydon,2024-08,anti-social-behaviour,189
Croydon,2024-08,bicycle-theft,16
Croydon,2024-08,burglary,65
Croydon,2024-08,criminal-damage-arson,94
Croydon,2024-08,drugs,51
Croydon,2024-08,miscellaneous-incidents,9
Croydon,2024-08,other-theft,77
Croydon,2024-08,possession-of-weapons,13
Croydon,2024-08,public-order,23
Croydon,2024-08,robbery,28
Croydon,2024-08,shoplifting,85
Croydon,2024-08,theft-from-the-person,159
Croydon,2024-08,vehicle-crime,104
Croydon,2024-08,violence-and-sexual-offences,271
Croydon,2024-09,anti-social-behaviour,178
Croydon,2024-09,bicycle-theft,13
Croydon,2024-09,burglary,106
Croydon,2024-09,criminal-damage-arson,93
Croydon,2024-09,drugs,57
Croydon,2024-09,miscellaneous-incidents,5
Croydon,2024-09,other-theft,62
Croydon,2024-09,possession-of-weapons,16
Croydon,2024-09,public-order,22
Croydon,2024-09,robbery,24
Croydon,2024-09,shoplifting,86
Croydon,2024-09,theft-from-the-person,134
Croydon,2024-09,vehicle-crime,115
Croydon,2024-09,violence-and-sexual-offences,256
Croydon,2024-10,anti-social-behaviour,122
Croydon,2024-10,bicycle-theft,15
Croydon,2024-10,burglary,104
Croydon,2024-10,criminal-damage-arson,107
Croydon,2024-10,drugs,70
Croydon,2024-10,miscellaneous-incidents,6
Croydon,2024-10,other-theft,60
Croydon,2024-10,possession-of-weapons,11
Croydon,2024-10,public-order,29
Croydon,2024-10,robbery,13
Croydon,2024-10,shoplifting,79
Croydon,2024-10,theft-from-the-person,128
Croydon,2024-10,vehicle-crime,104
Croydon,2024-10,violence-and-sexual-offences,248
Croydon,2024-11,anti-social-behaviour,118
Croydon,2024-11,bicycle-theft,15
Croydon,2024-11,burglary,117
Croydon,2024-11,criminal-damage-arson,89
Croydon,2024-11,drugs,47
Croydon,2024-11,miscellaneous-incidents,1
Croydon,2024-11,other-theft,64
Croydon,2024-11,possession-of-weapons,14
Croydon,2024-11,public-order,47
Croydon,2024-11,robbery,28
Croydon,2024-11,shoplifting,79
Croydon,2024-11,theft-from-the-person,120
Croydon,2024-11,vehicle-crime,107
Croydon,2024-11,violence-and-sexual-offences,180
Croydon,2024-12,anti-social-behaviour,114
Croydon,2024-12,bicycle-theft,10
Croydon,2024-12,burglary,108
Croydon,2024-12,criminal-damage-arson,81
Croydon,2024-12,drugs,59
Croydon,2024-12,miscellaneous-incidents,5
Croydon,2024-12,other-theft,76
Croydon,2024-12,possession-of-weapons,14
Croydon,2024-12,public-order,35
Croydon,2024-12,robbery,11
Croydon,2024-12,shoplifting,81
Croydon,2024-12,theft-from-the-person,106
Croydon,2024-12,vehicle-crime,138
Croydon,2024-12,violence-and-sexual-offences,179
Croydon,2025-01,anti-social-behaviour,130
Croydon,2025-01,bicycle-theft,13
Croydon,2025-01,burglary,109
Croydon,2025-01,criminal-damage-arson,89
Croydon,2025-01,drugs,55
Croydon,2025-01,miscellaneous-incidents,6
Croydon,2025-01,other-theft,65
Croydon,2025-01,possession-of-weapons,12
Croydon,2025-01,public-order,37
Croydon,2025-01,robbery,22
Croydon,2025-01,shoplifting,80
Croydon,2025-01,theft-from-the-person,120
Croydon,2025-01,vehicle-crime,145
Croydon,2025-01,violence-and-sexual-offences,189
Croydon,2025-02,anti-social-behaviour,129
Croydon,2025-02,bicycle-theft,13
Croydon,2025-02,burglary,107
Croydon,2025-02,criminal-damage-arson,89
Croydon,2025-02,drugs,63
Croydon,2025-02,miscellaneous-incidents,10
Croydon,2025-02,other-theft,56
Croydon,2025-02,possession-of-weapons,14
Croydon,2025-02,public-order,43
Croydon,2025-02,robbery,27
Croydon,2025-02,shoplifting,73
Croydon,2025-02,theft-from-the-person,113
Croydon,2025-02,vehicle-crime,142
Croydon,2025-02,violence-and-sexual-offences,219
Croydon,2025-03,anti-social-behaviour,141
Croydon,2025-03,bicycle-theft,14
Croydon,2025-03,burglary,88
Croydon,2025-03,criminal-damage-arson,92
Croydon,2025-03,drugs,61
Croydon,2025-03,miscellaneous-incidents,5
Croydon,2025-03,other-theft,67
Croydon,2025-03,possession-of-weapons,6
Croydon,2025-03,public-order,38
Croydon,2025-03,robbery,17
Croydon,2025-03,shoplifting,83
Croydon,2025-03,theft-from-the-person,141
Croydon,2025-03,vehicle-crime,123
Croydon,2025-03,violence-and-sexual-offences,264
Croydon,2025-04,anti-social-behaviour,168
Croydon,2025-04,bicycle-theft,12
Croydon,2025-04,burglary,86
Croydon,2025-04,criminal-damage-arson,104
Croydon,2025-04,drugs,60
Croydon,2025-04,miscellaneous-incidents,6
Croydon,2025-04,other-theft,63
Croydon,2025-04,possession-of-weapons,11
Croydon,2025-04,public-order,28
Croydon,2025-04,robbery,22
Croydon,2025-04,shoplifting,76
Croydon,2025-04,theft-from-the-person,145
Croydon,2025-04,vehicle-crime,100
Croydon,2025-04,violence-and-sexual-offences,298
Croydon,2025-05,anti-social-behaviour,199
Croydon,2025-05,bicycle-theft,15
Croydon,2025-05,burglary,70
Croydon,2025-05,criminal-damage-arson,89
Croydon,2025-05,drugs,57
Croydon,2025-05,miscellaneous-incidents,3
Croydon,2025-05,other-theft,67
Croydon,2025-05,possession-of-weapons,12
Croydon,2025-05,public-order,35
Croydon,2025-05,robbery,20
Croydon,2025-05,shoplifting,77
Croydon,2025-05,theft-from-the-person,161
Croydon,2025-05,vehicle-crime,85
Croydon,2025-05,violence-and-sexual-offences,328
Croydon,2025-06,anti-social-behaviour,204
Croydon,2025-06,bicycle-theft,8
Croydon,2025-06,burglary,66
Croydon,2025-06,criminal-damage-arson,80
Croydon,2025-06,drugs,63
Croydon,2025-06,miscellaneous-incidents,5
Croydon,2025-06,other-theft,84
Croydon,2025-06,possession-of-weapons,13
Croydon,2025-06,public-order,31
Croydon,2025-06,robbery,11
Croydon,2025-06,shoplifting,72
Croydon,2025-06,theft-from-the-person,159
Croydon,2025-06,vehicle-crime,90
Croydon,2025-06,violence-and-sexual-offences,322
Croydon,2025-07,anti-social-behaviour,206
Croydon,2025-07,bicycle-theft,10
Croydon,2025-07,burglary,93
Croydon,2025-07,criminal-damage-arson,82
Croydon,2025-07,drugs,52
Croydon,2025-07,miscellaneous-incidents,7
Croydon,2025-07,other-theft,67
Croydon,2025-07,possession-of-weapons,15
Croydon,2025-07,public-order,39
Croydon,2025-07,robbery,27
Croydon,2025-07,shoplifting,76
Croydon,2025-07,theft-from-the-person,155
Croydon,2025-07,vehicle-crime,94
Croydon,2025-07,violence-and-sexual-offences,327
Croydon,2025-08,anti-social-behaviour,219
Croydon,2025-08,bicycle-theft,9
Croydon,2025-08,burglary,83
Croydon,2025-08,criminal-damage-arson,95
Croydon,2025-08,drugs,48
Croydon,2025-08,miscellaneous-incidents,2
Croydon,2025-08,other-theft,82
Croydon,2025-08,possession-of-weapons,10
Croydon,2025-08,public-order,29
Croydon,2025-08,robbery,22
Croydon,2025-08,shoplifting,77
Croydon,2025-08,theft-from-the-person,174
Croydon,2025-08,vehicle-crime,97
Croydon,2025-08,violence-and-sexual-offences,283
Croydon,2025-09,anti-social-behaviour,154
Croydon,2025-09,bicycle-theft,10
Croydon,2025-09,burglary,109
Croydon,2025-09,criminal-damage-arson,100
Croydon,2025-09,drugs,60
Croydon,2025-09,miscellaneous-incidents,5
Croydon,2025-09,other-theft,65
Croydon,2025-09,possession-of-weapons,12
Croydon,2025-09,public-order,30
Croydon,2025-09,robbery,27
Croydon,2025-09,shoplifting,84
Croydon,2025-09,theft-from-the-person,156
Croydon,2025-09,vehicle-crime,111
Croydon,2025-09,violence-and-sexual-offences,261
Croydon,2025-10,anti-social-behaviour,155
Croydon,2025-10,bicycle-theft,11
Croydon,2025-10,burglary,98
Croydon,2025-10,criminal-damage-arson,89
Croydon,2025-10,drugs,74
Croydon,2025-10,miscellaneous-incidents,3
Croydon,2025-10,other-theft,75
Croydon,2025-10,possession-of-weapons,9
Croydon,2025-10,public-order,32
Croydon,2025-10,robbery,32
Croydon,2025-10,shoplifting,88
Croydon,2025-10,theft-from-the-person,123
Croydon,2025-10,vehicle-crime,113
Croydon,2025-10,violence-and-sexual-offences,220
Croydon,2025-11,anti-social-behaviour,105
Croydon,2025-11,bicycle-theft,10
Croydon,2025-11,burglary,96
Croydon,2025-11,criminal-damage-arson,83
Croydon,2025-11,drugs,54
Croydon,2025-11,miscellaneous-incidents,5
Croydon,2025-11,other-theft,79
Croydon,2025-11,possession-of-weapons,10
Croydon,2025-11,public-order,35
Croydon,2025-11,robbery,36
Croydon,2025-11,shoplifting,77
Croydon,2025-11,theft-from-the-person,103
Croydon,2025-11,vehicle-crime,147
Croydon,2025-11,violence-and-sexual-offences,209
Croydon,2025-12,anti-social-behaviour,125
Croydon,2025-12,bicycle-theft,16
Croydon,2025-12,burglary,117
Croydon,2025-12,criminal-damage-arson,63
Croydon,2025-12,drugs,53
Croydon,2025-12,miscellaneous-incidents,6
Croydon,2025-12,other-theft,77
Croydon,2025-12,possession-of-weapons,17
Croydon,2025-12,public-order,28
Croydon,2025-12,robbery,22
Croydon,2025-12,shoplifting,79
Croydon,2025-12,theft-from-the-person,123
Croydon,2025-12,vehicle-crime,155
Croydon,2025-12,violence-and-sexual-offences,182
Ealing,2024-01,anti-social-behaviour,119
Ealing,2024-01,bicycle-theft,14
Ealing,2024-01,burglary,72
Ealing,2024-01,criminal-damage-arson,68
Ealing,2024-01,drugs,55
Ealing,2024-01,miscellaneous-incidents,5
Ealing,2024-01,other-theft,61
Ealing,2024-01,possession-of-weapons,13
Ealing,2024-01,public-order,31
Ealing,2024-01,robbery,16
Ealing,2024-01,shoplifting,68
Ealing,2024-01,theft-from-the-person,92
Ealing,2024-01,vehicle-crime,111
Ealing,2024-01,violence-and-sexual-offences,180
Ealing,2024-02,anti-social-behaviour,112
Ealing,2024-02,bicycle-theft,5
Ealing,2024-02,burglary,93
Ealing,2024-02,criminal-damage-arson,81
Ealing,2024-02,drugs,44
Ealing,2024-02,miscellaneous-incidents,8
Ealing,2024-02,other-theft,60
Ealing,2024-02,possession-of-weapons,12
Ealing,2024-02,public-order,32
Ealing,2024-02,robbery,23
Ealing,2024-02,shoplifting,74
Ealing,2024-02,theft-from-the-person,108
Ealing,2024-02,vehicle-crime,107
Ealing,2024-02,violence-and-sexual-offences,181
Ealing,2024-03,anti-social-behaviour,123
Ealing,2024-03,bicycle-theft,9
Ealing,2024-03,burglary,74
Ealing,2024-03,criminal-damage-arson,68
Ealing,2024-03,drugs,50
Ealing,2024-03,miscellaneous-incidents,7
Ealing,2024-03,other-theft,64
Ealing,2024-03,possession-of-weapons,12
Ealing,2024-03,public-order,35
Ealing,2024-03,robbery,16
Ealing,2024-03,shoplifting,69
Ealing,2024-03,theft-from-the-person,94
Ealing,2024-03,vehicle-crime,84
Ealing,2024-03,violence-and-sexual-offences,192
Ealing,2024-04,anti-social-behaviour,117
Ealing,2024-04,bicycle-theft,10
Ealing,2024-04,burglary,56
Ealing,2024-04,criminal-damage-arson,60
Ealing,2024-04,drugs,47
Ealing,2024-04,miscellaneous-incidents,5
Ealing,2024-04,other-theft,67
Ealing,2024-04,possession-of-weapons,9
Ealing,2024-04,public-order,26
Ealing,2024-04,robbery,12
Ealing,2024-04,shoplifting,70
Ealing,2024-04,theft-from-the-person,114
Ealing,2024-04,vehicle-crime,79
Ealing,2024-04,violence-and-sexual-offences,238
Ealing,2024-05,anti-social-behaviour,168
Ealing,2024-05,bicycle-theft,12
Ealing,2024-05,burglary,63
Ealing,2024-05,criminal-damage-arson,88
Ealing,2024-05,drugs,48
Ealing,2024-05,miscellaneous-incidents,1
Ealing,2024-05,other-theft,45
Ealing,2024-05,possession-of-weapons,11
Ealing,2024-05,public-order,31
Ealing,2024-05,robbery,23
Ealing,2024-05,shoplifting,79
Ealing,2024-05,theft-from-the-person,186
Ealing,2024-05,vehicle-crime,79
Ealing,2024-05,violence-and-sexual-offences,263
Ealing,2024-06,anti-social-behaviour,177
Ealing,2024-06,bicycle-theft,5
Ealing,2024-06,burglary,51
Ealing,2024-06,criminal-damage-arson,75
Ealing,2024-06,drugs,50
Ealing,2024-06,miscellaneous-incidents,6
Ealing,2024-06,other-theft,63
Ealing,2024-06,possession-of-weapons,11
Ealing,2024-06,public-order,29
Ealing,2024-06,robbery,19
Ealing,2024-06,shoplifting,65
Ealing,2024-06,theft-from-the-person,136
Ealing,2024-06,vehicle-crime,78
Ealing,2024-06,violence-and-sexual-offences,272
Ealing,2024-07,anti-social-behaviour,166
Ealing,2024-07,bicycle-theft,15
Ealing,2024-07,burglary,48
Ealing,2024-07,criminal-damage-arson,81
Ealing,2024-07,drugs,30
Ealing,2024-07,miscellaneous-incidents,4
Ealing,2024-07,other-theft,62
Ealing,2024-07,possession-of-weapons,11
Ealing,2024-07,public-order,35
Ealing,2024-07,robbery,18
Ealing,2024-07,shoplifting,63
Ealing,2024-07,theft-from-the-person,142
Ealing,2024-07,vehicle-crime,68
Ealing,2024-07,violence-and-sexual-offences,285
Ealing,2024-08,anti-social-behaviour,166
Ealing,2024-08,bicycle-theft,8
Ealing,2024-08,burglary,52
Ealing,2024-08,criminal-damage-arson,73
Ealing,2024-08,drugs,47
Ealing,2024-08,miscellaneous-incidents,5
Ealing,2024-08,other-theft,57
Ealing,2024-08,possession-of-weapons,9
Ealing,2024-08,public-order,36
Ealing,2024-08,robbery,20
Ealing,2024-08,shoplifting,66
Ealing,2024-08,theft-from-the-person,127
Ealing,2024-08,vehicle-crime,73
Ealing,2024-08,violence-and-sexual-offences,263
Ealing,2024-09,anti-social-behaviour,115
Ealing,2024-09,bicycle-theft,5
Ealing,2024-09,burglary,64
Ealing,2024-09,criminal-damage-arson,76
Ealing,2024-09,drugs,56
Ealing,2024-09,miscellaneous-incidents,5
Ealing,2024-09,other-theft,56
Ealing,2024-09,possession-of-weapons,6
Ealing,2024-09,public-order,26
Ealing,2024-09,robbery,11
Ealing,2024-09,shoplifting,64
Ealing,2024-09,theft-from-the-person,108
Ealing,2024-09,vehicle-crime,95
Ealing,2024-09,violence-and-sexual-offences,225
Ealing,2024-10,anti-social-behaviour,113
Ealing,2024-10,bicycle-theft,7
Ealing,2024-10,burglary,112
Ealing,2024-10,criminal-damage-arson,89
Ealing,2024-10,drugs,46
Ealing,2024-10,miscellaneous-incidents,7
Ealing,2024-10,other-theft,57
Ealing,2024-10,possession-of-weapons,10
Ealing,2024-10,public-order,26
Ealing,2024-10,robbery,20
Ealing,2024-10,shoplifting,79
Ealing,2024-10,theft-from-the-person,108
Ealing,2024-10,vehicle-crime,113
Ealing,2024-10,violence-and-sexual-offences,199
Ealing,2024-11,anti-social-behaviour,106
Ealing,2024-11,bicycle-theft,10
Ealing,2024-11,burglary,86
Ealing,2024-11,criminal-damage-arson,71
Ealing,2024-11,drugs,43
Ealing,2024-11,miscellaneous-incidents,1
Ealing,2024-11,other-theft,47
Ealing,2024-11,possession-of-weapons,10
Ealing,2024-11,public-order,29
Ealing,2024-11,robbery,12
Ealing,2024-11,shoplifting,74
Ealing,2024-11,theft-from-the-person,90
Ealing,2024-11,vehicle-crime,107
Ealing,2024-11,violence-and-sexual-offences,152
Ealing,2024-12,anti-social-behaviour,76
Ealing,2024-12,bicycle-theft,6
Ealing,2024-12,burglary,98
Ealing,2024-12,criminal-damage-arson,66
Ealing,2024-12,drugs,60
Ealing,2024-12,miscellaneous-incidents,7
Ealing,2024-12,other-theft,55
Ealing,2024-12,possession-of-weapons,13
Ealing,2024-12,public-order,35
Ealing,2024-12,robbery,18
Ealing,2024-12,shoplifting,53
Ealing,2024-12,theft-from-the-person,100
Ealing,2024-12,vehicle-crime,128
Ealing,2024-12,violence-and-sexual-offences,152
Ealing,2025-01,anti-social-behaviour,109
Ealing,2025-01,bicycle-theft,11
Ealing,2025-01,burglary,83
Ealing,2025-01,criminal-damage-arson,89
Ealing,2025-01,drugs,45
Ealing,2025-01,miscellaneous-incidents,4
Ealing,2025-01,other-theft,65
Ealing,2025-01,possession-of-weapons,6
Ealing,2025-01,public-order,24
Ealing,2025-01,robbery,20
Ealing,2025-01,shoplifting,68
Ealing,2025-01,theft-from-the-person,83
Ealing,2025-01,vehicle-crime,96
Ealing,2025-01,violence-and-sexual-offences,160
Ealing,2025-02,anti-social-behaviour,112
Ealing,2025-02,bicycle-theft,17
Ealing,2025-02,burglary,81
Ealing,2025-02,criminal-damage-arson,91
Ealing,2025-02,drugs,55
Ealing,2025-02,miscellaneous-incidents,7
Ealing,2025-02,other-theft,46
Ealing,2025-02,possession-of-weapons,10
Ealing,2025-02,public-order,27
Ealing,2025-02,robbery,17
Ealing,2025-02,shoplifting,81
Ealing,2025-02,theft-from-the-person,94
Ealing,2025-02,vehicle-crime,130
Ealing,2025-02,violence-and-sexual-offences,180
Ealing,2025-03,anti-social-behaviour,142
Ealing,2025-03,bicycle-theft,7
Ealing,2025-03,burglary,65
Ealing,2025-03,criminal-damage-arson,60
Ealing,2025-03,drugs,44
Ealing,2025-03,miscellaneous-incidents,3
Ealing,2025-03,other-theft,63
Ealing,2025-03,possession-of-weapons,11
Ealing,2025-03,public-order,36
Ealing,2025-03,robbery,25
Ealing,2025-03,shoplifting,66
Ealing,2025-03,theft-from-the-person,115
Ealing,2025-03,vehicle-crime,93
Ealing,2025-03,violence-and-sexual-offences,218
Ealing,2025-04,anti-social-behaviour,146
Ealing,2025-04,bicycle-theft,6
Ealing,2025-04,burglary,63
Ealing,2025-04,criminal-damage-arson,79
Ealing,2025-04,drugs,46
Ealing,2025-04,miscellaneous-incidents,4
Ealing,2025-04,other-theft,51
Ealing,2025-04,possession-of-weapons,10
Ealing,2025-04,public-order,27
Ealing,2025-04,robbery,14
Ealing,2025-04,shoplifting,67
Ealing,2025-04,theft-from-the-person,126
Ealing,2025-04,vehicle-crime,95
Ealing,2025-04,violence-and-sexual-offences,236
Ealing,2025-05,anti-social-behaviour,161
Ealing,2025-05,bicycle-theft,10
Ealing,2025-05,burglary,75
Ealing,2025-05,criminal-damage-arson,79
Ealing,2025-05,drugs,55
Ealing,2025-05,miscellaneous-incidents,7
Ealing,2025-05,other-theft,65
Ealing,2025-05,possession-of-weapons,10
Ealing,2025-05,public-order,26
Ealing,2025-05,robbery,24
Ealing,2025-05,shoplifting,61
Ealing,2025-05,theft-from-the-person,131
Ealing,2025-05,vehicle-crime,98
Ealing,2025-05,violence-and-sexual-offences,246
Ealing,2025-06,anti-social-behaviour,153
Ealing,2025-06,bicycle-theft,10
Ealing,2025-06,burglary,53
Ealing,2025-06,criminal-damage-arson,79
Ealing,2025-06,drugs,54
Ealing,2025-06,miscellaneous-incidents,5
Ealing,2025-06,other-theft,50
Ealing,2025-06,possession-of-weapons,9
Ealing,2025-06,public-order,33
Ealing,2025-06,robbery,24
Ealing,2025-06,shoplifting,73
Ealing,2025-06,theft-from-the-person,135
Ealing,2025-06,vehicle-crime,81
Ealing,2025-06,violence-and-sexual-offences,252
Ealing,2025-07,anti-social-behaviour,176
Ealing,2025-07,bicycle-theft,10
Ealing,2025-07,burglary,61
Ealing,2025-07,criminal-damage-arson,84
Ealing,2025-07,drugs,42
Ealing,2025-07,miscellaneous-incidents,1
Ealing,2025-07,other-theft,52
Ealing,2025-07,possession-of-weapons,10
Ealing,2025-07,public-order,22
Ealing,2025-07,robbery,25
Ealing,2025-07,shoplifting,74
Ealing,2025-07,theft-from-the-person,125
Ealing,2025-07,vehicle-crime,75
Ealing,2025-07,violence-and-sexual-offences,252
Ealing,2025-08,anti-social-behaviour,134
Ealing,2025-08,bicycle-theft,8
Ealing,2025-08,burglary,85
Ealing,2025-08,criminal-damage-arson,81
Ealing,2025-08,drugs,45
Ealing,2025-08,miscellaneous-incidents,9
Ealing,2025-08,other-theft,58
Ealing,2025-08,possession-of-weapons,9
Ealing,2025-08,public-order,30
Ealing,2025-08,robbery,14
Ealing,2025-08,shoplifting,75
Ealing,2025-08,theft-from-the-person,152
Ealing,2025-08,vehicle-crime,80
Ealing,2025-08,violence-and-sexual-offences,239
Ealing,2025-09,anti-social-behaviour,115
Ealing,2025-09,bicycle-theft,5
Ealing,2025-09,burglary,64
Ealing,2025-09,criminal-damage-arson,76
Ealing,2025-09,drugs,50
Ealing,2025-09,miscellaneous-incidents,3
Ealing,2025-09,other-theft,48
Ealing,2025-09,possession-of-weapons,12
Ealing,2025-09,public-order,21
Ealing,2025-09,robbery,23
Ealing,2025-09,shoplifting,51
Ealing,2025-09,theft-from-the-person,107
Ealing,2025-09,vehicle-crime,106
Ealing,2025-09,violence-and-sexual-offences,182
Ealing,2025-10,anti-social-behaviour,140
Ealing,2025-10,bicycle-theft,9
Ealing,2025-10,burglary,93
Ealing,2025-10,criminal-damage-arson,77
Ealing,2025-10,drugs,40
Ealing,2025-10,miscellaneous-incidents,1
Ealing,2025-10,other-theft,61
Ealing,2025-10,possession-of-weapons,10
Ealing,2025-10,public-order,23
Ealing,2025-10,robbery,18
Ealing,2025-10,shoplifting,68
Ealing,2025-10,theft-from-the-person,101
Ealing,2025-10,vehicle-crime,108
Ealing,2025-10,violence-and-sexual-offences,197
Ealing,2025-11,anti-social-behaviour,82
Ealing,2025-11,bicycle-theft,11
Ealing,2025-11,burglary,93
Ealing,2025-11,criminal-damage-arson,87
Ealing,2025-11,drugs,55
Ealing,2025-11,miscellaneous-incidents,5
Ealing,2025-11,other-theft,58
Ealing,2025-11,possession-of-weapons,14
Ealing,2025-11,public-order,19
Ealing,2025-11,robbery,18
Ealing,2025-11,shoplifting,56
Ealing,2025-11,theft-from-the-person,81
Ealing,2025-11,vehicle-crime,116
Ealing,2025-11,violence-and-sexual-offences,183
Ealing,2025-12,anti-social-behaviour,103
Ealing,2025-12,bicycle-theft,9
Ealing,2025-12,burglary,100
Ealing,2025-12,criminal-damage-arson,66
Ealing,2025-12,drugs,39
Ealing,2025-12,miscellaneous-incidents,4
Ealing,2025-12,other-theft,59
Ealing,2025-12,possession-of-weapons,5
Ealing,2025-12,public-order,25
Ealing,2025-12,robbery,16
Ealing,2025-12,shoplifting,62
Ealing,2025-12,theft-from-the-person,92
Ealing,2025-12,vehicle-crime,105
Ealing,2025-12,violence-and-sexual-offences,157
Enfield,2024-01,anti-social-behaviour,94
Enfield,2024-01,bicycle-theft,6
Enfield,2024-01,burglary,75
Enfield,2024-01,criminal-damage-arson,80
Enfield,2024-01,drugs,41
Enfield,2024-01,miscellaneous-incidents,7
Enfield,2024-01,other-theft,71
Enfield,2024-01,possession-of-weapons,9
Enfield,2024-01,public-order,32
Enfield,2024-01,robbery,17
Enfield,2024-01,shoplifting,58
Enfield,2024-01,theft-from-the-person,82
Enfield,2024-01,vehicle-crime,106
Enfield,2024-01,violence-and-sexual-offences,170
Enfield,2024-02,anti-social-behaviour,126
Enfield,2024-02,bicycle-theft,8
Enfield,2024-02,burglary,62
Enfield,2024-02,criminal-damage-arson,64
Enfield,2024-02,drugs,45
Enfield,2024-02,miscellaneous-incidents,7
Enfield,2024-02,other-theft,61
Enfield,2024-02,possession-of-weapons,8
Enfield,2024-02,public-order,22
Enfield,2024-02,robbery,15
Enfield,2024-02,shoplifting,61
Enfield,2024-02,theft-from-the-person,99
Enfield,2024-02,vehicle-crime,83
Enfield,2024-02,violence-and-sexual-offences,179
Enfield,2024-03,anti-social-behaviour,97
Enfield,2024-03,bicycle-theft,8
Enfield,2024-03,burglary,86
Enfield,2024-03,criminal-damage-arson,80
Enfield,2024-03,drugs,46
Enfield,2024-03,miscellaneous-incidents,1
Enfield,2024-03,other-theft,59
Enfield,2024-03,possession-of-weapons,9
Enfield,2024-03,public-order,29
Enfield,2024-03,robbery,11
Enfield,2024-03,shoplifting,65
Enfield,2024-03,theft-from-the-person,115
Enfield,2024-03,vehicle-crime,80
Enfield,2024-03,violence-and-sexual-offences,181
Enfield,2024-04,anti-social-behaviour,121
Enfield,2024-04,bicycle-theft,2
Enfield,2024-04,burglary,63
Enfield,2024-04,criminal-damage-arson,71
Enfield,2024-04,drugs,49
Enfield,2024-04,miscellaneous-incidents,3
Enfield,2024-04,other-theft,47
Enfield,2024-04,possession-of-weapons,8
Enfield,2024-04,public-order,22
Enfield,2024-04,robbery,18
Enfield,2024-04,shoplifting,46
Enfield,2024-04,theft-from-the-person,110
Enfield,2024-04,vehicle-crime,72
Enfield,2024-04,violence-and-sexual-offences,214
Enfield,2024-05,anti-social-behaviour,148
Enfield,2024-05,bicycle-theft,6
Enfield,2024-05,burglary,51
Enfield,2024-05,criminal-damage-arson,78
Enfield,2024-05,drugs,32
Enfield,2024-05,miscellaneous-incidents,4
Enfield,2024-05,other-theft,48
Enfield,2024-05,possession-of-weapons,4
Enfield,2024-05,public-order,29
Enfield,2024-05,robbery,23
Enfield,2024-05,shoplifting,54
Enfield,2024-05,theft-from-the-person,132
Enfield,2024-05,vehicle-crime,83
Enfield,2024-05,violence-and-sexual-offences,222
Enfield,2024-06,anti-social-behaviour,134
Enfield,2024-06,bicycle-theft,8
Enfield,2024-06,burglary,57
Enfield,2024-06,criminal-damage-arson,77
Enfield,2024-06,drugs,46
Enfield,2024-06,miscellaneous-incidents,3
Enfield,2024-06,other-theft,63
Enfield,2024-06,possession-of-weapons,7
Enfield,2024-06,public-order,19
Enfield,2024-06,robbery,15
Enfield,2024-06,shoplifting,72
Enfield,2024-06,theft-from-the-person,124
Enfield,2024-06,vehicle-crime,61
Enfield,2024-06,violence-and-sexual-offences,226
Enfield,2024-07,anti-social-behaviour,154
Enfield,2024-07,bicycle-theft,8
Enfield,2024-07,burglary,51
Enfield,2024-07,criminal-damage-arson,61
Enfield,2024-07,drugs,42
Enfield,2024-07,miscellaneous-incidents,5
Enfield,2024-07,other-theft,63
Enfield,2024-07,possession-of-weapons,7
Enfield,2024-07,public-order,19
Enfield,2024-07,robbery,12
Enfield,2024-07,shoplifting,60
Enfield,2024-07,theft-from-the-person,127
Enfield,2024-07,vehicle-crime,72
Enfield,2024-07,violence-and-sexual-offences,237
Enfield,2024-08,anti-social-behaviour,154
Enfield,2024-08,bicycle-theft,8
Enfield,2024-08,burglary,56
Enfield,2024-08,criminal-damage-arson,63
Enfield,2024-08,drugs,40
Enfield,2024-08,miscellaneous-incidents,4
Enfield,2024-08,other-theft,54
Enfield,2024-08,possession-of-weapons,11
Enfield,2024-08,public-order,27
Enfield,2024-08,robbery,20
Enfield,2024-08,shoplifting,59
Enfield,2024-08,theft-from-the-person,129
Enfield,2024-08,vehicle-crime,71
Enfield,2024-08,violence-and-sexual-offences,224
Enfield,2024-09,anti-social-behaviour,135
Enfield,2024-09,bicycle-theft,9
Enfield,2024-09,burglary,81
Enfield,2024-09,criminal-damage-arson,65
Enfield,2024-09,drugs,41
Enfield,2024-09,miscellaneous-incidents,4
Enfield,2024-09,other-theft,57
Enfield,2024-09,possession-of-weapons,9
Enfield,2024-09,public-order,33
Enfield,2024-09,robbery,23
Enfield,2024-09,shoplifting,77
Enfield,2024-09,theft-from-the-person,98
Enfield,2024-09,vehicle-crime,85
Enfield,2024-09,violence-and-sexual-offences,201
Enfield,2024-10,anti-social-behaviour,123
Enfield,2024-10,bicycle-theft,9
Enfield,2024-10,burglary,71
Enfield,2024-10,criminal-damage-arson,70
Enfield,2024-10,drugs,39
Enfield,2024-10,miscellaneous-incidents,3
Enfield,2024-10,other-theft,46
Enfield,2024-10,possession-of-weapons,13
Enfield,2024-10,public-order,27
Enfield,2024-10,robbery,18
Enfield,2024-10,shoplifting,50
Enfield,2024-10,theft-from-the-person,101
Enfield,2024-10,vehicle-crime,82
Enfield,2024-10,violence-and-sexual-offences,152
Enfield,2024-11,anti-social-behaviour,88
Enfield,2024-11,bicycle-theft,7
Enfield,2024-11,burglary,84
Enfield,2024-11,criminal-damage-arson,67
Enfield,2024-11,drugs,35
Enfield,2024-11,miscellaneous-incidents,4
Enfield,2024-11,other-theft,42
Enfield,2024-11,possession-of-weapons,9
Enfield,2024-11,public-order,33
Enfield,2024-11,robbery,15
Enfield,2024-11,shoplifting,55
Enfield,2024-11,theft-from-the-person,83
Enfield,2024-11,vehicle-crime,96
Enfield,2024-11,violence-and-sexual-offences,161
Enfield,2024-12,anti-social-behaviour,105
Enfield,2024-12,bicycle-theft,3
Enfield,2024-12,burglary,86
Enfield,2024-12,criminal-damage-arson,78
Enfield,2024-12,drugs,58
Enfield,2024-12,miscellaneous-incidents,5
Enfield,2024-12,other-theft,51
Enfield,2024-12,possession-of-weapons,14
Enfield,2024-12,public-order,29
Enfield,2024-12,robbery,20
Enfield,2024-12,shoplifting,62
Enfield,2024-12,theft-from-the-person,83
Enfield,2024-12,vehicle-crime,95
Enfield,2024-12,violence-and-sexual-offences,148
Enfield,2025-01,anti-social-behaviour,103
Enfield,2025-01,bicycle-theft,13
Enfield,2025-01,burglary,71
Enfield,2025-01,criminal-damage-arson,76
Enfield,2025-01,drugs,42
Enfield,2025-01,miscellaneous-incidents,3
Enfield,2025-01,other-theft,49
Enfield,2025-01,possession-of-weapons,8
Enfield,2025-01,public-order,28
Enfield,2025-01,robbery,13
Enfield,2025-01,shoplifting,68
Enfield,2025-01,theft-from-the-person,88
Enfield,2025-01,vehicle-crime,101
Enfield,2025-01,violence-and-sexual-offences,149
Enfield,2025-02,anti-social-behaviour,94
Enfield,2025-02,bicycle-theft,8
Enfield,2025-02,burglary,80
Enfield,2025-02,criminal-damage-arson,74
Enfield,2025-02,drugs,42
Enfield,2025-02,miscellaneous-incidents,4
Enfield,2025-02,other-theft,68
Enfield,2025-02,possession-of-weapons,8
Enfield,2025-02,public-order,31
Enfield,2025-02,robbery,17
Enfield,2025-02,shoplifting,53
Enfield,2025-02,theft-from-the-person,87
Enfield,2025-02,vehicle-crime,96
Enfield,2025-02,violence-and-sexual-offences,191
Enfield,2025-03,anti-social-behaviour,124
Enfield,2025-03,bicycle-theft,12
Enfield,2025-03,burglary,85
Enfield,2025-03,criminal-damage-arson,72
Enfield,2025-03,drugs,48
Enfield,2025-03,miscellaneous-incidents,7
Enfield,2025-03,other-theft,47
Enfield,2025-03,possession-of-weapons,4
Enfield,2025-03,public-order,33
Enfield,2025-03,robbery,21
Enfield,2025-03,shoplifting,61
Enfield,2025-03,theft-from-the-person,114
Enfield,2025-03,vehicle-crime,98
Enfield,2025-03,violence-and-sexual-offences,173
Enfield,2025-04,anti-social-behaviour,136
Enfield,2025-04,bicycle-theft,10
Enfield,2025-04,burglary,74
Enfield,2025-04,criminal-damage-arson,57
Enfield,2025-04,drugs,47
Enfield,2025-04,miscellaneous-incidents,6
Enfield,2025-04,other-theft,56
Enfield,2025-04,possession-of-weapons,13
Enfield,2025-04,public-order,19
Enfield,2025-04,robbery,19
Enfield,2025-04,shoplifting,60
Enfield,2025-04,theft-from-the-person,109
Enfield,2025-04,vehicle-crime,76
Enfield,2025-04,violence-and-sexual-offences,227
Enfield,2025-05,anti-social-behaviour,160
Enfield,2025-05,bicycle-theft,11
Enfield,2025-05,burglary,57
Enfield,2025-05,criminal-damage-arson,78
Enfield,2025-05,drugs,47
Enfield,2025-05,miscellaneous-incidents,2
Enfield,2025-05,other-theft,52
Enfield,2025-05,possession-of-weapons,3
Enfield,2025-05,public-order,19
Enfield,2025-05,robbery,18
Enfield,2025-05,shoplifting,60
Enfield,2025-05,theft-from-the-person,149
Enfield,2025-05,vehicle-crime,55
Enfield,2025-05,violence-and-sexual-offences,243
Enfield,2025-06,anti-social-behaviour,154
Enfield,2025-06,bicycle-theft,13
Enfield,2025-06,burglary,63
Enfield,2025-06,criminal-damage-arson,69
Enfield,2025-06,drugs,50
Enfield,2025-06,miscellaneous-incidents,7
Enfield,2025-06,other-theft,47
Enfield,2025-06,possession-of-weapons,6
Enfield,2025-06,public-order,27
Enfield,2025-06,robbery,19
Enfield,2025-06,shoplifting,75
Enfield,2025-06,theft-from-the-person,138
Enfield,2025-06,vehicle-crime,74
Enfield,2025-06,violence-and-sexual-offences,237
Enfield,2025-07,anti-social-behaviour,151
Enfield,2025-07,bicycle-theft,4
Enfield,2025-07,burglary,65
Enfield,2025-07,criminal-damage-arson,62
Enfield,2025-07,drugs,37
Enfield,2025-07,miscellaneous-incidents,1
Enfield,2025-07,other-theft,56
Enfield,2025-07,possession-of-weapons,11
Enfield,2025-07,public-order,26
Enfield,2025-07,robbery,13
Enfield,2025-07,shoplifting,52
Enfield,2025-07,theft-from-the-person,129
Enfield,2025-07,vehicle-crime,80
Enfield,2025-07,violence-and-sexual-offences,250
Enfield,2025-08,anti-social-behaviour,145
Enfield,2025-08,bicycle-theft,11
Enfield,2025-08,burglary,57
Enfield,2025-08,criminal-damage-arson,64
Enfield,2025-08,drugs,47
Enfield,2025-08,miscellaneous-incidents,3
Enfield,2025-08,other-theft,54
Enfield,2025-08,possession-of-weapons,9
Enfield,2025-08,public-order,23
Enfield,2025-08,robbery,17
Enfield,2025-08,shoplifting,53
Enfield,2025-08,theft-from-the-person,127
Enfield,2025-08,vehicle-crime,86
Enfield,2025-08,violence-and-sexual-offences,224
Enfield,2025-09,anti-social-behaviour,125
Enfield,2025-09,bicycle-theft,12
Enfield,2025-09,burglary,79
Enfield,2025-09,criminal-damage-arson,77
Enfield,2025-09,drugs,39
Enfield,2025-09,miscellaneous-incidents,5
Enfield,2025-09,other-theft,61
Enfield,2025-09,possession-of-weapons,4
Enfield,2025-09,public-order,30
Enfield,2025-09,robbery,10
Enfield,2025-09,shoplifting,60
Enfield,2025-09,theft-from-the-person,101
Enfield,2025-09,vehicle-crime,84
Enfield,2025-09,violence-and-sexual-offences,184
Enfield,2025-10,anti-social-behaviour,108
Enfield,2025-10,bicycle-theft,9
Enfield,2025-10,burglary,78
Enfield,2025-10,criminal-damage-arson,70
Enfield,2025-10,drugs,38
Enfield,2025-10,miscellaneous-incidents,1
Enfield,2025-10,other-theft,48
Enfield,2025-10,possession-of-weapons,12
Enfield,2025-10,public-order,19
Enfield,2025-10,robbery,20
Enfield,2025-10,shoplifting,73
Enfield,2025-10,theft-from-the-person,103
Enfield,2025-10,vehicle-crime,92
Enfield,2025-10,violence-and-sexual-offences,148
Enfield,2025-11,anti-social-behaviour,90
Enfield,2025-11,bicycle-theft,11
Enfield,2025-11,burglary,86
Enfield,2025-11,criminal-damage-arson,68
Enfield,2025-11,drugs,45
Enfield,2025-11,miscellaneous-incidents,5
Enfield,2025-11,other-theft,52
Enfield,2025-11,possession-of-weapons,6
Enfield,2025-11,public-order,31
Enfield,2025-11,robbery,13
Enfield,2025-11,shoplifting,68
Enfield,2025-11,theft-from-the-person,75
Enfield,2025-11,vehicle-crime,111
Enfield,2025-11,violence-and-sexual-offences,164
Enfield,2025-12,anti-social-behaviour,95
Enfield,2025-12,bicycle-theft,12
Enfield,2025-12,burglary,87
Enfield,2025-12,criminal-damage-arson,87
Enfield,2025-12,drugs,48
Enfield,2025-12,miscellaneous-incidents,3
Enfield,2025-12,other-theft,57
Enfield,2025-12,possession-of-weapons,12
Enfield,2025-12,public-order,17
Enfield,2025-12,robbery,19
Enfield,2025-12,shoplifting,66
Enfield,2025-12,theft-from-the-person,92
Enfield,2025-12,vehicle-crime,103
Enfield,2025-12,violence-and-sexual-offences,166
Greenwich,2024-01,anti-social-behaviour,108
Greenwich,2024-01,bicycle-theft,13
Greenwich,2024-01,burglary,62
Greenwich,2024-01,criminal-damage-arson,65
Greenwich,2024-01,drugs,40
Greenwich,2024-01,miscellaneous-incidents,1
Greenwich,2024-01,other-theft,63
Greenwich,2024-01,possession-of-weapons,9
Greenwich,2024-01,public-order,25
Greenwich,2024-01,robbery,12
Greenwich,2024-01,shoplifting,48
Greenwich,2024-01,theft-from-the-person,81
Greenwich,2024-01,vehicle-crime,106
Greenwich,2024-01,violence-and-sexual-offences,144
Greenwich,2024-02,anti-social-behaviour,99
Greenwich,2024-02,bicycle-theft,7
Greenwich,2024-02,burglary,56
Greenwich,2024-02,criminal-damage-arson,65
Greenwich,2024-02,drugs,36
Greenwich,2024-02,miscellaneous-incidents,3
Greenwich,2024-02,other-theft,45
Greenwich,2024-02,possession-of-weapons,10
Greenwich,2024-02,public-order,26
Greenwich,2024-02,robbery,17
Greenwich,2024-02,shoplifting,60
Greenwich,2024-02,theft-from-the-person,91
Greenwich,2024-02,vehicle-crime,87
Greenwich,2024-02,violence-and-sexual-offences,168
Greenwich,2024-03,anti-social-behaviour,109
Greenwich,2024-03,bicycle-theft,11
Greenwich,2024-03,burglary,60
Greenwich,2024-03,criminal-damage-arson,56
Greenwich,2024-03,drugs,30
Greenwich,2024-03,miscellaneous-incidents,8
Greenwich,2024-03,other-theft,46
Greenwich,2024-03,possession-of-weapons,7
Greenwich,2024-03,public-order,26
Greenwich,2024-03,robbery,10
Greenwich,2024-03,shoplifting,52
Greenwich,2024-03,theft-from-the-person,102
Greenwich,2024-03,vehicle-crime,69
Greenwich,2024-03,violence-and-sexual-offences,179
Greenwich,2024-04,anti-social-behaviour,139
Greenwich,2024-04,bicycle-theft,6
Greenwich,2024-04,burglary,61
Greenwich,2024-04,criminal-damage-arson,44
Greenwich,2024-04,drugs,42
Greenwich,2024-04,miscellaneous-incidents,4
Greenwich,2024-04,other-theft,54
Greenwich,2024-04,possession-of-weapons,9
Greenwich,2024-04,public-order,30
Greenwich,2024-04,robbery,15
Greenwich,2024-04,shoplifting,65
Greenwich,2024-04,theft-from-the-person,103
Greenwich,2024-04,vehicle-crime,76
Greenwich,2024-04,violence-and-sexual-offences,203
Greenwich,2024-05,anti-social-behaviour,138
Greenwich,2024-05,bicycle-theft,11
Greenwich,2024-05,burglary,65
Greenwich,2024-05,criminal-damage-arson,67
Greenwich,2024-05,drugs,34
Greenwich,2024-05,miscellaneous-incidents,2
Greenwich,2024-05,other-theft,49
Greenwich,2024-05,possession-of-weapons,12
Greenwich,2024-05,public-order,29
Greenwich,2024-05,robbery,14
Greenwich,2024-05,shoplifting,60
Greenwich,2024-05,theft-from-the-person,101
Greenwich,2024-05,vehicle-crime,39
Greenwich,2024-05,violence-and-sexual-offences,239
Greenwich,2024-06,anti-social-behaviour,130
Greenwich,2024-06,bicycle-theft,6
Greenwich,2024-06,burglary,44
Greenwich,2024-06,criminal-damage-arson,54
Greenwich,2024-06,drugs,46
Greenwich,2024-06,miscellaneous-incidents,7
Greenwich,2024-06,other-theft,51
Greenwich,2024-06,possession-of-weapons,7
Greenwich,2024-06,public-order,21
Greenwich,2024-06,robbery,11
Greenwich,2024-06,shoplifting,58
Greenwich,2024-06,theft-from-the-person,133
Greenwich,2024-06,vehicle-crime,81
Greenwich,2024-06,violence-and-sexual-offences,249
Greenwich,2024-07,anti-social-behaviour,137
Greenwich,2024-07,bicycle-theft,8
Greenwich,2024-07,burglary,45
Greenwich,2024-07,criminal-damage-arson,73
Greenwich,2024-07,drugs,36
Greenwich,2024-07,miscellaneous-incidents,4
Greenwich,2024-07,other-theft,54
Greenwich,2024-07,possession-of-weapons,6
Greenwich,2024-07,public-order,31
Greenwich,2024-07,robbery,18
Greenwich,2024-07,shoplifting,61
Greenwich,2024-07,theft-from-the-person,108
Greenwich,2024-07,vehicle-crime,61
Greenwich,2024-07,violence-and-sexual-offences,199
Greenwich,2024-08,anti-social-behaviour,133
Greenwich,2024-08,bicycle-theft,2
Greenwich,2024-08,burglary,54
Greenwich,2024-08,criminal-damage-arson,68
Greenwich,2024-08,drugs,35
Greenwich,2024-08,miscellaneous-incidents,2
Greenwich,2024-08,other-theft,46
Greenwich,2024-08,possession-of-weapons,4
Greenwich,2024-08,public-order,28
Greenwich,2024-08,robbery,16
Greenwich,2024-08,shoplifting,45
Greenwich,2024-08,theft-from-the-person,110
Greenwich,2024-08,vehicle-crime,78
Greenwich,2024-08,violence-and-sexual-offences,200
Greenwich,2024-09,anti-social-behaviour,122
Greenwich,2024-09,bicycle-theft,8
Greenwich,2024-09,burglary,62
Greenwich,2024-09,criminal-damage-arson,59
Greenwich,2024-09,drugs,36
Greenwich,2024-09,miscellaneous-incidents,4
Greenwich,2024-09,other-theft,48
Greenwich,2024-09,possession-of-weapons,13
Greenwich,2024-09,public-order,25
Greenwich,2024-09,robbery,12
Greenwich,2024-09,shoplifting,45
Greenwich,2024-09,theft-from-the-person,75
Greenwich,2024-09,vehicle-crime,78
Greenwich,2024-09,violence-and-sexual-offences,165
Greenwich,2024-10,anti-social-behaviour,102
Greenwich,2024-10,bicycle-theft,9
Greenwich,2024-10,burglary,77
Greenwich,2024-10,criminal-damage-arson,57
Greenwich,2024-10,drugs,38
Greenwich,2024-10,miscellaneous-incidents,1
Greenwich,2024-10,other-theft,34
Greenwich,2024-10,possession-of-weapons,7
Greenwich,2024-10,public-order,25
Greenwich,2024-10,robbery,15
Greenwich,2024-10,shoplifting,54
Greenwich,2024-10,theft-from-the-person,77
Greenwich,2024-10,vehicle-crime,78
Greenwich,2024-10,violence-and-sexual-offences,146
Greenwich,2024-11,anti-social-behaviour,80
Greenwich,2024-11,bicycle-theft,10
Greenwich,2024-11,burglary,64
Greenwich,2024-11,criminal-damage-arson,69
Greenwich,2024-11,drugs,48
Greenwich,2024-11,miscellaneous-incidents,7
Greenwich,2024-11,other-theft,59
Greenwich,2024-11,possession-of-weapons,2
Greenwich,2024-11,public-order,18
Greenwich,2024-11,robbery,12
Greenwich,2024-11,shoplifting,61
Greenwich,2024-11,theft-from-the-person,88
Greenwich,2024-11,vehicle-crime,91
Greenwich,2024-11,violence-and-sexual-offences,153
Greenwich,2024-12,anti-social-behaviour,93
Greenwich,2024-12,bicycle-theft,13
Greenwich,2024-12,burglary,80
Greenwich,2024-12,criminal-damage-arson,65
Greenwich,2024-12,drugs,42
Greenwich,2024-12,miscellaneous-incidents,3
Greenwich,2024-12,other-theft,48
Greenwich,2024-12,possession-of-weapons,16
Greenwich,2024-12,public-order,29
Greenwich,2024-12,robbery,15
Greenwich,2024-12,shoplifting,62
Greenwich,2024-12,theft-from-the-person,76
Greenwich,2024-12,vehicle-crime,102
Greenwich,2024-12,violence-and-sexual-offences,141
Greenwich,2025-01,anti-social-behaviour,113
Greenwich,2025-01,bicycle-theft,11
Greenwich,2025-01,burglary,81
Greenwich,2025-01,criminal-damage-arson,69
Greenwich,2025-01,drugs,40
Greenwich,2025-01,miscellaneous-incidents,1
Greenwich,2025-01,other-theft,66
Greenwich,2025-01,possession-of-weapons,11
Greenwich,2025-01,public-order,22
Greenwich,2025-01,robbery,18
Greenwich,2025-01,shoplifting,66
Greenwich,2025-01,theft-from-the-person,66
Greenwich,2025-01,vehicle-crime,114
Greenwich,2025-01,violence-and-sexual-offences,136
Greenwich,2025-02,anti-social-behaviour,106
Greenwich,2025-02,bicycle-theft,6
Greenwich,2025-02,burglary,76
Greenwich,2025-02,criminal-damage-arson,59
Greenwich,2025-02,drugs,48
Greenwich,2025-02,miscellaneous-incidents,1
Greenwich,2025-02,other-theft,53
Greenwich,2025-02,possession-of-weapons,14
Greenwich,2025-02,public-order,32
Greenwich,2025-02,robbery,13
Greenwich,2025-02,shoplifting,44
Greenwich,2025-02,theft-from-the-person,90
Greenwich,2025-02,vehicle-crime,91
Greenwich,2025-02,violence-and-sexual-offences,156
Greenwich,2025-03,anti-social-behaviour,118
Greenwich,2025-03,bicycle-theft,7
Greenwich,2025-03,burglary,75
Greenwich,2025-03,criminal-damage-arson,72
Greenwich,2025-03,drugs,46
Greenwich,2025-03,miscellaneous-incidents,5
Greenwich,2025-03,other-theft,55
Greenwich,2025-03,possession-of-weapons,15
Greenwich,2025-03,public-order,26
Greenwich,2025-03,robbery,16
Greenwich,2025-03,shoplifting,62
Greenwich,2025-03,theft-from-the-person,105
Greenwich,2025-03,vehicle-crime,86
Greenwich,2025-03,violence-and-sexual-offences,199
Greenwich,2025-04,anti-social-behaviour,141
Greenwich,2025-04,bicycle-theft,10
Greenwich,2025-04,burglary,55
Greenwich,2025-04,criminal-damage-arson,61
Greenwich,2025-04,drugs,35
Greenwich,2025-04,miscellaneous-incidents,7
Greenwich,2025-04,other-theft,39
Greenwich,2025-04,possession-of-weapons,8
Greenwich,2025-04,public-order,22
Greenwich,2025-04,robbery,18
Greenwich,2025-04,shoplifting,56
Greenwich,2025-04,theft-from-the-person,105
Greenwich,2025-04,vehicle-crime,58
Greenwich,2025-04,violence-and-sexual-offences,202
Greenwich,2025-05,anti-social-behaviour,133
Greenwich,2025-05,bicycle-theft,6
Greenwich,2025-05,burglary,57
Greenwich,2025-05,criminal-damage-arson,59
Greenwich,2025-05,drugs,33
Greenwich,2025-05,miscellaneous-incidents,4
Greenwich,2025-05,other-theft,56
Greenwich,2025-05,possession-of-weapons,8
Greenwich,2025-05,public-order,25
Greenwich,2025-05,robbery,16
Greenwich,2025-05,shoplifting,57
Greenwich,2025-05,theft-from-the-person,124
Greenwich,2025-05,vehicle-crime,66
Greenwich,2025-05,violence-and-sexual-offences,223
Greenwich,2025-06,anti-social-behaviour,136
Greenwich,2025-06,bicycle-theft,9
Greenwich,2025-06,burglary,60
Greenwich,2025-06,criminal-damage-arson,57
Greenwich,2025-06,drugs,49
Greenwich,2025-06,miscellaneous-incidents,4
Greenwich,2025-06,other-theft,48
Greenwich,2025-06,possession-of-weapons,9
Greenwich,2025-06,public-order,20
Greenwich,2025-06,robbery,21
Greenwich,2025-06,shoplifting,61
Greenwich,2025-06,theft-from-the-person,107
Greenwich,2025-06,vehicle-crime,62
Greenwich,2025-06,violence-and-sexual-offences,221
Greenwich,2025-07,anti-social-behaviour,134
Greenwich,2025-07,bicycle-theft,6
Greenwich,2025-07,burglary,48
Greenwich,2025-07,criminal-damage-arson,65
Greenwich,2025-07,drugs,50
Greenwich,2025-07,miscellaneous-incidents,6
Greenwich,2025-07,other-theft,47
Greenwich,2025-07,possession-of-weapons,7
Greenwich,2025-07,public-order,24
Greenwich,2025-07,robbery,22
Greenwich,2025-07,shoplifting,57
Greenwich,2025-07,theft-from-the-person,121
Greenwich,2025-07,vehicle-crime,69
Greenwich,2025-07,violence-and-sexual-offences,210
Greenwich,2025-08,anti-social-behaviour,143
Greenwich,2025-08,bicycle-theft,11
Greenwich,2025-08,burglary,63
Greenwich,2025-08,criminal-damage-arson,62
Greenwich,2025-08,drugs,40
Greenwich,2025-08,miscellaneous-incidents,5
Greenwich,2025-08,other-theft,46
Greenwich,2025-08,possession-of-weapons,10
Greenwich,2025-08,public-order,28
Greenwich,2025-08,robbery,16
Greenwich,2025-08,shoplifting,50
Greenwich,2025-08,theft-from-the-person,113
Greenwich,2025-08,vehicle-crime,83
Greenwich,2025-08,violence-and-sexual-offences,177
Greenwich,2025-09,anti-social-behaviour,113
Greenwich,2025-09,bicycle-theft,5
Greenwich,2025-09,burglary,59
Greenwich,2025-09,criminal-damage-arson,70
Greenwich,2025-09,drugs,46
Greenwich,2025-09,miscellaneous-incidents,5
Greenwich,2025-09,other-theft,52
Greenwich,2025-09,possession-of-weapons,12
Greenwich,2025-09,public-order,17
Greenwich,2025-09,robbery,17
Greenwich,2025-09,shoplifting,68
Greenwich,2025-09,theft-from-the-person,104
Greenwich,2025-09,vehicle-crime,86
Greenwich,2025-09,violence-and-sexual-offences,190
Greenwich,2025-10,anti-social-behaviour,103
Greenwich,2025-10,bicycle-theft,12
Greenwich,2025-10,burglary,80
Greenwich,2025-10,criminal-damage-arson,67
Greenwich,2025-10,drugs,34
Greenwich,2025-10,miscellaneous-incidents,4
Greenwich,2025-10,other-theft,54
Greenwich,2025-10,possession-of-weapons,6
Greenwich,2025-10,public-order,26
Greenwich,2025-10,robbery,14
Greenwich,2025-10,shoplifting,67
Greenwich,2025-10,theft-from-the-person,85
Greenwich,2025-10,vehicle-crime,99
Greenwich,2025-10,violence-and-sexual-offences,144
Greenwich,2025-11,anti-social-behaviour,97
Greenwich,2025-11,bicycle-theft,6
Greenwich,2025-11,burglary,78
Greenwich,2025-11,criminal-damage-arson,54
Greenwich,2025-11,drugs,34
Greenwich,2025-11,miscellaneous-incidents,5
Greenwich,2025-11,other-theft,50
Greenwich,2025-11,possession-of-weapons,10
Greenwich,2025-11,public-order,24
Greenwich,2025-11,robbery,18
Greenwich,2025-11,shoplifting,44
Greenwich,2025-11,theft-from-the-person,81
Greenwich,2025-11,vehicle-crime,96
Greenwich,2025-11,violence-and-sexual-offences,151
Greenwich,2025-12,anti-social-behaviour,75
Greenwich,2025-12,bicycle-theft,10
Greenwich,2025-12,burglary,74
Greenwich,2025-12,criminal-damage-arson,66
Greenwich,2025-12,drugs,43
Greenwich,2025-12,miscellaneous-incidents,5
Greenwich,2025-12,other-theft,37
Greenwich,2025-12,possession-of-weapons,7
Greenwich,2025-12,public-order,35
Greenwich,2025-12,robbery,16
Greenwich,2025-12,shoplifting,70
Greenwich,2025-12,theft-from-the-person,77
Greenwich,2025-12,vehicle-crime,96
Greenwich,2025-12,violence-and-sexual-offences,132
Hackney,2024-01,anti-social-behaviour,155
Hackney,2024-01,bicycle-theft,7
Hackney,2024-01,burglary,137
Hackney,2024-01,criminal-damage-arson,93
Hackney,2024-01,drugs,53
Hackney,2024-01,miscellaneous-incidents,8
Hackney,2024-01,other-theft,79
Hackney,2024-01,possession-of-weapons,10
Hackney,2024-01,public-order,35
Hackney,2024-01,robbery,33
Hackney,2024-01,shoplifting,80
Hackney,2024-01,theft-from-the-person,115
Hackney,2024-01,vehicle-crime,123
Hackney,2024-01,violence-and-sexual-offences,208
Hackney,2024-02,anti-social-behaviour,166
Hackney,2024-02,bicycle-theft,11
Hackney,2024-02,burglary,122
Hackney,2024-02,criminal-damage-arson,107
Hackney,2024-02,drugs,76
Hackney,2024-02,miscellaneous-incidents,4
Hackney,2024-02,other-theft,67
Hackney,2024-02,possession-of-weapons,7
Hackney,2024-02,public-order,39
Hackney,2024-02,robbery,25
Hackney,2024-02,shoplifting,93
Hackney,2024-02,theft-from-the-person,139
Hackney,2024-02,vehicle-crime,147
Hackney,2024-02,violence-and-sexual-offences,236
Hackney,2024-03,anti-social-behaviour,190
Hackney,2024-03,bicycle-theft,12
Hackney,2024-03,burglary,102
Hackney,2024-03,criminal-damage-arson,103
Hackney,2024-03,drugs,60
Hackney,2024-03,miscellaneous-incidents,8
Hackney,2024-03,other-theft,86
Hackney,2024-03,possession-of-weapons,8
Hackney,2024-03,public-order,37
Hackney,2024-03,robbery,27
Hackney,2024-03,shoplifting,89
Hackney,2024-03,theft-from-the-person,149
Hackney,2024-03,vehicle-crime,119
Hackney,2024-03,violence-and-sexual-offences,269
Hackney,2024-04,anti-social-behaviour,208
Hackney,2024-04,bicycle-theft,9
Hackney,2024-04,burglary,101
Hackney,2024-04,criminal-damage-arson,123
Hackney,2024-04,drugs,69
Hackney,2024-04,miscellaneous-incidents,5
Hackney,2024-04,other-theft,79
Hackney,2024-04,possession-of-weapons,17
Hackney,2024-04,public-order,40
Hackney,2024-04,robbery,40
Hackney,2024-04,shoplifting,80
Hackney,2024-04,theft-from-the-person,178
Hackney,2024-04,vehicle-crime,97
Hackney,2024-04,violence-and-sexual-offences,317
Hackney,2024-05,anti-social-behaviour,209
Hackney,2024-05,bicycle-theft,18
Hackney,2024-05,burglary,77
Hackney,2024-05,criminal-damage-arson,121
Hackney,2024-05,drugs,57
Hackney,2024-05,miscellaneous-incidents,5
Hackney,2024-05,other-theft,73
Hackney,2024-05,possession-of-weapons,9
Hackney,2024-05,public-order,36
Hackney,2024-05,robbery,23
Hackney,2024-05,shoplifting,92
Hackney,2024-05,theft-from-the-person,203
Hackney,2024-05,vehicle-crime,94
Hackney,2024-05,violence-and-sexual-offences,360
Hackney,2024-06,anti-social-behaviour,206
Hackney,2024-06,bicycle-theft,12
Hackney,2024-06,burglary,94
Hackney,2024-06,criminal-damage-arson,108
Hackney,2024-06,drugs,70
Hackney,2024-06,miscellaneous-incidents,5
Hackney,2024-06,other-theft,89
Hackney,2024-06,possession-of-weapons,14
Hackney,2024-06,public-order,45
Hackney,2024-06,robbery,28
Hackney,2024-06,shoplifting,101
Hackney,2024-06,theft-from-the-person,199
Hackney,2024-06,vehicle-crime,100
Hackney,2024-06,violence-and-sexual-offences,357
Hackney,2024-07,anti-social-behaviour,228
Hackney,2024-07,bicycle-theft,10
Hackney,2024-07,burglary,101
Hackney,2024-07,criminal-damage-arson,106
Hackney,2024-07,drugs,60
Hackney,2024-07,miscellaneous-incidents,7
Hackney,2024-07,other-theft,93
Hackney,2024-07,possession-of-weapons,12
Hackney,2024-07,public-order,35
Hackney,2024-07,robbery,32
Hackney,2024-07,shoplifting,88
Hackney,2024-07,theft-from-the-person,187
Hackney,2024-07,vehicle-crime,109
Hackney,2024-07,violence-and-sexual-offences,329
Hackney,2024-08,anti-social-behaviour,194
Hackney,2024-08,bicycle-theft,15
Hackney,2024-08,burglary,92
Hackney,2024-08,criminal-damage-arson,94
Hackney,2024-08,drugs,70
Hackney,2024-08,miscellaneous-incidents,9
Hackney,2024-08,other-theft,87
Hackney,2024-08,possession-of-weapons,19
Hackney,2024-08,public-order,41
Hackney,2024-08,robbery,21
Hackney,2024-08,shoplifting,108
Hackney,2024-08,theft-from-the-person,184
Hackney,2024-08,vehicle-crime,114
Hackney,2024-08,violence-and-sexual-offences,308
Hackney,2024-09,anti-social-behaviour,186
Hackney,2024-09,bicycle-theft,12
Hackney,2024-09,burglary,101
Hackney,2024-09,criminal-damage-arson,110
Hackney,2024-09,drugs,48
Hackney,2024-09,miscellaneous-incidents,7
Hackney,2024-09,other-theft,73
Hackney,2024-09,possession-of-weapons,5
Hackney,2024-09,public-order,37
Hackney,2024-09,robbery,24
Hackney,2024-09,shoplifting,89
Hackney,2024-09,theft-from-the-person,159
Hackney,2024-09,vehicle-crime,132
Hackney,2024-09,violence-and-sexual-offences,304
Hackney,2024-10,anti-social-behaviour,188
Hackney,2024-10,bicycle-theft,11
Hackney,2024-10,burglary,110
Hackney,2024-10,criminal-damage-arson,107
Hackney,2024-10,drugs,71
Hackney,2024-10,miscellaneous-incidents,8
Hackney,2024-10,other-theft,81
Hackney,2024-10,possession-of-weapons,15
Hackney,2024-10,public-order,41
Hackney,2024-10,robbery,25
Hackney,2024-10,shoplifting,97
Hackney,2024-10,theft-from-the-person,140
Hackney,2024-10,vehicle-crime,139
Hackney,2024-10,violence-and-sexual-offences,265
Hackney,2024-11,anti-social-behaviour,184
Hackney,2024-11,bicycle-theft,8
Hackney,2024-11,burglary,110
Hackney,2024-11,criminal-damage-arson,108
Hackney,2024-11,drugs,60
Hackney,2024-11,miscellaneous-incidents,9
Hackney,2024-11,other-theft,100
Hackney,2024-11,possession-of-weapons,8
Hackney,2024-11,public-order,33
Hackney,2024-11,robbery,24
Hackney,2024-11,shoplifting,83
Hackney,2024-11,theft-from-the-person,147
Hackney,2024-11,vehicle-crime,153
Hackney,2024-11,violence-and-sexual-offences,199
Hackney,2024-12,anti-social-behaviour,140
Hackney,2024-12,bicycle-theft,10
Hackney,2024-12,burglary,116
Hackney,2024-12,criminal-damage-arson,124
Hackney,2024-12,drugs,72
Hackney,2024-12,miscellaneous-incidents,6
Hackney,2024-12,other-theft,77
Hackney,2024-12,possession-of-weapons,15
Hackney,2024-12,public-order,41
Hackney,2024-12,robbery,22
Hackney,2024-12,shoplifting,71
Hackney,2024-12,theft-from-the-person,111
Hackney,2024-12,vehicle-crime,165
Hackney,2024-12,violence-and-sexual-offences,217
Hackney,2025-01,anti-social-behaviour,131
Hackney,2025-01,bicycle-theft,11
Hackney,2025-01,burglary,132
Hackney,2025-01,criminal-damage-arson,117
Hackney,2025-01,drugs,58
Hackney,2025-01,miscellaneous-incidents,4
Hackney,2025-01,other-theft,84
Hackney,2025-01,possession-of-weapons,19
Hackney,2025-01,public-order,35
Hackney,2025-01,robbery,21
Hackney,2025-01,shoplifting,101
Hackney,2025-01,theft-from-the-person,119
Hackney,2025-01,vehicle-crime,159
Hackney,2025-01,violence-and-sexual-offences,253
Hackney,2025-02,anti-social-behaviour,164
Hackney,2025-02,bicycle-theft,13
Hackney,2025-02,burglary,113
Hackney,2025-02,criminal-damage-arson,100
Hackney,2025-02,drugs,66
Hackney,2025-02,miscellaneous-incidents,8
Hackney,2025-02,other-theft,85
Hackney,2025-02,possession-of-weapons,11
Hackney,2025-02,public-order,28
Hackney,2025-02,robbery,18
Hackney,2025-02,shoplifting,99
Hackney,2025-02,theft-from-the-person,138
Hackney,2025-02,vehicle-crime,165
Hackney,2025-02,violence-and-sexual-offences,244
Hackney,2025-03,anti-social-behaviour,161
Hackney,2025-03,bicycle-theft,15
Hackney,2025-03,burglary,116
Hackney,2025-03,criminal-damage-arson,97
Hackney,2025-03,drugs,62
Hackney,2025-03,miscellaneous-incidents,10
Hackney,2025-03,other-theft,58
Hackney,2025-03,possession-of-weapons,9
Hackney,2025-03,public-order,30
Hackney,2025-03,robbery,28
Hackney,2025-03,shoplifting,102
Hackney,2025-03,theft-from-the-person,173
Hackney,2025-03,vehicle-crime,135
Hackney,2025-03,violence-and-sexual-offences,275
Hackney,2025-04,anti-social-behaviour,209
Hackney,2025-04,bicycle-theft,15
Hackney,2025-04,burglary,92
Hackney,2025-04,criminal-damage-arson,107
Hackney,2025-04,drugs,72
Hackney,2025-04,miscellaneous-incidents,11
Hackney,2025-04,other-theft,87
Hackney,2025-04,possession-of-weapons,6
Hackney,2025-04,public-order,34
Hackney,2025-04,robbery,14
Hackney,2025-04,shoplifting,108
Hackney,2025-04,theft-from-the-person,178
Hackney,2025-04,vehicle-crime,111
Hackney,2025-04,violence-and-sexual-offences,308
Hackney,2025-05,anti-social-behaviour,218
Hackney,2025-05,bicycle-theft,14
Hackney,2025-05,burglary,87
Hackney,2025-05,criminal-damage-arson,86
Hackney,2025-05,drugs,68
Hackney,2025-05,miscellaneous-incidents,7
Hackney,2025-05,other-theft,84
Hackney,2025-05,possession-of-weapons,15
Hackney,2025-05,public-order,37
Hackney,2025-05,robbery,28
Hackney,2025-05,shoplifting,109
Hackney,2025-05,theft-from-the-person,168
Hackney,2025-05,vehicle-crime,106
Hackney,2025-05,violence-and-sexual-offences,369
Hackney,2025-06,anti-social-behaviour,230
Hackney,2025-06,bicycle-theft,15
Hackney,2025-06,burglary,77
Hackney,2025-06,criminal-damage-arson,110
Hackney,2025-06,drugs,67
Hackney,2025-06,miscellaneous-incidents,11
Hackney,2025-06,other-theft,88
Hackney,2025-06,possession-of-weapons,10
Hackney,2025-06,public-order,39
Hackney,2025-06,robbery,38
Hackney,2025-06,shoplifting,79
Hackney,2025-06,theft-from-the-person,174
Hackney,2025-06,vehicle-crime,114
Hackney,2025-06,violence-and-sexual-offences,375
Hackney,2025-07,anti-social-behaviour,244
Hackney,2025-07,bicycle-theft,10
Hackney,2025-07,burglary,86
Hackney,2025-07,criminal-damage-arson,100
Hackney,2025-07,drugs,69
Hackney,2025-07,miscellaneous-incidents,5
Hackney,2025-07,other-theft,72
Hackney,2025-07,possession-of-weapons,15
Hackney,2025-07,public-order,34
Hackney,2025-07,robbery,18
Hackney,2025-07,shoplifting,100
Hackney,2025-07,theft-from-the-person,207
Hackney,2025-07,vehicle-crime,97
Hackney,2025-07,violence-and-sexual-offences,373
Hackney,2025-08,anti-social-behaviour,203
Hackney,2025-08,bicycle-theft,14
Hackney,2025-08,burglary,82
Hackney,2025-08,criminal-damage-arson,97
Hackney,2025-08,drugs,73
Hackney,2025-08,miscellaneous-incidents,9
Hackney,2025-08,other-theft,67
Hackney,2025-08,possession-of-weapons,10
Hackney,2025-08,public-order,47
Hackney,2025-08,robbery,24
Hackney,2025-08,shoplifting,112
Hackney,2025-08,theft-from-the-person,182
Hackney,2025-08,vehicle-crime,103
Hackney,2025-08,violence-and-sexual-offences,350
Hackney,2025-09,anti-social-behaviour,172
Hackney,2025-09,bicycle-theft,7
Hackney,2025-09,burglary,106
Hackney,2025-09,criminal-damage-arson,116
Hackney,2025-09,drugs,74
Hackney,2025-09,miscellaneous-incidents,5
Hackney,2025-09,other-theft,66
Hackney,2025-09,possession-of-weapons,10
Hackney,2025-09,public-order,45
Hackney,2025-09,robbery,31
Hackney,2025-09,shoplifting,88
Hackney,2025-09,theft-from-the-person,148
Hackney,2025-09,vehicle-crime,154
Hackney,2025-09,violence-and-sexual-offences,290
Hackney,2025-10,anti-social-behaviour,160
Hackney,2025-10,bicycle-theft,15
Hackney,2025-10,burglary,109
Hackney,2025-10,criminal-damage-arson,107
Hackney,2025-10,drugs,63
Hackney,2025-10,miscellaneous-incidents,6
Hackney,2025-10,other-theft,64
Hackney,2025-10,possession-of-weapons,10
Hackney,2025-10,public-order,32
Hackney,2025-10,robbery,31
Hackney,2025-10,shoplifting,90
Hackney,2025-10,theft-from-the-person,128
Hackney,2025-10,vehicle-crime,146
Hackney,2025-10,violence-and-sexual-offences,225
Hackney,2025-11,anti-social-behaviour,144
Hackney,2025-11,bicycle-theft,13
Hackney,2025-11,burglary,120
Hackney,2025-11,criminal-damage-arson,91
Hackney,2025-11,drugs,60
Hackney,2025-11,miscellaneous-incidents,4
Hackney,2025-11,other-theft,76
Hackney,2025-11,possession-of-weapons,12
Hackney,2025-11,public-order,39
Hackney,2025-11,robbery,27
Hackney,2025-11,shoplifting,82
Hackney,2025-11,theft-from-the-person,140
Hackney,2025-11,vehicle-crime,176
Hackney,2025-11,violence-and-sexual-offences,188
Hackney,2025-12,anti-social-behaviour,133
Hackney,2025-12,bicycle-theft,4
Hackney,2025-12,burglary,124
Hackney,2025-12,criminal-damage-arson,97
Hackney,2025-12,drugs,68
Hackney,2025-12,miscellaneous-incidents,6
Hackney,2025-12,other-theft,62
Hackney,2025-12,possession-of-weapons,11
Hackney,2025-12,public-order,35
Hackney,2025-12,robbery,22
Hackney,2025-12,shoplifting,98
Hackney,2025-12,theft-from-the-person,114
Hackney,2025-12,vehicle-crime,146
Hackney,2025-12,violence-and-sexual-offences,221
Hammersmith and Fulham,2024-01,anti-social-behaviour,97
Hammersmith and Fulham,2024-01,bicycle-theft,6
Hammersmith and Fulham,2024-01,burglary,87
Hammersmith and Fulham,2024-01,criminal-damage-arson,67
Hammersmith and Fulham,2024-01,drugs,44
Hammersmith and Fulham,2024-01,miscellaneous-incidents,6
Hammersmith and Fulham,2024-01,other-theft,54
Hammersmith and Fulham,2024-01,possession-of-weapons,11
Hammersmith and Fulham,2024-01,public-order,33
Hammersmith and Fulham,2024-01,robbery,21
Hammersmith and Fulham,2024-01,shoplifting,45
Hammersmith and Fulham,2024-01,theft-from-the-person,87
Hammersmith and Fulham,2024-01,vehicle-crime,108
Hammersmith and Fulham,2024-01,violence-and-sexual-offences,138
Hammersmith and Fulham,2024-02,anti-social-behaviour,101
Hammersmith and Fulham,2024-02,bicycle-theft,12
Hammersmith and Fulham,2024-02,burglary,84
Hammersmith and Fulham,2024-02,criminal-damage-arson,71
Hammersmith and Fulham,2024-02,drugs,47
Hammersmith and Fulham,2024-02,miscellaneous-incidents,6
Hammersmith and Fulham,2024-02,other-theft,34
Hammersmith and Fulham,2024-02,possession-of-weapons,6
Hammersmith and Fulham,2024-02,public-order,24
Hammersmith and Fulham,2024-02,robbery,14
Hammersmith and Fulham,2024-02,shoplifting,55
Hammersmith and Fulham,2024-02,theft-from-the-person,105
Hammersmith and Fulham,2024-02,vehicle-crime,104
Hammersmith and Fulham,2024-02,violence-and-sexual-offences,171
Hammersmith and Fulham,2024-03,anti-social-behaviour,139
Hammersmith and Fulham,2024-03,bicycle-theft,8
Hammersmith and Fulham,2024-03,burglary,68
Hammersmith and Fulham,2024-03,criminal-damage-arson,72
Hammersmith and Fulham,2024-03,drugs,37
Hammersmith and Fulham,2024-03,miscellaneous-incidents,2
Hammersmith and Fulham,2024-03,other-theft,55
Hammersmith and Fulham,2024-03,possession-of-weapons,10
Hammersmith and Fulham,2024-03,public-order,17
Hammersmith and Fulham,2024-03,robbery,19
Hammersmith and Fulham,2024-03,shoplifting,60
Hammersmith and Fulham,2024-03,theft-from-the-person,112
Hammersmith and Fulham,2024-03,vehicle-crime,90
Hammersmith and Fulham,2024-03,violence-and-sexual-offences,217
Hammersmith and Fulham,2024-04,anti-social-behaviour,150
Hammersmith and Fulham,2024-04,bicycle-theft,5
Hammersmith and Fulham,2024-04,burglary,65
Hammersmith and Fulham,2024-04,criminal-damage-arson,88
Hammersmith and Fulham,2024-04,drugs,50
Hammersmith and Fulham,2024-04,miscellaneous-incidents,4
Hammersmith and Fulham,2024-04,other-theft,53
Hammersmith and Fulham,2024-04,possession-of-weapons,11
Hammersmith and Fulham,2024-04,public-order,23
Hammersmith and Fulham,2024-04,robbery,19
Hammersmith and Fulham,2024-04,shoplifting,57
Hammersmith and Fulham,2024-04,theft-from-the-person,112
Hammersmith and Fulham,2024-04,vehicle-crime,97
Hammersmith and Fulham,2024-04,violence-and-sexual-offences,202
Hammersmith and Fulham,2024-05,anti-social-behaviour,160
Hammersmith and Fulham,2024-05,bicycle-theft,8
Hammersmith and Fulham,2024-05,burglary,63
Hammersmith and Fulham,2024-05,criminal-damage-arson,65
Hammersmith and Fulham,2024-05,drugs,49
Hammersmith and Fulham,2024-05,miscellaneous-incidents,3
Hammersmith and Fulham,2024-05,other-theft,60
Hammersmith and Fulham,2024-05,possession-of-weapons,13
Hammersmith and Fulham,2024-05,public-order,33
Hammersmith and Fulham,2024-05,robbery,18
Hammersmith and Fulham,2024-05,shoplifting,72
Hammersmith and Fulham,2024-05,theft-from-the-person,132
Hammersmith and Fulham,2024-05,vehicle-crime,78
Hammersmith and Fulham,2024-05,violence-and-sexual-offences,235
Hammersmith and Fulham,2024-06,anti-social-behaviour,140
Hammersmith and Fulham,2024-06,bicycle-theft,6
Hammersmith and Fulham,2024-06,burglary,60
Hammersmith and Fulham,2024-06,criminal-damage-arson,82
Hammersmith and Fulham,2024-06,drugs,48
Hammersmith and Fulham,2024-06,miscellaneous-incidents,3
Hammersmith and Fulham,2024-06,other-theft,57
Hammersmith and Fulham,2024-06,possession-of-weapons,12
Hammersmith and Fulham,2024-06,public-order,34
Hammersmith and Fulham,2024-06,robbery,7
Hammersmith and Fulham,2024-06,shoplifting,61
Hammersmith and Fulham,2024-06,theft-from-the-person,137
Hammersmith and Fulham,2024-06,vehicle-crime,86
Hammersmith and Fulham,2024-06,violence-and-sexual-offences,235
Hammersmith and Fulham,2024-07,anti-social-behaviour,131
Hammersmith and Fulham,2024-07,bicycle-theft,4
Hammersmith and Fulham,2024-07,burglary,46
Hammersmith and Fulham,2024-07,criminal-damage-arson,74
Hammersmith and Fulham,2024-07,drugs,38
Hammersmith and Fulham,2024-07,miscellaneous-incidents,7
Hammersmith and Fulham,2024-07,other-theft,48
Hammersmith and Fulham,2024-07,possession-of-weapons,5
Hammersmith and Fulham,2024-07,public-order,28
Hammersmith and Fulham,2024-07,robbery,11
Hammersmith and Fulham,2024-07,shoplifting,62
Hammersmith and Fulham,2024-07,theft-from-the-person,104
Hammersmith and Fulham,2024-07,vehicle-crime,82
Hammersmith and Fulham,2024-07,violence-and-sexual-offences,225
Hammersmith and Fulham,2024-08,anti-social-behaviour,152
Hammersmith and Fulham,2024-08,bicycle-theft,12
Hammersmith and Fulham,2024-08,burglary,63
Hammersmith and Fulham,2024-08,criminal-damage-arson,66
Hammersmith and Fulham,2024-08,drugs,36
Hammersmith and Fulham,2024-08,miscellaneous-incidents,3
Hammersmith and Fulham,2024-08,other-theft,44
Hammersmith and Fulham,2024-08,possession-of-weapons,6
Hammersmith and Fulham,2024-08,public-order,23
Hammersmith and Fulham,2024-08,robbery,16
Hammersmith and Fulham,2024-08,shoplifting,74
Hammersmith and Fulham,2024-08,theft-from-the-person,132
Hammersmith and Fulham,2024-08,vehicle-crime,78
Hammersmith and Fulham,2024-08,violence-and-sexual-offences,228
Hammersmith and Fulham,2024-09,anti-social-behaviour,121
Hammersmith and Fulham,2024-09,bicycle-theft,13
Hammersmith and Fulham,2024-09,burglary,71
Hammersmith and Fulham,2024-09,criminal-damage-arson,77
Hammersmith and Fulham,2024-09,drugs,38
Hammersmith and Fulham,2024-09,miscellaneous-incidents,4
Hammersmith and Fulham,2024-09,other-theft,66
Hammersmith and Fulham,2024-09,possession-of-weapons,11
Hammersmith and Fulham,2024-09,public-order,26
Hammersmith and Fulham,2024-09,robbery,16
Hammersmith and Fulham,2024-09,shoplifting,62
Hammersmith and Fulham,2024-09,theft-from-the-person,122
Hammersmith and Fulham,2024-09,vehicle-crime,99
Hammersmith and Fulham,2024-09,violence-and-sexual-offences,197
Hammersmith and Fulham,2024-10,anti-social-behaviour,120
Hammersmith and Fulham,2024-10,bicycle-theft,6
Hammersmith and Fulham,2024-10,burglary,87
Hammersmith and Fulham,2024-10,criminal-damage-arson,74
Hammersmith and Fulham,2024-10,drugs,52
Hammersmith and Fulham,2024-10,miscellaneous-incidents,4
Hammersmith and Fulham,2024-10,other-theft,57
Hammersmith and Fulham,2024-10,possession-of-weapons,10
Hammersmith and Fulham,2024-10,public-order,32
Hammersmith and Fulham,2024-10,robbery,16
Hammersmith and Fulham,2024-10,shoplifting,60
Hammersmith and Fulham,2024-10,theft-from-the-person,100
Hammersmith and Fulham,2024-10,vehicle-crime,103
Hammersmith and Fulham,2024-10,violence-and-sexual-offences,168
Hammersmith and Fulham,2024-11,anti-social-behaviour,106
Hammersmith and Fulham,2024-11,bicycle-theft,6
Hammersmith and Fulham,2024-11,burglary,91
Hammersmith and Fulham,2024-11,criminal-damage-arson,64
Hammersmith and Fulham,2024-11,drugs,57
Hammersmith and Fulham,2024-11,miscellaneous-incidents,6
Hammersmith and Fulham,2024-11,other-theft,62
Hammersmith and Fulham,2024-11,possession-of-weapons,11
Hammersmith and Fulham,2024-11,public-order,27
Hammersmith and Fulham,2024-11,robbery,17
Hammersmith and Fulham,2024-11,shoplifting,67
Hammersmith and Fulham,2024-11,theft-from-the-person,84
Hammersmith and Fulham,2024-11,vehicle-crime,113
Hammersmith and Fulham,2024-11,violence-and-sexual-offences,147
Hammersmith and Fulham,2024-12,anti-social-behaviour,113
Hammersmith and Fulham,2024-12,bicycle-theft,9
Hammersmith and Fulham,2024-12,burglary,83
Hammersmith and Fulham,2024-12,criminal-damage-arson,64
Hammersmith and Fulham,2024-12,drugs,38
Hammersmith and Fulham,2024-12,miscellaneous-incidents,4
Hammersmith and Fulham,2024-12,other-theft,57
Hammersmith and Fulham,2024-12,possession-of-weapons,6
Hammersmith and Fulham,2024-12,public-order,33
Hammersmith and Fulham,2024-12,robbery,18
Hammersmith and Fulham,2024-12,shoplifting,60
Hammersmith and Fulham,2024-12,theft-from-the-person,80
Hammersmith and Fulham,2024-12,vehicle-crime,95
Hammersmith and Fulham,2024-12,violence-and-sexual-offences,156
Hammersmith and Fulham,2025-01,anti-social-behaviour,93
Hammersmith and Fulham,2025-01,bicycle-theft,9
Hammersmith and Fulham,2025-01,burglary,85
Hammersmith and Fulham,2025-01,criminal-damage-arson,77
Hammersmith and Fulham,2025-01,drugs,46
Hammersmith and Fulham,2025-01,miscellaneous-incidents,5
Hammersmith and Fulham,2025-01,other-theft,41
Hammersmith and Fulham,2025-01,possession-of-weapons,9
Hammersmith and Fulham,2025-01,public-order,18
Hammersmith and Fulham,2025-01,robbery,11
Hammersmith and Fulham,2025-01,shoplifting,58
Hammersmith and Fulham,2025-01,theft-from-the-person,92
Hammersmith and Fulham,2025-01,vehicle-crime,104
Hammersmith and Fulham,2025-01,violence-and-sexual-offences,138
Hammersmith and Fulham,2025-02,anti-social-behaviour,120
Hammersmith and Fulham,2025-02,bicycle-theft,9
Hammersmith and Fulham,2025-02,burglary,82
Hammersmith and Fulham,2025-02,criminal-damage-arson,59
Hammersmith and Fulham,2025-02,drugs,45
Hammersmith and Fulham,2025-02,miscellaneous-incidents,4
Hammersmith and Fulham,2025-02,other-theft,52
Hammersmith and Fulham,2025-02,possession-of-weapons,11
Hammersmith and Fulham,2025-02,public-order,30
Hammersmith and Fulham,2025-02,robbery,26
Hammersmith and Fulham,2025-02,shoplifting,57
Hammersmith and Fulham,2025-02,theft-from-the-person,97
Hammersmith and Fulham,2025-02,vehicle-crime,98
Hammersmith and Fulham,2025-02,violence-and-sexual-offences,171
Hammersmith and Fulham,2025-03,anti-social-behaviour,120
Hammersmith and Fulham,2025-03,bicycle-theft,7
Hammersmith and Fulham,2025-03,burglary,75
Hammersmith and Fulham,2025-03,criminal-damage-arson,64
Hammersmith and Fulham,2025-03,drugs,33
Hammersmith and Fulham,2025-03,miscellaneous-incidents,1
Hammersmith and Fulham,2025-03,other-theft,52
Hammersmith and Fulham,2025-03,possession-of-weapons,9
Hammersmith and Fulham,2025-03,public-order,29
Hammersmith and Fulham,2025-03,robbery,15
Hammersmith and Fulham,2025-03,shoplifting,46
Hammersmith and Fulham,2025-03,theft-from-the-person,108
Hammersmith and Fulham,2025-03,vehicle-crime,90
Hammersmith and Fulham,2025-03,violence-and-sexual-offences,179
Hammersmith and Fulham,2025-04,anti-social-behaviour,145
Hammersmith and Fulham,2025-04,bicycle-theft,8
Hammersmith and Fulham,2025-04,burglary,64
Hammersmith and Fulham,2025-04,criminal-damage-arson,64
Hammersmith and Fulham,2025-04,drugs,40
Hammersmith and Fulham,2025-04,miscellaneous-incidents,4
Hammersmith and Fulham,2025-04,other-theft,55
Hammersmith and Fulham,2025-04,possession-of-weapons,8
Hammersmith and Fulham,2025-04,public-order,30
Hammersmith and Fulham,2025-04,robbery,19
Hammersmith and Fulham,2025-04,shoplifting,68
Hammersmith and Fulham,2025-04,theft-from-the-person,120
Hammersmith and Fulham,2025-04,vehicle-crime,97
Hammersmith and Fulham,2025-04,violence-and-sexual-offences,235
Hammersmith and Fulham,2025-05,anti-social-behaviour,151
Hammersmith and Fulham,2025-05,bicycle-theft,8
Hammersmith and Fulham,2025-05,burglary,53
Hammersmith and Fulham,2025-05,criminal-damage-arson,73
Hammersmith and Fulham,2025-05,drugs,55
Hammersmith and Fulham,2025-05,miscellaneous-incidents,8
Hammersmith and Fulham,2025-05,other-theft,59
Hammersmith and Fulham,2025-05,possession-of-weapons,9
Hammersmith and Fulham,2025-05,public-order,33
Hammersmith and Fulham,2025-05,robbery,14
Hammersmith and Fulham,2025-05,shoplifting,76
Hammersmith and Fulham,2025-05,theft-from-the-person,135
Hammersmith and Fulham,2025-05,vehicle-crime,87
Hammersmith and Fulham,2025-05,violence-and-sexual-offences,215
Hammersmith and Fulham,2025-06,anti-social-behaviour,157
Hammersmith and Fulham,2025-06,bicycle-theft,12
Hammersmith and Fulham,2025-06,burglary,54
Hammersmith and Fulham,2025-06,criminal-damage-arson,72
Hammersmith and Fulham,2025-06,drugs,45
Hammersmith and Fulham,2025-06,miscellaneous-incidents,2
Hammersmith and Fulham,2025-06,other-theft,62
Hammersmith and Fulham,2025-06,possession-of-weapons,7
Hammersmith and Fulham,2025-06,public-order,27
Hammersmith and Fulham,2025-06,robbery,33
Hammersmith and Fulham,2025-06,shoplifting,60
Hammersmith and Fulham,2025-06,theft-from-the-person,126
Hammersmith and Fulham,2025-06,vehicle-crime,65
Hammersmith and Fulham,2025-06,violence-and-sexual-offences,248
Hammersmith and Fulham,2025-07,anti-social-behaviour,156
Hammersmith and Fulham,2025-07,bicycle-theft,14
Hammersmith and Fulham,2025-07,burglary,58
Hammersmith and Fulham,2025-07,criminal-damage-arson,67
Hammersmith and Fulham,2025-07,drugs,44
Hammersmith and Fulham,2025-07,miscellaneous-incidents,4
Hammersmith and Fulham,2025-07,other-theft,46
Hammersmith and Fulham,2025-07,possession-of-weapons,13
Hammersmith and Fulham,2025-07,public-order,20
Hammersmith and Fulham,2025-07,robbery,14
Hammersmith and Fulham,2025-07,shoplifting,61
Hammersmith and Fulham,2025-07,theft-from-the-person,141
Hammersmith and Fulham,2025-07,vehicle-crime,70
Hammersmith and Fulham,2025-07,violence-and-sexual-offences,263
Hammersmith and Fulham,2025-08,anti-social-behaviour,121
Hammersmith and Fulham,2025-08,bicycle-theft,8
Hammersmith and Fulham,2025-08,burglary,60
Hammersmith and Fulham,2025-08,criminal-damage-arson,76
Hammersmith and Fulham,2025-08,drugs,41
Hammersmith and Fulham,2025-08,miscellaneous-incidents,6
Hammersmith and Fulham,2025-08,other-theft,46
Hammersmith and Fulham,2025-08,possession-of-weapons,9
Hammersmith and Fulham,2025-08,public-order,21
Hammersmith and Fulham,2025-08,robbery,21
Hammersmith and Fulham,2025-08,shoplifting,57
Hammersmith and Fulham,2025-08,theft-from-the-person,125
Hammersmith and Fulham,2025-08,vehicle-crime,88
Hammersmith and Fulham,2025-08,violence-and-sexual-offences,248
Hammersmith and Fulham,2025-09,anti-social-behaviour,137
Hammersmith and Fulham,2025-09,bicycle-theft,12
Hammersmith and Fulham,2025-09,burglary,70
Hammersmith and Fulham,2025-09,criminal-damage-arson,71
Hammersmith and Fulham,2025-09,drugs,43
Hammersmith and Fulham,2025-09,miscellaneous-incidents,4
Hammersmith and Fulham,2025-09,other-theft,66
Hammersmith and Fulham,2025-09,possession-of-weapons,11
Hammersmith and Fulham,2025-09,public-order,26
Hammersmith and Fulham,2025-09,robbery,15
Hammersmith and Fulham,2025-09,shoplifting,66
Hammersmith and Fulham,2025-09,theft-from-the-person,119
Hammersmith and Fulham,2025-09,vehicle-crime,86
Hammersmith and Fulham,2025-09,violence-and-sexual-offences,194
Hammersmith and Fulham,2025-10,anti-social-behaviour,115
Hammersmith and Fulham,2025-10,bicycle-theft,8
Hammersmith and Fulham,2025-10,burglary,74
Hammersmith and Fulham,2025-10,criminal-damage-arson,68
Hammersmith and Fulham,2025-10,drugs,47
Hammersmith and Fulham,2025-10,miscellaneous-incidents,5
Hammersmith and Fulham,2025-10,other-theft,60
Hammersmith and Fulham,2025-10,possession-of-weapons,12
Hammersmith and Fulham,2025-10,public-order,30
Hammersmith and Fulham,2025-10,robbery,22
Hammersmith and Fulham,2025-10,shoplifting,53
Hammersmith and Fulham,2025-10,theft-from-the-person,89
Hammersmith and Fulham,2025-10,vehicle-crime,107
Hammersmith and Fulham,2025-10,violence-and-sexual-offences,176
Hammersmith and Fulham,2025-11,anti-social-behaviour,94
Hammersmith and Fulham,2025-11,bicycle-theft,10
Hammersmith and Fulham,2025-11,burglary,92
Hammersmith and Fulham,2025-11,criminal-damage-arson,70
Hammersmith and Fulham,2025-11,drugs,45
Hammersmith and Fulham,2025-11,miscellaneous-incidents,6
Hammersmith and Fulham,2025-11,other-theft,49
Hammersmith and Fulham,2025-11,possession-of-weapons,10
Hammersmith and Fulham,2025-11,public-order,29
Hammersmith and Fulham,2025-11,robbery,18
Hammersmith and Fulham,2025-11,shoplifting,58
Hammersmith and Fulham,2025-11,theft-from-the-person,94
Hammersmith and Fulham,2025-11,vehicle-crime,113
Hammersmith and Fulham,2025-11,violence-and-sexual-offences,143
Hammersmith and Fulham,2025-12,anti-social-behaviour,82
Hammersmith and Fulham,2025-12,bicycle-theft,18
Hammersmith and Fulham,2025-12,burglary,61
Hammersmith and Fulham,2025-12,criminal-damage-arson,66
Hammersmith and Fulham,2025-12,drugs,41
Hammersmith and Fulham,2025-12,miscellaneous-incidents,8
Hammersmith and Fulham,2025-12,other-theft,52
Hammersmith and Fulham,2025-12,possession-of-weapons,12
Hammersmith and Fulham,2025-12,public-order,27
Hammersmith and Fulham,2025-12,robbery,19
Hammersmith and Fulham,2025-12,shoplifting,60
Hammersmith and Fulham,2025-12,theft-from-the-person,81
Hammersmith and Fulham,2025-12,vehicle-crime,109
Hammersmith and Fulham,2025-12,violence-and-sexual-offences,141
Haringey,2024-01,anti-social-behaviour,111
Haringey,2024-01,bicycle-theft,13
Haringey,2024-01,burglary,98
Haringey,2024-01,criminal-damage-arson,76
Haringey,2024-01,drugs,56
Haringey,2024-01,miscellaneous-incidents,6
Haringey,2024-01,other-theft,47
Haringey,2024-01,possession-of-weapons,13
Haringey,2024-01,public-order,39
Haringey,2024-01,robbery,24
Haringey,2024-01,shoplifting,69
Haringey,2024-01,theft-from-the-person,100
Haringey,2024-01,vehicle-crime,149
Haringey,2024-01,violence-and-sexual-offences,195
Haringey,2024-02,anti-social-behaviour,134
Haringey,2024-02,bicycle-theft,15
Haringey,2024-02,burglary,91
Haringey,2024-02,criminal-damage-arson,65
Haringey,2024-02,drugs,56
Haringey,2024-02,miscellaneous-incidents,5
Haringey,2024-02,other-theft,68
Haringey,2024-02,possession-of-weapons,15
Haringey,2024-02,public-order,41
Haringey,2024-02,robbery,23
Haringey,2024-02,shoplifting,77
Haringey,2024-02,theft-from-the-person,123
Haringey,2024-02,vehicle-crime,121
Haringey,2024-02,violence-and-sexual-offences,188
Haringey,2024-03,anti-social-behaviour,149
Haringey,2024-03,bicycle-theft,8
Haringey,2024-03,burglary,77
Haringey,2024-03,criminal-damage-arson,75
Haringey,2024-03,drugs,46
Haringey,2024-03,miscellaneous-incidents,6
Haringey,2024-03,other-theft,77
Haringey,2024-03,possession-of-weapons,6
Haringey,2024-03,public-order,37
Haringey,2024-03,robbery,20
Haringey,2024-03,shoplifting,79
Haringey,2024-03,theft-from-the-person,131
Haringey,2024-03,vehicle-crime,109
Haringey,2024-03,violence-and-sexual-offences,239
Haringey,2024-04,anti-social-behaviour,175
Haringey,2024-04,bicycle-theft,5
Haringey,2024-04,burglary,97
Haringey,2024-04,criminal-damage-arson,71
Haringey,2024-04,drugs,49
Haringey,2024-04,miscellaneous-incidents,11
Haringey,2024-04,other-theft,70
Haringey,2024-04,possession-of-weapons,12
Haringey,2024-04,public-order,33
Haringey,2024-04,robbery,31
Haringey,2024-04,shoplifting,79
Haringey,2024-04,theft-from-the-person,150
Haringey,2024-04,vehicle-crime,92
Haringey,2024-04,violence-and-sexual-offences,261
Haringey,2024-05,anti-social-behaviour,181
Haringey,2024-05,bicycle-theft,10
Haringey,2024-05,burglary,78
Haringey,2024-05,criminal-damage-arson,94
Haringey,2024-05,drugs,56
Haringey,2024-05,miscellaneous-incidents,6
Haringey,2024-05,other-theft,62
Haringey,2024-05,possession-of-weapons,11
Haringey,2024-05,public-order,35
Haringey,2024-05,robbery,21
Haringey,2024-05,shoplifting,103
Haringey,2024-05,theft-from-the-person,178
Haringey,2024-05,vehicle-crime,100
Haringey,2024-05,violence-and-sexual-offences,303
Haringey,2024-06,anti-social-behaviour,194
Haringey,2024-06,bicycle-theft,12
Haringey,2024-06,burglary,83
Haringey,2024-06,criminal-damage-arson,100
Haringey,2024-06,drugs,53
Haringey,2024-06,miscellaneous-incidents,14
Haringey,2024-06,other-theft,57
Haringey,2024-06,possession-of-weapons,17
Haringey,2024-06,public-order,32
Haringey,2024-06,robbery,24
Haringey,2024-06,shoplifting,90
Haringey,2024-06,theft-from-the-person,172
Haringey,2024-06,vehicle-crime,88
Haringey,2024-06,violence-and-sexual-offences,305
Haringey,2024-07,anti-social-behaviour,204
Haringey,2024-07,bicycle-theft,17
Haringey,2024-07,burglary,67
Haringey,2024-07,criminal-damage-arson,88
Haringey,2024-07,drugs,56
Haringey,2024-07,miscellaneous-incidents,3
Haringey,2024-07,other-theft,68
Haringey,2024-07,possession-of-weapons,15
Haringey,2024-07,public-order,30
Haringey,2024-07,robbery,19
Haringey,2024-07,shoplifting,87
Haringey,2024-07,theft-from-the-person,173
Haringey,2024-07,vehicle-crime,109
Haringey,2024-07,violence-and-sexual-offences,286
Haringey,2024-08,anti-social-behaviour,170
Haringey,2024-08,bicycle-theft,9
Haringey,2024-08,burglary,96
Haringey,2024-08,criminal-damage-arson,89
Haringey,2024-08,drugs,52
Haringey,2024-08,miscellaneous-incidents,13
Haringey,2024-08,other-theft,66
Haringey,2024-08,possession-of-weapons,9
Haringey,2024-08,public-order,31
Haringey,2024-08,robbery,22
Haringey,2024-08,shoplifting,87
Haringey,2024-08,theft-from-the-person,144
Haringey,2024-08,vehicle-crime,101
Haringey,2024-08,violence-and-sexual-offences,289
Haringey,2024-09,anti-social-behaviour,151
Haringey,2024-09,bicycle-theft,14
Haringey,2024-09,burglary,93
Haringey,2024-09,criminal-damage-arson,88
Haringey,2024-09,drugs,56
Haringey,2024-09,miscellaneous-incidents,7
Haringey,2024-09,other-theft,54
Haringey,2024-09,possession-of-weapons,13
Haringey,2024-09,public-order,32
Haringey,2024-09,robbery,13
Haringey,2024-09,shoplifting,80
Haringey,2024-09,theft-from-the-person,131
Haringey,2024-09,vehicle-crime,96
Haringey,2024-09,violence-and-sexual-offences,243
Haringey,2024-10,anti-social-behaviour,132
Haringey,2024-10,bicycle-theft,12
Haringey,2024-10,burglary,109
Haringey,2024-10,criminal-damage-arson,83
Haringey,2024-10,drugs,61
Haringey,2024-10,miscellaneous-incidents,4
Haringey,2024-10,other-theft,66
Haringey,2024-10,possession-of-weapons,9
Haringey,2024-10,public-order,36
Haringey,2024-10,robbery,23
Haringey,2024-10,shoplifting,70
Haringey,2024-10,theft-from-the-person,116
Haringey,2024-10,vehicle-crime,118
Haringey,2024-10,violence-and-sexual-offences,235
Haringey,2024-11,anti-social-behaviour,132
Haringey,2024-11,bicycle-theft,14
Haringey,2024-11,burglary,104
Haringey,2024-11,criminal-damage-arson,85
Haringey,2024-11,drugs,46
Haringey,2024-11,miscellaneous-incidents,4
Haringey,2024-11,other-theft,70
Haringey,2024-11,possession-of-weapons,13
Haringey,2024-11,public-order,31
Haringey,2024-11,robbery,26
Haringey,2024-11,shoplifting,65
Haringey,2024-11,theft-from-the-person,110
Haringey,2024-11,vehicle-crime,128
Haringey,2024-11,violence-and-sexual-offences,215
Haringey,2024-12,anti-social-behaviour,122
Haringey,2024-12,bicycle-theft,10
Haringey,2024-12,burglary,105
Haringey,2024-12,criminal-damage-arson,90
Haringey,2024-12,drugs,61
Haringey,2024-12,miscellaneous-incidents,7
Haringey,2024-12,other-theft,69
Haringey,2024-12,possession-of-weapons,14
Haringey,2024-12,public-order,34
Haringey,2024-12,robbery,23
Haringey,2024-12,shoplifting,60
Haringey,2024-12,theft-from-the-person,111
Haringey,2024-12,vehicle-crime,154
Haringey,2024-12,violence-and-sexual-offences,209
Haringey,2025-01,anti-social-behaviour,100
Haringey,2025-01,bicycle-theft,6
Haringey,2025-01,burglary,84
Haringey,2025-01,criminal-damage-arson,99
Haringey,2025-01,drugs,49
Haringey,2025-01,miscellaneous-incidents,6
Haringey,2025-01,other-theft,71
Haringey,2025-01,possession-of-weapons,13
Haringey,2025-01,public-order,41
Haringey,2025-01,robbery,23
Haringey,2025-01,shoplifting,74
Haringey,2025-01,theft-from-the-person,114
Haringey,2025-01,vehicle-crime,120
Haringey,2025-01,violence-and-sexual-offences,183
Haringey,2025-02,anti-social-behaviour,132
Haringey,2025-02,bicycle-theft,10
Haringey,2025-02,burglary,102
Haringey,2025-02,criminal-damage-arson,87
Haringey,2025-02,drugs,66
Haringey,2025-02,miscellaneous-incidents,6
Haringey,2025-02,other-theft,54
Haringey,2025-02,possession-of-weapons,12
Haringey,2025-02,public-order,34
Haringey,2025-02,robbery,23
Haringey,2025-02,shoplifting,65
Haringey,2025-02,theft-from-the-person,115
Haringey,2025-02,vehicle-crime,117
Haringey,2025-02,violence-and-sexual-offences,190
Haringey,2025-03,anti-social-behaviour,152
Haringey,2025-03,bicycle-theft,13
Haringey,2025-03,burglary,94
Haringey,2025-03,criminal-damage-arson,82
Haringey,2025-03,drugs,55
Haringey,2025-03,miscellaneous-incidents,6
Haringey,2025-03,other-theft,60
Haringey,2025-03,possession-of-weapons,12
Haringey,2025-03,public-order,22
Haringey,2025-03,robbery,20
Haringey,2025-03,shoplifting,86
Haringey,2025-03,theft-from-the-person,136
Haringey,2025-03,vehicle-crime,94
Haringey,2025-03,violence-and-sexual-offences,267
Haringey,2025-04,anti-social-behaviour,159
Haringey,2025-04,bicycle-theft,10
Haringey,2025-04,burglary,76
Haringey,2025-04,criminal-damage-arson,86
Haringey,2025-04,drugs,39
Haringey,2025-04,miscellaneous-incidents,8
Haringey,2025-04,other-theft,62
Haringey,2025-04,possession-of-weapons,7
Haringey,2025-04,public-order,28
Haringey,2025-04,robbery,20
Haringey,2025-04,shoplifting,73
Haringey,2025-04,theft-from-the-person,146
Haringey,2025-04,vehicle-crime,94
Haringey,2025-04,violence-and-sexual-offences,259
Haringey,2025-05,anti-social-behaviour,176
Haringey,2025-05,bicycle-theft,7
Haringey,2025-05,burglary,87
Haringey,2025-05,criminal-damage-arson,97
Haringey,2025-05,drugs,69
Haringey,2025-05,miscellaneous-incidents,7
Haringey,2025-05,other-theft,61
Haringey,2025-05,possession-of-weapons,14
Haringey,2025-05,public-order,37
Haringey,2025-05,robbery,20
Haringey,2025-05,shoplifting,82
Haringey,2025-05,theft-from-the-person,160
Haringey,2025-05,vehicle-crime,82
Haringey,2025-05,violence-and-sexual-offences,283
Haringey,2025-06,anti-social-behaviour,188
Haringey,2025-06,bicycle-theft,7
Haringey,2025-06,burglary,86
Haringey,2025-06,criminal-damage-arson,84
Haringey,2025-06,drugs,64
Haringey,2025-06,miscellaneous-incidents,7
Haringey,2025-06,other-theft,78
Haringey,2025-06,possession-of-weapons,11
Haringey,2025-06,public-order,35
Haringey,2025-06,robbery,27
Haringey,2025-06,shoplifting,88
Haringey,2025-06,theft-from-the-person,144
Haringey,2025-06,vehicle-crime,70
Haringey,2025-06,violence-and-sexual-offences,306
Haringey,2025-07,anti-social-behaviour,199
Haringey,2025-07,bicycle-theft,14
Haringey,2025-07,burglary,72
Haringey,2025-07,criminal-damage-arson,83
Haringey,2025-07,drugs,63
Haringey,2025-07,miscellaneous-incidents,3
Haringey,2025-07,other-theft,62
Haringey,2025-07,possession-of-weapons,10
Haringey,2025-07,public-order,43
Haringey,2025-07,robbery,20
Haringey,2025-07,shoplifting,79
Haringey,2025-07,theft-from-the-person,135
Haringey,2025-07,vehicle-crime,98
Haringey,2025-07,violence-and-sexual-offences,309
Haringey,2025-08,anti-social-behaviour,182
Haringey,2025-08,bicycle-theft,15
Haringey,2025-08,burglary,86
Haringey,2025-08,criminal-damage-arson,95
Haringey,2025-08,drugs,51
Haringey,2025-08,miscellaneous-incidents,5
Haringey,2025-08,other-theft,65
Haringey,2025-08,possession-of-weapons,12
Haringey,2025-08,public-order,38
Haringey,2025-08,robbery,22
Haringey,2025-08,shoplifting,80
Haringey,2025-08,theft-from-the-person,136
Haringey,2025-08,vehicle-crime,111
Haringey,2025-08,violence-and-sexual-offences,265
Haringey,2025-09,anti-social-behaviour,163
Haringey,2025-09,bicycle-theft,9
Haringey,2025-09,burglary,84
Haringey,2025-09,criminal-damage-arson,96
Haringey,2025-09,drugs,67
Haringey,2025-09,miscellaneous-incidents,5
Haringey,2025-09,other-theft,79
Haringey,2025-09,possession-of-weapons,19
Haringey,2025-09,public-order,30
Haringey,2025-09,robbery,23
Haringey,2025-09,shoplifting,90
Haringey,2025-09,theft-from-the-person,124
Haringey,2025-09,vehicle-crime,120
Haringey,2025-09,violence-and-sexual-offences,237
Haringey,2025-10,anti-social-behaviour,134
Haringey,2025-10,bicycle-theft,13
Haringey,2025-10,burglary,69
Haringey,2025-10,criminal-damage-arson,70
Haringey,2025-10,drugs,47
Haringey,2025-10,miscellaneous-incidents,7
Haringey,2025-10,other-theft,62
Haringey,2025-10,possession-of-weapons,13
Haringey,2025-10,public-order,31
Haringey,2025-10,robbery,18
Haringey,2025-10,shoplifting,64
Haringey,2025-10,theft-from-the-person,113
Haringey,2025-10,vehicle-crime,116
Haringey,2025-10,violence-and-sexual-offences,232
Haringey,2025-11,anti-social-behaviour,126
Haringey,2025-11,bicycle-theft,9
Haringey,2025-11,burglary,101
Haringey,2025-11,criminal-damage-arson,88
Haringey,2025-11,drugs,58
Haringey,2025-11,miscellaneous-incidents,5
Haringey,2025-11,other-theft,81
Haringey,2025-11,possession-of-weapons,14
Haringey,2025-11,public-order,42
Haringey,2025-11,robbery,15
Haringey,2025-11,shoplifting,76
Haringey,2025-11,theft-from-the-person,98
Haringey,2025-11,vehicle-crime,143
Haringey,2025-11,violence-and-sexual-offences,184
Haringey,2025-12,anti-social-behaviour,124
Haringey,2025-12,bicycle-theft,12
Haringey,2025-12,burglary,91
Haringey,2025-12,criminal-damage-arson,79
Haringey,2025-12,drugs,61
Haringey,2025-12,miscellaneous-incidents,1
Haringey,2025-12,other-theft,64
Haringey,2025-12,possession-of-weapons,7
Haringey,2025-12,public-order,24
Haringey,2025-12,robbery,23
Haringey,2025-12,shoplifting,68
Haringey,2025-12,theft-from-the-person,104
Haringey,2025-12,vehicle-crime,129
Haringey,2025-12,violence-and-sexual-offences,187
Harrow,2024-01,anti-social-behaviour,70
Harrow,2024-01,bicycle-theft,4
Harrow,2024-01,burglary,51
Harrow,2024-01,criminal-damage-arson,50
Harrow,2024-01,drugs,35
Harrow,2024-01,miscellaneous-incidents,6
Harrow,2024-01,other-theft,26
Harrow,2024-01,possession-of-weapons,9
Harrow,2024-01,public-order,17
Harrow,2024-01,robbery,15
Harrow,2024-01,shoplifting,59
Harrow,2024-01,theft-from-the-person,52
Harrow,2024-01,vehicle-crime,74
Harrow,2024-01,violence-and-sexual-offences,108
Harrow,2024-02,anti-social-behaviour,76
Harrow,2024-02,bicycle-theft,8
Harrow,2024-02,burglary,55
Harrow,2024-02,criminal-damage-arson,60
Harrow,2024-02,drugs,36
Harrow,2024-02,miscellaneous-incidents,3
Harrow,2024-02,other-theft,35
Harrow,2024-02,possession-of-weapons,5
Harrow,2024-02,public-order,22
Harrow,2024-02,robbery,8
Harrow,2024-02,shoplifting,48
Harrow,2024-02,theft-from-the-person,70
Harrow,2024-02,vehicle-crime,87
Harrow,2024-02,violence-and-sexual-offences,137
Harrow,2024-03,anti-social-behaviour,96
Harrow,2024-03,bicycle-theft,6
Harrow,2024-03,burglary,47
Harrow,2024-03,criminal-damage-arson,60
Harrow,2024-03,drugs,31
Harrow,2024-03,miscellaneous-incidents,5
Harrow,2024-03,other-theft,40
Harrow,2024-03,possession-of-weapons,5
Harrow,2024-03,public-order,22
Harrow,2024-03,robbery,17
Harrow,2024-03,shoplifting,53
Harrow,2024-03,theft-from-the-person,99
Harrow,2024-03,vehicle-crime,57
Harrow,2024-03,violence-and-sexual-offences,160
Harrow,2024-04,anti-social-behaviour,110
Harrow,2024-04,bicycle-theft,7
Harrow,2024-04,burglary,48
Harrow,2024-04,criminal-damage-arson,43
Harrow,2024-04,drugs,33
Harrow,2024-04,miscellaneous-incidents,4
Harrow,2024-04,other-theft,43
Harrow,2024-04,possession-of-weapons,10
Harrow,2024-04,public-order,28
Harrow,2024-04,robbery,17
Harrow,2024-04,shoplifting,61
Harrow,2024-04,theft-from-the-person,92
Harrow,2024-04,vehicle-crime,62
Harrow,2024-04,violence-and-sexual-offences,162
Harrow,2024-05,anti-social-behaviour,121
Harrow,2024-05,bicycle-theft,9
Harrow,2024-05,burglary,35
Harrow,2024-05,criminal-damage-arson,50
Harrow,2024-05,drugs,35
Harrow,2024-05,miscellaneous-incidents,1
Harrow,2024-05,other-theft,53
Harrow,2024-05,possession-of-weapons,4
Harrow,2024-05,public-order,20
Harrow,2024-05,robbery,12
Harrow,2024-05,shoplifting,48
Harrow,2024-05,theft-from-the-person,88
Harrow,2024-05,vehicle-crime,55
Harrow,2024-05,violence-and-sexual-offences,164
Harrow,2024-06,anti-social-behaviour,89
Harrow,2024-06,bicycle-theft,6
Harrow,2024-06,burglary,42
Harrow,2024-06,criminal-damage-arson,62
Harrow,2024-06,drugs,33
Harrow,2024-06,miscellaneous-incidents,4
Harrow,2024-06,other-theft,51
Harrow,2024-06,possession-of-weapons,5
Harrow,2024-06,public-order,26
Harrow,2024-06,robbery,10
Harrow,2024-06,shoplifting,43
Harrow,2024-06,theft-from-the-person,106
Harrow,2024-06,vehicle-crime,55
Harrow,2024-06,violence-and-sexual-offences,214
Harrow,2024-07,anti-social-behaviour,101
Harrow,2024-07,bicycle-theft,9
Harrow,2024-07,burglary,36
Harrow,2024-07,criminal-damage-arson,49
Harrow,2024-07,drugs,31
Harrow,2024-07,miscellaneous-incidents,2
Harrow,2024-07,other-theft,44
Harrow,2024-07,possession-of-weapons,9
Harrow,2024-07,public-order,21
Harrow,2024-07,robbery,9
Harrow,2024-07,shoplifting,44
Harrow,2024-07,theft-from-the-person,89
Harrow,2024-07,vehicle-crime,52
Harrow,2024-07,violence-and-sexual-offences,179
Harrow,2024-08,anti-social-behaviour,91
Harrow,2024-08,bicycle-theft,4
Harrow,2024-08,burglary,47
Harrow,2024-08,criminal-damage-arson,50
Harrow,2024-08,drugs,37
Harrow,2024-08,miscellaneous-incidents,4
Harrow,2024-08,other-theft,35
Harrow,2024-08,possession-of-weapons,11
Harrow,2024-08,public-order,19
Harrow,2024-08,robbery,9
Harrow,2024-08,shoplifting,42
Harrow,2024-08,theft-from-the-person,90
Harrow,2024-08,vehicle-crime,68
Harrow,2024-08,violence-and-sexual-offences,176
Harrow,2024-09,anti-social-behaviour,93
Harrow,2024-09,bicycle-theft,8
Harrow,2024-09,burglary,55
Harrow,2024-09,criminal-damage-arson,58
Harrow,2024-09,drugs,36
Harrow,2024-09,miscellaneous-incidents,1
Harrow,2024-09,other-theft,43
Harrow,2024-09,possession-of-weapons,4
Harrow,2024-09,public-order,19
Harrow,2024-09,robbery,14
Harrow,2024-09,shoplifting,39
Harrow,2024-09,theft-from-the-person,60
Harrow,2024-09,vehicle-crime,73
Harrow,2024-09,violence-and-sexual-offences,138
Harrow,2024-10,anti-social-behaviour,74
Harrow,2024-10,bicycle-theft,3
Harrow,2024-10,burglary,56
Harrow,2024-10,criminal-damage-arson,55
Harrow,2024-10,drugs,43
Harrow,2024-10,miscellaneous-incidents,3
Harrow,2024-10,other-theft,29
Harrow,2024-10,possession-of-weapons,4
Harrow,2024-10,public-order,24
Harrow,2024-10,robbery,11
Harrow,2024-10,shoplifting,35
Harrow,2024-10,theft-from-the-person,79
Harrow,2024-10,vehicle-crime,74
Harrow,2024-10,violence-and-sexual-offences,127
Harrow,2024-11,anti-social-behaviour,87
Harrow,2024-11,bicycle-theft,7
Harrow,2024-11,burglary,64
Harrow,2024-11,criminal-damage-arson,64
Harrow,2024-11,drugs,26
Harrow,2024-11,miscellaneous-incidents,2
Harrow,2024-11,other-theft,37
Harrow,2024-11,possession-of-weapons,1
Harrow,2024-11,public-order,20
Harrow,2024-11,robbery,15
Harrow,2024-11,shoplifting,48
Harrow,2024-11,theft-from-the-person,56
Harrow,2024-11,vehicle-crime,94
Harrow,2024-11,violence-and-sexual-offences,126
Harrow,2024-12,anti-social-behaviour,73
Harrow,2024-12,bicycle-theft,4
Harrow,2024-12,burglary,63
Harrow,2024-12,criminal-damage-arson,51
Harrow,2024-12,drugs,25
Harrow,2024-12,miscellaneous-incidents,4
Harrow,2024-12,other-theft,30
Harrow,2024-12,possession-of-weapons,8
Harrow,2024-12,public-order,18
Harrow,2024-12,robbery,10
Harrow,2024-12,shoplifting,41
Harrow,2024-12,theft-from-the-person,59
Harrow,2024-12,vehicle-crime,94
Harrow,2024-12,violence-and-sexual-offences,113
Harrow,2025-01,anti-social-behaviour,68
Harrow,2025-01,bicycle-theft,8
Harrow,2025-01,burglary,60
Harrow,2025-01,criminal-damage-arson,51
Harrow,2025-01,drugs,36
Harrow,2025-01,miscellaneous-incidents,2
Harrow,2025-01,other-theft,32
Harrow,2025-01,possession-of-weapons,4
Harrow,2025-01,public-order,20
Harrow,2025-01,robbery,9
Harrow,2025-01,shoplifting,40
Harrow,2025-01,theft-from-the-person,71
Harrow,2025-01,vehicle-crime,79
Harrow,2025-01,violence-and-sexual-offences,119
Harrow,2025-02,anti-social-behaviour,80
Harrow,2025-02,bicycle-theft,7
Harrow,2025-02,burglary,85
Harrow,2025-02,criminal-damage-arson,61
Harrow,2025-02,drugs,27
Harrow,2025-02,miscellaneous-incidents,3
Harrow,2025-02,other-theft,35
Harrow,2025-02,possession-of-weapons,8
Harrow,2025-02,public-order,17
Harrow,2025-02,robbery,9
Harrow,2025-02,shoplifting,37
Harrow,2025-02,theft-from-the-person,83
Harrow,2025-02,vehicle-crime,79
Harrow,2025-02,violence-and-sexual-offences,116
Harrow,2025-03,anti-social-behaviour,94
Harrow,2025-03,bicycle-theft,3
Harrow,2025-03,burglary,51
Harrow,2025-03,criminal-damage-arson,64
Harrow,2025-03,drugs,39
Harrow,2025-03,miscellaneous-incidents,4
Harrow,2025-03,other-theft,35
Harrow,2025-03,possession-of-weapons,12
Harrow,2025-03,public-order,17
Harrow,2025-03,robbery,12
Harrow,2025-03,shoplifting,46
Harrow,2025-03,theft-from-the-person,64
Harrow,2025-03,vehicle-crime,74
Harrow,2025-03,violence-and-sexual-offences,144
Harrow,2025-04,anti-social-behaviour,95
Harrow,2025-04,bicycle-theft,10
Harrow,2025-04,burglary,43
Harrow,2025-04,criminal-damage-arson,55
Harrow,2025-04,drugs,33
Harrow,2025-04,miscellaneous-incidents,2
Harrow,2025-04,other-theft,32
Harrow,2025-04,possession-of-weapons,9
Harrow,2025-04,public-order,19
Harrow,2025-04,robbery,21
Harrow,2025-04,shoplifting,53
Harrow,2025-04,theft-from-the-person,90
Harrow,2025-04,vehicle-crime,66
Harrow,2025-04,violence-and-sexual-offences,155
Harrow,2025-05,anti-social-behaviour,112
Harrow,2025-05,bicycle-theft,11
Harrow,2025-05,burglary,54
Harrow,2025-05,criminal-damage-arson,49
Harrow,2025-05,drugs,38
Harrow,2025-05,miscellaneous-incidents,1
Harrow,2025-05,other-theft,32
Harrow,2025-05,possession-of-weapons,4
Harrow,2025-05,public-order,14
Harrow,2025-05,robbery,14
Harrow,2025-05,shoplifting,33
Harrow,2025-05,theft-from-the-person,96
Harrow,2025-05,vehicle-crime,50
Harrow,2025-05,violence-and-sexual-offences,171
Harrow,2025-06,anti-social-behaviour,96
Harrow,2025-06,bicycle-theft,8
Harrow,2025-06,burglary,32
Harrow,2025-06,criminal-damage-arson,72
Harrow,2025-06,drugs,32
Harrow,2025-06,miscellaneous-incidents,6
Harrow,2025-06,other-theft,40
Harrow,2025-06,possession-of-weapons,3
Harrow,2025-06,public-order,19
Harrow,2025-06,robbery,18
Harrow,2025-06,shoplifting,37
Harrow,2025-06,theft-from-the-person,119
Harrow,2025-06,vehicle-crime,41
Harrow,2025-06,violence-and-sexual-offences,181
Harrow,2025-07,anti-social-behaviour,119
Harrow,2025-07,bicycle-theft,7
Harrow,2025-07,burglary,44
Harrow,2025-07,criminal-damage-arson,50
Harrow,2025-07,drugs,27
Harrow,2025-07,miscellaneous-incidents,3
Harrow,2025-07,other-theft,44
Harrow,2025-07,possession-of-weapons,8
Harrow,2025-07,public-order,24
Harrow,2025-07,robbery,8
Harrow,2025-07,shoplifting,48
Harrow,2025-07,theft-from-the-person,94
Harrow,2025-07,vehicle-crime,42
Harrow,2025-07,violence-and-sexual-offences,181
Harrow,2025-08,anti-social-behaviour,100
Harrow,2025-08,bicycle-theft,10
Harrow,2025-08,burglary,60
Harrow,2025-08,criminal-damage-arson,48
Harrow,2025-08,drugs,50
Harrow,2025-08,miscellaneous-incidents,3
Harrow,2025-08,other-theft,27
Harrow,2025-08,possession-of-weapons,7
Harrow,2025-08,public-order,19
Harrow,2025-08,robbery,14
Harrow,2025-08,shoplifting,38
Harrow,2025-08,theft-from-the-person,82
Harrow,2025-08,vehicle-crime,50
Harrow,2025-08,violence-and-sexual-offences,171
Harrow,2025-09,anti-social-behaviour,83
Harrow,2025-09,bicycle-theft,8
Harrow,2025-09,burglary,56
Harrow,2025-09,criminal-damage-arson,60
Harrow,2025-09,drugs,23
Harrow,2025-09,miscellaneous-incidents,4
Harrow,2025-09,other-theft,37
Harrow,2025-09,possession-of-weapons,5
Harrow,2025-09,public-order,19
Harrow,2025-09,robbery,14
Harrow,2025-09,shoplifting,56
Harrow,2025-09,theft-from-the-person,75
Harrow,2025-09,vehicle-crime,62
Harrow,2025-09,violence-and-sexual-offences,158
Harrow,2025-10,anti-social-behaviour,72
Harrow,2025-10,bicycle-theft,4
Harrow,2025-10,burglary,66
Harrow,2025-10,criminal-damage-arson,50
Harrow,2025-10,drugs,28
Harrow,2025-10,miscellaneous-incidents,2
Harrow,2025-10,other-theft,38
Harrow,2025-10,possession-of-weapons,7
Harrow,2025-10,public-order,17
Harrow,2025-10,robbery,9
Harrow,2025-10,shoplifting,42
Harrow,2025-10,theft-from-the-person,67
Harrow,2025-10,vehicle-crime,76
Harrow,2025-10,violence-and-sexual-offences,137
Harrow,2025-11,anti-social-behaviour,57
Harrow,2025-11,bicycle-theft,8
Harrow,2025-11,burglary,68
Harrow,2025-11,criminal-damage-arson,45
Harrow,2025-11,drugs,34
Harrow,2025-11,miscellaneous-incidents,3
Harrow,2025-11,other-theft,34
Harrow,2025-11,possession-of-weapons,12
Harrow,2025-11,public-order,17
Harrow,2025-11,robbery,14
Harrow,2025-11,shoplifting,55
Harrow,2025-11,theft-from-the-person,69
Harrow,2025-11,vehicle-crime,70
Harrow,2025-11,violence-and-sexual-offences,115
Harrow,2025-12,anti-social-behaviour,63
Harrow,2025-12,bicycle-theft,5
Harrow,2025-12,burglary,74
Harrow,2025-12,criminal-damage-arson,62
Harrow,2025-12,drugs,22
Harrow,2025-12,miscellaneous-incidents,3
Harrow,2025-12,other-theft,51
Harrow,2025-12,possession-of-weapons,9
Harrow,2025-12,public-order,24
Harrow,2025-12,robbery,11
Harrow,2025-12,shoplifting,44
Harrow,2025-12,theft-from-the-person,56
Harrow,2025-12,vehicle-crime,69
Harrow,2025-12,violence-and-sexual-offences,105
Havering,2024-01,anti-social-behaviour,73
Havering,2024-01,bicycle-theft,2
Havering,2024-01,burglary,57
Havering,2024-01,criminal-damage-arson,40
Havering,2024-01,drugs,36
Havering,2024-01,miscellaneous-incidents,3
Havering,2024-01,other-theft,29
Havering,2024-01,possession-of-weapons,5
Havering,2024-01,public-order,25
Havering,2024-01,robbery,5
Havering,2024-01,shoplifting,61
Havering,2024-01,theft-from-the-person,65
Havering,2024-01,vehicle-crime,72
Havering,2024-01,violence-and-sexual-offences,135
Havering,2024-02,anti-social-behaviour,73
Havering,2024-02,bicycle-theft,6
Havering,2024-02,burglary,60
Havering,2024-02,criminal-damage-arson,52
Havering,2024-02,drugs,26
Havering,2024-02,miscellaneous-incidents,2
Havering,2024-02,other-theft,42
Havering,2024-02,possession-of-weapons,3
Havering,2024-02,public-order,8
Havering,2024-02,robbery,15
Havering,2024-02,shoplifting,42
Havering,2024-02,theft-from-the-person,64
Havering,2024-02,vehicle-crime,60
Havering,2024-02,violence-and-sexual-offences,116
Havering,2024-03,anti-social-behaviour,92
Havering,2024-03,bicycle-theft,8
Havering,2024-03,burglary,42
Havering,2024-03,criminal-damage-arson,54
Havering,2024-03,drugs,38
Havering,2024-03,miscellaneous-incidents,2
Havering,2024-03,other-theft,29
Havering,2024-03,possession-of-weapons,9
Havering,2024-03,public-order,27
Havering,2024-03,robbery,14
Havering,2024-03,shoplifting,48
Havering,2024-03,theft-from-the-person,60
Havering,2024-03,vehicle-crime,49
Havering,2024-03,violence-and-sexual-offences,134
Havering,2024-04,anti-social-behaviour,102
Havering,2024-04,bicycle-theft,4
Havering,2024-04,burglary,41
Havering,2024-04,criminal-damage-arson,50
Havering,2024-04,drugs,34
Havering,2024-04,miscellaneous-incidents,2
Havering,2024-04,other-theft,39
Havering,2024-04,possession-of-weapons,5
Havering,2024-04,public-order,20
Havering,2024-04,robbery,8
Havering,2024-04,shoplifting,36
Havering,2024-04,theft-from-the-person,99
Havering,2024-04,vehicle-crime,61
Havering,2024-04,violence-and-sexual-offences,157
Havering,2024-05,anti-social-behaviour,100
Havering,2024-05,bicycle-theft,7
Havering,2024-05,burglary,31
Havering,2024-05,criminal-damage-arson,40
Havering,2024-05,drugs,33
Havering,2024-05,miscellaneous-incidents,5
Havering,2024-05,other-theft,39
Havering,2024-05,possession-of-weapons,6
Havering,2024-05,public-order,20
Havering,2024-05,robbery,18
Havering,2024-05,shoplifting,29
Havering,2024-05,theft-from-the-person,111
Havering,2024-05,vehicle-crime,53
Havering,2024-05,violence-and-sexual-offences,185
Havering,2024-06,anti-social-behaviour,112
Havering,2024-06,bicycle-theft,9
Havering,2024-06,burglary,31
Havering,2024-06,criminal-damage-arson,57
Havering,2024-06,drugs,33
Havering,2024-06,miscellaneous-incidents,4
Havering,2024-06,other-theft,27
Havering,2024-06,possession-of-weapons,2
Havering,2024-06,public-order,14
Havering,2024-06,robbery,11
Havering,2024-06,shoplifting,39
Havering,2024-06,theft-from-the-person,84
Havering,2024-06,vehicle-crime,51
Havering,2024-06,violence-and-sexual-offences,170
Havering,2024-07,anti-social-behaviour,107
Havering,2024-07,bicycle-theft,8
Havering,2024-07,burglary,38
Havering,2024-07,criminal-damage-arson,42
Havering,2024-07,drugs,29
Havering,2024-07,miscellaneous-incidents,1
Havering,2024-07,other-theft,32
Havering,2024-07,possession-of-weapons,9
Havering,2024-07,public-order,14
Havering,2024-07,robbery,15
Havering,2024-07,shoplifting,52
Havering,2024-07,theft-from-the-person,92
Havering,2024-07,vehicle-crime,57
Havering,2024-07,violence-and-sexual-offences,188
Havering,2024-08,anti-social-behaviour,88
Havering,2024-08,bicycle-theft,8
Havering,2024-08,burglary,45
Havering,2024-08,criminal-damage-arson,55
Havering,2024-08,drugs,38
Havering,2024-08,miscellaneous-incidents,3
Havering,2024-08,other-theft,37
Havering,2024-08,possession-of-weapons,10
Havering,2024-08,public-order,10
Havering,2024-08,robbery,15
Havering,2024-08,shoplifting,38
Havering,2024-08,theft-from-the-person,100
Havering,2024-08,vehicle-crime,66
Havering,2024-08,violence-and-sexual-offences,161
Havering,2024-09,anti-social-behaviour,88
Havering,2024-09,bicycle-theft,9
Havering,2024-09,burglary,55
Havering,2024-09,criminal-damage-arson,55
Havering,2024-09,drugs,28
Havering,2024-09,miscellaneous-incidents,4
Havering,2024-09,other-theft,47
Havering,2024-09,possession-of-weapons,8
Havering,2024-09,public-order,25
Havering,2024-09,robbery,9
Havering,2024-09,shoplifting,36
Havering,2024-09,theft-from-the-person,60
Havering,2024-09,vehicle-crime,68
Havering,2024-09,violence-and-sexual-offences,153
Havering,2024-10,anti-social-behaviour,80
Havering,2024-10,bicycle-theft,4
Havering,2024-10,burglary,56
Havering,2024-10,criminal-damage-arson,56
Havering,2024-10,drugs,41
Havering,2024-10,miscellaneous-incidents,2
Havering,2024-10,other-theft,39
Havering,2024-10,possession-of-weapons,5
Havering,2024-10,public-order,20
Havering,2024-10,robbery,11
Havering,2024-10,shoplifting,41
Havering,2024-10,theft-from-the-person,56
Havering,2024-10,vehicle-crime,62
Havering,2024-10,violence-and-sexual-offences,129
Havering,2024-11,anti-social-behaviour,55
Havering,2024-11,bicycle-theft,9
Havering,2024-11,burglary,62
Havering,2024-11,criminal-damage-arson,50
Havering,2024-11,drugs,23
Havering,2024-11,miscellaneous-incidents,5
Havering,2024-11,other-theft,31
Havering,2024-11,possession-of-weapons,9
Havering,2024-11,public-order,12
Havering,2024-11,robbery,9
Havering,2024-11,shoplifting,45
Havering,2024-11,theft-from-the-person,44
Havering,2024-11,vehicle-crime,82
Havering,2024-11,violence-and-sexual-offences,122
Havering,2024-12,anti-social-behaviour,67
Havering,2024-12,bicycle-theft,9
Havering,2024-12,burglary,55
Havering,2024-12,criminal-damage-arson,51
Havering,2024-12,drugs,33
Havering,2024-12,miscellaneous-incidents,2
Havering,2024-12,other-theft,33
Havering,2024-12,possession-of-weapons,8
Havering,2024-12,public-order,14
Havering,2024-12,robbery,11
Havering,2024-12,shoplifting,41
Havering,2024-12,theft-from-the-person,52
Havering,2024-12,vehicle-crime,77
Havering,2024-12,violence-and-sexual-offences,106
Havering,2025-01,anti-social-behaviour,80
Havering,2025-01,bicycle-theft,6
Havering,2025-01,burglary,49
Havering,2025-01,criminal-damage-arson,46
Havering,2025-01,drugs,34
Havering,2025-01,miscellaneous-incidents,1
Havering,2025-01,other-theft,35
Havering,2025-01,possession-of-weapons,7
Havering,2025-01,public-order,14
Havering,2025-01,robbery,11
Havering,2025-01,shoplifting,35
Havering,2025-01,theft-from-the-person,65
Havering,2025-01,vehicle-crime,59
Havering,2025-01,violence-and-sexual-offences,123
Havering,2025-02,anti-social-behaviour,78
Havering,2025-02,bicycle-theft,7
Havering,2025-02,burglary,50
Havering,2025-02,criminal-damage-arson,40
Havering,2025-02,drugs,46
Havering,2025-02,miscellaneous-incidents,6
Havering,2025-02,other-theft,39
Havering,2025-02,possession-of-weapons,6
Havering,2025-02,public-order,19
Havering,2025-02,robbery,12
Havering,2025-02,shoplifting,44
Havering,2025-02,theft-from-the-person,55
Havering,2025-02,vehicle-crime,70
Havering,2025-02,violence-and-sexual-offences,124
Havering,2025-03,anti-social-behaviour,87
Havering,2025-03,bicycle-theft,6
Havering,2025-03,burglary,57
Havering,2025-03,criminal-damage-arson,57
Havering,2025-03,drugs,38
Havering,2025-03,miscellaneous-incidents,2
Havering,2025-03,other-theft,46
Havering,2025-03,possession-of-weapons,5
Havering,2025-03,public-order,15
Havering,2025-03,robbery,16
Havering,2025-03,shoplifting,49
Havering,2025-03,theft-from-the-person,83
Havering,2025-03,vehicle-crime,64
Havering,2025-03,violence-and-sexual-offences,132
Havering,2025-04,anti-social-behaviour,89
Havering,2025-04,bicycle-theft,5
Havering,2025-04,burglary,42
Havering,2025-04,criminal-damage-arson,54
Havering,2025-04,drugs,43
Havering,2025-04,miscellaneous-incidents,6
Havering,2025-04,other-theft,27
Havering,2025-04,possession-of-weapons,3
Havering,2025-04,public-order,14
Havering,2025-04,robbery,13
Havering,2025-04,shoplifting,44
Havering,2025-04,theft-from-the-person,68
Havering,2025-04,vehicle-crime,44
Havering,2025-04,violence-and-sexual-offences,147
Havering,2025-05,anti-social-behaviour,129
Havering,2025-05,bicycle-theft,6
Havering,2025-05,burglary,44
Havering,2025-05,criminal-damage-arson,34
Havering,2025-05,drugs,31
Havering,2025-05,miscellaneous-incidents,5
Havering,2025-05,other-theft,40
Havering,2025-05,possession-of-weapons,9
Havering,2025-05,public-order,24
Havering,2025-05,robbery,13
Havering,2025-05,shoplifting,43
Havering,2025-05,theft-from-the-person,79
Havering,2025-05,vehicle-crime,57
Havering,2025-05,violence-and-sexual-offences,175
Havering,2025-06,anti-social-behaviour,103
Havering,2025-06,bicycle-theft,6
Havering,2025-06,burglary,43
Havering,2025-06,criminal-damage-arson,43
Havering,2025-06,drugs,31
Havering,2025-06,miscellaneous-incidents,3
Havering,2025-06,other-theft,38
Havering,2025-06,possession-of-weapons,10
Havering,2025-06,public-order,26
Havering,2025-06,robbery,17
Havering,2025-06,shoplifting,55
Havering,2025-06,theft-from-the-person,86
Havering,2025-06,vehicle-crime,39
Havering,2025-06,violence-and-sexual-offences,155
Havering,2025-07,anti-social-behaviour,108
Havering,2025-07,bicycle-theft,3
Havering,2025-07,burglary,42
Havering,2025-07,criminal-damage-arson,53
Havering,2025-07,drugs,39
Havering,2025-07,miscellaneous-incidents,3
Havering,2025-07,other-theft,37
Havering,2025-07,possession-of-weapons,9
Havering,2025-07,public-order,20
Havering,2025-07,robbery,16
Havering,2025-07,shoplifting,55
Havering,2025-07,theft-from-the-person,98
Havering,2025-07,vehicle-crime,53
Havering,2025-07,violence-and-sexual-offences,194
Havering,2025-08,anti-social-behaviour,108
Havering,2025-08,bicycle-theft,5
Havering,2025-08,burglary,44
Havering,2025-08,criminal-damage-arson,63
Havering,2025-08,drugs,28
Havering,2025-08,miscellaneous-incidents,2
Havering,2025-08,other-theft,49
Havering,2025-08,possession-of-weapons,9
Havering,2025-08,public-order,21
Havering,2025-08,robbery,8
Havering,2025-08,shoplifting,47
Havering,2025-08,theft-from-the-person,72
Havering,2025-08,vehicle-crime,48
Havering,2025-08,violence-and-sexual-offences,137
Havering,2025-09,anti-social-behaviour,72
Havering,2025-09,bicycle-theft,7
Havering,2025-09,burglary,43
Havering,2025-09,criminal-damage-arson,66
Havering,2025-09,drugs,30
Havering,2025-09,miscellaneous-incidents,2
Havering,2025-09,other-theft,34
Havering,2025-09,possession-of-weapons,6
Havering,2025-09,public-order,12
Havering,2025-09,robbery,16
Havering,2025-09,shoplifting,41
Havering,2025-09,theft-from-the-person,77
Havering,2025-09,vehicle-crime,60
Havering,2025-09,violence-and-sexual-offences,140
Havering,2025-10,anti-social-behaviour,75
Havering,2025-10,bicycle-theft,7
Havering,2025-10,burglary,56
Havering,2025-10,criminal-damage-arson,44
Havering,2025-10,drugs,33
Havering,2025-10,miscellaneous-incidents,5
Havering,2025-10,other-theft,39
Havering,2025-10,possession-of-weapons,6
Havering,2025-10,public-order,16
Havering,2025-10,robbery,12
Havering,2025-10,shoplifting,46
Havering,2025-10,theft-from-the-person,70
Havering,2025-10,vehicle-crime,85
Havering,2025-10,violence-and-sexual-offences,106
Havering,2025-11,anti-social-behaviour,65
Havering,2025-11,bicycle-theft,5
Havering,2025-11,burglary,49
Havering,2025-11,criminal-damage-arson,40
Havering,2025-11,drugs,29
Havering,2025-11,miscellaneous-incidents,2
Havering,2025-11,other-theft,37
Havering,2025-11,possession-of-weapons,7
Havering,2025-11,public-order,15
Havering,2025-11,robbery,12
Havering,2025-11,shoplifting,51
Havering,2025-11,theft-from-the-person,62
Havering,2025-11,vehicle-crime,91
Havering,2025-11,violence-and-sexual-offences,124
Havering,2025-12,anti-social-behaviour,55
Havering,2025-12,bicycle-theft,6
Havering,2025-12,burglary,58
Havering,2025-12,criminal-damage-arson,65
Havering,2025-12,drugs,32
Havering,2025-12,miscellaneous-incidents,8
Havering,2025-12,other-theft,46
Havering,2025-12,possession-of-weapons,7
Havering,2025-12,public-order,15
Havering,2025-12,robbery,13
Havering,2025-12,shoplifting,53
Havering,2025-12,theft-from-the-person,48
Havering,2025-12,vehicle-crime,81
Havering,2025-12,violence-and-sexual-offences,89
Hillingdon,2024-01,anti-social-behaviour,88
Hillingdon,2024-01,bicycle-theft,9
Hillingdon,2024-01,burglary,81
Hillingdon,2024-01,criminal-damage-arson,47
Hillingdon,2024-01,drugs,38
Hillingdon,2024-01,miscellaneous-incidents,9
Hillingdon,2024-01,other-theft,55
Hillingdon,2024-01,possession-of-weapons,9
Hillingdon,2024-01,public-order,35
Hillingdon,2024-01,robbery,18
Hillingdon,2024-01,shoplifting,50
Hillingdon,2024-01,theft-from-the-person,74
Hillingdon,2024-01,vehicle-crime,85
Hillingdon,2024-01,violence-and-sexual-offences,116
Hillingdon,2024-02,anti-social-behaviour,96
Hillingdon,2024-02,bicycle-theft,5
Hillingdon,2024-02,burglary,72
Hillingdon,2024-02,criminal-damage-arson,55
Hillingdon,2024-02,drugs,39
Hillingdon,2024-02,miscellaneous-incidents,5
Hillingdon,2024-02,other-theft,55
Hillingdon,2024-02,possession-of-weapons,5
Hillingdon,2024-02,public-order,18
Hillingdon,2024-02,robbery,22
Hillingdon,2024-02,shoplifting,53
Hillingdon,2024-02,theft-from-the-person,93
Hillingdon,2024-02,vehicle-crime,89
Hillingdon,2024-02,violence-and-sexual-offences,123
Hillingdon,2024-03,anti-social-behaviour,95
Hillingdon,2024-03,bicycle-theft,4
Hillingdon,2024-03,burglary,64
Hillingdon,2024-03,criminal-damage-arson,68
Hillingdon,2024-03,drugs,47
Hillingdon,2024-03,miscellaneous-incidents,6
Hillingdon,2024-03,other-theft,39
Hillingdon,2024-03,possession-of-weapons,5
Hillingdon,2024-03,public-order,15
Hillingdon,2024-03,robbery,14
Hillingdon,2024-03,shoplifting,61
Hillingdon,2024-03,theft-from-the-person,101
Hillingdon,2024-03,vehicle-crime,78
Hillingdon,2024-03,violence-and-sexual-offences,199
Hillingdon,2024-04,anti-social-behaviour,131
Hillingdon,2024-04,bicycle-theft,4
Hillingdon,2024-04,burglary,55
Hillingdon,2024-04,criminal-damage-arson,68
Hillingdon,2024-04,drugs,28
Hillingdon,2024-04,miscellaneous-incidents,3
Hillingdon,2024-04,other-theft,51
Hillingdon,2024-04,possession-of-weapons,7
Hillingdon,2024-04,public-order,32
Hillingdon,2024-04,robbery,14
Hillingdon,2024-04,shoplifting,61
Hillingdon,2024-04,theft-from-the-person,105
Hillingdon,2024-04,vehicle-crime,65
Hillingdon,2024-04,violence-and-sexual-offences,178
Hillingdon,2024-05,anti-social-behaviour,160
Hillingdon,2024-05,bicycle-theft,4
Hillingdon,2024-05,burglary,49
Hillingdon,2024-05,criminal-damage-arson,63
Hillingdon,2024-05,drugs,39
Hillingdon,2024-05,miscellaneous-incidents,2
Hillingdon,2024-05,other-theft,43
Hillingdon,2024-05,possession-of-weapons,11
Hillingdon,2024-05,public-order,30
Hillingdon,2024-05,robbery,12
Hillingdon,2024-05,shoplifting,68
Hillingdon,2024-05,theft-from-the-person,119
Hillingdon,2024-05,vehicle-crime,63
Hillingdon,2024-05,violence-and-sexual-offences,205
Hillingdon,2024-06,anti-social-behaviour,134
Hillingdon,2024-06,bicycle-theft,11
Hillingdon,2024-06,burglary,56
Hillingdon,2024-06,criminal-damage-arson,72
Hillingdon,2024-06,drugs,31
Hillingdon,2024-06,miscellaneous-incidents,7
Hillingdon,2024-06,other-theft,47
Hillingdon,2024-06,possession-of-weapons,10
Hillingdon,2024-06,public-order,22
Hillingdon,2024-06,robbery,23
Hillingdon,2024-06,shoplifting,62
Hillingdon,2024-06,theft-from-the-person,100
Hillingdon,2024-06,vehicle-crime,46
Hillingdon,2024-06,violence-and-sexual-offences,195
Hillingdon,2024-07,anti-social-behaviour,106
Hillingdon,2024-07,bicycle-theft,4
Hillingdon,2024-07,burglary,42
Hillingdon,2024-07,criminal-damage-arson,71
Hillingdon,2024-07,drugs,30
Hillingdon,2024-07,miscellaneous-incidents,3
Hillingdon,2024-07,other-theft,39
Hillingdon,2024-07,possession-of-weapons,11
Hillingdon,2024-07,public-order,32
Hillingdon,2024-07,robbery,9
Hillingdon,2024-07,shoplifting,36
Hillingdon,2024-07,theft-from-the-person,114
Hillingdon,2024-07,vehicle-crime,62
Hillingdon,2024-07,violence-and-sexual-offences,240
Hillingdon,2024-08,anti-social-behaviour,135
Hillingdon,2024-08,bicycle-theft,5
Hillingdon,2024-08,burglary,52
Hillingdon,2024-08,criminal-damage-arson,74
Hillingdon,2024-08,drugs,32
Hillingdon,2024-08,miscellaneous-incidents,5
Hillingdon,2024-08,other-theft,47
Hillingdon,2024-08,possession-of-weapons,8
Hillingdon,2024-08,public-order,16
Hillingdon,2024-08,robbery,11
Hillingdon,2024-08,shoplifting,50
Hillingdon,2024-08,theft-from-the-person,110
Hillingdon,2024-08,vehicle-crime,65
Hillingdon,2024-08,violence-and-sexual-offences,209
Hillingdon,2024-09,anti-social-behaviour,100
Hillingdon,2024-09,bicycle-theft,5
Hillingdon,2024-09,burglary,63
Hillingdon,2024-09,criminal-damage-arson,38
Hillingdon,2024-09,drugs,37
Hillingdon,2024-09,miscellaneous-incidents,6
Hillingdon,2024-09,other-theft,50
Hillingdon,2024-09,possession-of-weapons,15
Hillingdon,2024-09,public-order,37
Hillingdon,2024-09,robbery,13
Hillingdon,2024-09,shoplifting,59
Hillingdon,2024-09,theft-from-the-person,70
Hillingdon,2024-09,vehicle-crime,73
Hillingdon,2024-09,violence-and-sexual-offences,162
Hillingdon,2024-10,anti-social-behaviour,101
Hillingdon,2024-10,bicycle-theft,11
Hillingdon,2024-10,burglary,64
Hillingdon,2024-10,criminal-damage-arson,52
Hillingdon,2024-10,drugs,38
Hillingdon,2024-10,miscellaneous-incidents,6
Hillingdon,2024-10,other-theft,31
Hillingdon,2024-10,possession-of-weapons,6
Hillingdon,2024-10,public-order,23
Hillingdon,2024-10,robbery,22
Hillingdon,2024-10,shoplifting,52
Hillingdon,2024-10,theft-from-the-person,86
Hillingdon,2024-10,vehicle-crime,93
Hillingdon,2024-10,violence-and-sexual-offences,153
Hillingdon,2024-11,anti-social-behaviour,89
Hillingdon,2024-11,bicycle-theft,5
Hillingdon,2024-11,burglary,81
Hillingdon,2024-11,criminal-damage-arson,68
Hillingdon,2024-11,drugs,45
Hillingdon,2024-11,miscellaneous-incidents,3
Hillingdon,2024-11,other-theft,37
Hillingdon,2024-11,possession-of-weapons,4
Hillingdon,2024-11,public-order,28
Hillingdon,2024-11,robbery,14
Hillingdon,2024-11,shoplifting,44
Hillingdon,2024-11,theft-from-the-person,77
Hillingdon,2024-11,vehicle-crime,88
Hillingdon,2024-11,violence-and-sexual-offences,141
Hillingdon,2024-12,anti-social-behaviour,79
Hillingdon,2024-12,bicycle-theft,6
Hillingdon,2024-12,burglary,82
Hillingdon,2024-12,criminal-damage-arson,63
Hillingdon,2024-12,drugs,40
Hillingdon,2024-12,miscellaneous-incidents,5
Hillingdon,2024-12,other-theft,43
Hillingdon,2024-12,possession-of-weapons,8
Hillingdon,2024-12,public-order,26
Hillingdon,2024-12,robbery,16
Hillingdon,2024-12,shoplifting,60
Hillingdon,2024-12,theft-from-the-person,70
Hillingdon,2024-12,vehicle-crime,92
Hillingdon,2024-12,violence-and-sexual-offences,114
Hillingdon,2025-01,anti-social-behaviour,89
Hillingdon,2025-01,bicycle-theft,6
Hillingdon,2025-01,burglary,62
Hillingdon,2025-01,criminal-damage-arson,59
Hillingdon,2025-01,drugs,34
Hillingdon,2025-01,miscellaneous-incidents,4
Hillingdon,2025-01,other-theft,50
Hillingdon,2025-01,possession-of-weapons,7
Hillingdon,2025-01,public-order,21
Hillingdon,2025-01,robbery,14
Hillingdon,2025-01,shoplifting,60
Hillingdon,2025-01,theft-from-the-person,67
Hillingdon,2025-01,vehicle-crime,76
Hillingdon,2025-01,violence-and-sexual-offences,119
Hillingdon,2025-02,anti-social-behaviour,100
Hillingdon,2025-02,bicycle-theft,9
Hillingdon,2025-02,burglary,76
Hillingdon,2025-02,criminal-damage-arson,68
Hillingdon,2025-02,drugs,37
Hillingdon,2025-02,miscellaneous-incidents,2
Hillingdon,2025-02,other-theft,34
Hillingdon,2025-02,possession-of-weapons,9
Hillingdon,2025-02,public-order,24
Hillingdon,2025-02,robbery,14
Hillingdon,2025-02,shoplifting,52
Hillingdon,2025-02,theft-from-the-person,90
Hillingdon,2025-02,vehicle-crime,96
Hillingdon,2025-02,violence-and-sexual-offences,155
Hillingdon,2025-03,anti-social-behaviour,102
Hillingdon,2025-03,bicycle-theft,8
Hillingdon,2025-03,burglary,65
Hillingdon,2025-03,criminal-damage-arson,62
Hillingdon,2025-03,drugs,40
Hillingdon,2025-03,miscellaneous-incidents,5
Hillingdon,2025-03,other-theft,59
Hillingdon,2025-03,possession-of-weapons,9
Hillingdon,2025-03,public-order,19
Hillingdon,2025-03,robbery,15
Hillingdon,2025-03,shoplifting,51
Hillingdon,2025-03,theft-from-the-person,102
Hillingdon,2025-03,vehicle-crime,73
Hillingdon,2025-03,violence-and-sexual-offences,165
Hillingdon,2025-04,anti-social-behaviour,134
Hillingdon,2025-04,bicycle-theft,9
Hillingdon,2025-04,burglary,70
Hillingdon,2025-04,criminal-damage-arson,64
Hillingdon,2025-04,drugs,40
Hillingdon,2025-04,miscellaneous-incidents,3
Hillingdon,2025-04,other-theft,43
Hillingdon,2025-04,possession-of-weapons,6
Hillingdon,2025-04,public-order,27
Hillingdon,2025-04,robbery,12
Hillingdon,2025-04,shoplifting,57
Hillingdon,2025-04,theft-from-the-person,99
Hillingdon,2025-04,vehicle-crime,76
Hillingdon,2025-04,violence-and-sexual-offences,192
Hillingdon,2025-05,anti-social-behaviour,116
Hillingdon,2025-05,bicycle-theft,5
Hillingdon,2025-05,burglary,49
Hillingdon,2025-05,criminal-damage-arson,68
Hillingdon,2025-05,drugs,27
Hillingdon,2025-05,miscellaneous-incidents,5
Hillingdon,2025-05,other-theft,34
Hillingdon,2025-05,possession-of-weapons,6
Hillingdon,2025-05,public-order,20
Hillingdon,2025-05,robbery,15
Hillingdon,2025-05,shoplifting,61
Hillingdon,2025-05,theft-from-the-person,120
Hillingdon,2025-05,vehicle-crime,58
Hillingdon,2025-05,violence-and-sexual-offences,193
Hillingdon,2025-06,anti-social-behaviour,138
Hillingdon,2025-06,bicycle-theft,13
Hillingdon,2025-06,burglary,46
Hillingdon,2025-06,criminal-damage-arson,60
Hillingdon,2025-06,drugs,37
Hillingdon,2025-06,miscellaneous-incidents,1
Hillingdon,2025-06,other-theft,49
Hillingdon,2025-06,possession-of-weapons,6
Hillingdon,2025-06,public-order,19
Hillingdon,2025-06,robbery,14
Hillingdon,2025-06,shoplifting,60
Hillingdon,2025-06,theft-from-the-person,122
Hillingdon,2025-06,vehicle-crime,69
Hillingdon,2025-06,violence-and-sexual-offences,217
Hillingdon,2025-07,anti-social-behaviour,114
Hillingdon,2025-07,bicycle-theft,10
Hillingdon,2025-07,burglary,63
Hillingdon,2025-07,criminal-damage-arson,59
Hillingdon,2025-07,drugs,47
Hillingdon,2025-07,miscellaneous-incidents,6
Hillingdon,2025-07,other-theft,47
Hillingdon,2025-07,possession-of-weapons,6
Hillingdon,2025-07,public-order,29
Hillingdon,2025-07,robbery,16
Hillingdon,2025-07,shoplifting,48
Hillingdon,2025-07,theft-from-the-person,118
Hillingdon,2025-07,vehicle-crime,62
Hillingdon,2025-07,violence-and-sexual-offences,193
Hillingdon,2025-08,anti-social-behaviour,108
Hillingdon,2025-08,bicycle-theft,3
Hillingdon,2025-08,burglary,70
Hillingdon,2025-08,criminal-damage-arson,61
Hillingdon,2025-08,drugs,51
Hillingdon,2025-08,miscellaneous-incidents,5
Hillingdon,2025-08,other-theft,49
Hillingdon,2025-08,possession-of-weapons,12
Hillingdon,2025-08,public-order,28
Hillingdon,2025-08,robbery,20
Hillingdon,2025-08,shoplifting,64
Hillingdon,2025-08,theft-from-the-person,101
Hillingdon,2025-08,vehicle-crime,70
Hillingdon,2025-08,violence-and-sexual-offences,205
Hillingdon,2025-09,anti-social-behaviour,129
Hillingdon,2025-09,bicycle-theft,13
Hillingdon,2025-09,burglary,63
Hillingdon,2025-09,criminal-damage-arson,66
Hillingdon,2025-09,drugs,38
Hillingdon,2025-09,miscellaneous-incidents,4
Hillingdon,2025-09,other-theft,45
Hillingdon,2025-09,possession-of-weapons,6
Hillingdon,2025-09,public-order,24
Hillingdon,2025-09,robbery,17
Hillingdon,2025-09,shoplifting,58
Hillingdon,2025-09,theft-from-the-person,104
Hillingdon,2025-09,vehicle-crime,73
Hillingdon,2025-09,violence-and-sexual-offences,174
Hillingdon,2025-10,anti-social-behaviour,89
Hillingdon,2025-10,bicycle-theft,11
Hillingdon,2025-10,burglary,82
Hillingdon,2025-10,criminal-damage-arson,69
Hillingdon,2025-10,drugs,29
Hillingdon,2025-10,miscellaneous-incidents,4
Hillingdon,2025-10,other-theft,56
Hillingdon,2025-10,possession-of-weapons,6
Hillingdon,2025-10,public-order,32
Hillingdon,2025-10,robbery,9
Hillingdon,2025-10,shoplifting,62
Hillingdon,2025-10,theft-from-the-person,88
Hillingdon,2025-10,vehicle-crime,77
Hillingdon,2025-10,violence-and-sexual-offences,181
Hillingdon,2025-11,anti-social-behaviour,79
Hillingdon,2025-11,bicycle-theft,8
Hillingdon,2025-11,burglary,60
Hillingdon,2025-11,criminal-damage-arson,55
Hillingdon,2025-11,drugs,42
Hillingdon,2025-11,miscellaneous-incidents,4
Hillingdon,2025-11,other-theft,38
Hillingdon,2025-11,possession-of-weapons,8
Hillingdon,2025-11,public-order,26
Hillingdon,2025-11,robbery,20
Hillingdon,2025-11,shoplifting,54
Hillingdon,2025-11,theft-from-the-person,62
Hillingdon,2025-11,vehicle-crime,103
Hillingdon,2025-11,violence-and-sexual-offences,150
Hillingdon,2025-12,anti-social-behaviour,79
Hillingdon,2025-12,bicycle-theft,2
Hillingdon,2025-12,burglary,69
Hillingdon,2025-12,criminal-damage-arson,62
Hillingdon,2025-12,drugs,28
Hillingdon,2025-12,miscellaneous-incidents,8
Hillingdon,2025-12,other-theft,44
Hillingdon,2025-12,possession-of-weapons,5
Hillingdon,2025-12,public-order,28
Hillingdon,2025-12,robbery,8
Hillingdon,2025-12,shoplifting,60
Hillingdon,2025-12,theft-from-the-person,79
Hillingdon,2025-12,vehicle-crime,94
Hillingdon,2025-12,violence-and-sexual-offences,122
Hounslow,2024-01,anti-social-behaviour,91
Hounslow,2024-01,bicycle-theft,7
Hounslow,2024-01,burglary,64
Hounslow,2024-01,criminal-damage-arson,64
Hounslow,2024-01,drugs,39
Hounslow,2024-01,miscellaneous-incidents,4
Hounslow,2024-01,other-theft,41
Hounslow,2024-01,possession-of-weapons,6
Hounslow,2024-01,public-order,35
Hounslow,2024-01,robbery,13
Hounslow,2024-01,shoplifting,71
Hounslow,2024-01,theft-from-the-person,72
Hounslow,2024-01,vehicle-crime,95
Hounslow,2024-01,violence-and-sexual-offences,151
Hounslow,2024-02,anti-social-behaviour,88
Hounslow,2024-02,bicycle-theft,10
Hounslow,2024-02,burglary,63
Hounslow,2024-02,criminal-damage-arson,66
Hounslow,2024-02,drugs,35
Hounslow,2024-02,miscellaneous-incidents,9
Hounslow,2024-02,other-theft,52
Hounslow,2024-02,possession-of-weapons,7
Hounslow,2024-02,public-order,34
Hounslow,2024-02,robbery,17
Hounslow,2024-02,shoplifting,64
Hounslow,2024-02,theft-from-the-person,95
Hounslow,2024-02,vehicle-crime,96
Hounslow,2024-02,violence-and-sexual-offences,172
Hounslow,2024-03,anti-social-behaviour,122
Hounslow,2024-03,bicycle-theft,6
Hounslow,2024-03,burglary,65
Hounslow,2024-03,criminal-damage-arson,66
Hounslow,2024-03,drugs,49
Hounslow,2024-03,miscellaneous-incidents,5
Hounslow,2024-03,other-theft,48
Hounslow,2024-03,possession-of-weapons,4
Hounslow,2024-03,public-order,25
Hounslow,2024-03,robbery,15
Hounslow,2024-03,shoplifting,55
Hounslow,2024-03,theft-from-the-person,103
Hounslow,2024-03,vehicle-crime,66
Hounslow,2024-03,violence-and-sexual-offences,184
Hounslow,2024-04,anti-social-behaviour,130
Hounslow,2024-04,bicycle-theft,8
Hounslow,2024-04,burglary,67
Hounslow,2024-04,criminal-damage-arson,61
Hounslow,2024-04,drugs,55
Hounslow,2024-04,miscellaneous-incidents,9
Hounslow,2024-04,other-theft,56
Hounslow,2024-04,possession-of-weapons,8
Hounslow,2024-04,public-order,23
Hounslow,2024-04,robbery,14
Hounslow,2024-04,shoplifting,83
Hounslow,2024-04,theft-from-the-person,98
Hounslow,2024-04,vehicle-crime,65
Hounslow,2024-04,violence-and-sexual-offences,213
Hounslow,2024-05,anti-social-behaviour,166
Hounslow,2024-05,bicycle-theft,11
Hounslow,2024-05,burglary,54
Hounslow,2024-05,criminal-damage-arson,64
Hounslow,2024-05,drugs,40
Hounslow,2024-05,miscellaneous-incidents,4
Hounslow,2024-05,other-theft,52
Hounslow,2024-05,possession-of-weapons,2
Hounslow,2024-05,public-order,31
Hounslow,2024-05,robbery,13
Hounslow,2024-05,shoplifting,61
Hounslow,2024-05,theft-from-the-person,136
Hounslow,2024-05,vehicle-crime,71
Hounslow,2024-05,violence-and-sexual-offences,228
Hounslow,2024-06,anti-social-behaviour,142
Hounslow,2024-06,bicycle-theft,7
Hounslow,2024-06,burglary,53
Hounslow,2024-06,criminal-damage-arson,78
Hounslow,2024-06,drugs,38
Hounslow,2024-06,miscellaneous-incidents,8
Hounslow,2024-06,other-theft,55
Hounslow,2024-06,possession-of-weapons,9
Hounslow,2024-06,public-order,32
Hounslow,2024-06,robbery,21
Hounslow,2024-06,shoplifting,45
Hounslow,2024-06,theft-from-the-person,127
Hounslow,2024-06,vehicle-crime,59
Hounslow,2024-06,violence-and-sexual-offences,222
Hounslow,2024-07,anti-social-behaviour,143
Hounslow,2024-07,bicycle-theft,6
Hounslow,2024-07,burglary,50
Hounslow,2024-07,criminal-damage-arson,63
Hounslow,2024-07,drugs,52
Hounslow,2024-07,miscellaneous-incidents,6
Hounslow,2024-07,other-theft,50
Hounslow,2024-07,possession-of-weapons,19
Hounslow,2024-07,public-order,21
Hounslow,2024-07,robbery,15
Hounslow,2024-07,shoplifting,69
Hounslow,2024-07,theft-from-the-person,94
Hounslow,2024-07,vehicle-crime,71
Hounslow,2024-07,violence-and-sexual-offences,241
Hounslow,2024-08,anti-social-behaviour,151
Hounslow,2024-08,bicycle-theft,11
Hounslow,2024-08,burglary,51
Hounslow,2024-08,criminal-damage-arson,52
Hounslow,2024-08,drugs,45
Hounslow,2024-08,miscellaneous-incidents,4
Hounslow,2024-08,other-theft,46
Hounslow,2024-08,possession-of-weapons,5
Hounslow,2024-08,public-order,29
Hounslow,2024-08,robbery,17
Hounslow,2024-08,shoplifting,54
Hounslow,2024-08,theft-from-the-person,109
Hounslow,2024-08,vehicle-crime,79
Hounslow,2024-08,violence-and-sexual-offences,214
Hounslow,2024-09,anti-social-behaviour,114
Hounslow,2024-09,bicycle-theft,8
Hounslow,2024-09,burglary,64
Hounslow,2024-09,criminal-damage-arson,59
Hounslow,2024-09,drugs,43
Hounslow,2024-09,miscellaneous-incidents,6
Hounslow,2024-09,other-theft,49
Hounslow,2024-09,possession-of-weapons,5
Hounslow,2024-09,public-order,20
Hounslow,2024-09,robbery,16
Hounslow,2024-09,shoplifting,48
Hounslow,2024-09,theft-from-the-person,99
Hounslow,2024-09,vehicle-crime,86
Hounslow,2024-09,violence-and-sexual-offences,164
Hounslow,2024-10,anti-social-behaviour,98
Hounslow,2024-10,bicycle-theft,5
Hounslow,2024-10,burglary,71
Hounslow,2024-10,criminal-damage-arson,51
Hounslow,2024-10,drugs,40
Hounslow,2024-10,miscellaneous-incidents,5
Hounslow,2024-10,other-theft,57
Hounslow,2024-10,possession-of-weapons,6
Hounslow,2024-10,public-order,27
Hounslow,2024-10,robbery,16
Hounslow,2024-10,shoplifting,59
Hounslow,2024-10,theft-from-the-person,83
Hounslow,2024-10,vehicle-crime,100
Hounslow,2024-10,violence-and-sexual-offences,161
Hounslow,2024-11,anti-social-behaviour,97
Hounslow,2024-11,bicycle-theft,8
Hounslow,2024-11,burglary,90
Hounslow,2024-11,criminal-damage-arson,59
Hounslow,2024-11,drugs,37
Hounslow,2024-11,miscellaneous-incidents,7
Hounslow,2024-11,other-theft,44
Hounslow,2024-11,possession-of-weapons,9
Hounslow,2024-11,public-order,26
Hounslow,2024-11,robbery,18
Hounslow,2024-11,shoplifting,60
Hounslow,2024-11,theft-from-the-person,68
Hounslow,2024-11,vehicle-crime,83
Hounslow,2024-11,violence-and-sexual-offences,138
Hounslow,2024-12,anti-social-behaviour,95
Hounslow,2024-12,bicycle-theft,2
Hounslow,2024-12,burglary,72
Hounslow,2024-12,criminal-damage-arson,72
Hounslow,2024-12,drugs,47
Hounslow,2024-12,miscellaneous-incidents,3
Hounslow,2024-12,other-theft,47
Hounslow,2024-12,possession-of-weapons,7
Hounslow,2024-12,public-order,32
Hounslow,2024-12,robbery,22
Hounslow,2024-12,shoplifting,50
Hounslow,2024-12,theft-from-the-person,77
Hounslow,2024-12,vehicle-crime,97
Hounslow,2024-12,violence-and-sexual-offences,145
Hounslow,2025-01,anti-social-behaviour,86
Hounslow,2025-01,bicycle-theft,7
Hounslow,2025-01,burglary,73
Hounslow,2025-01,criminal-damage-arson,61
Hounslow,2025-01,drugs,38
Hounslow,2025-01,miscellaneous-incidents,5
Hounslow,2025-01,other-theft,58
Hounslow,2025-01,possession-of-weapons,5
Hounslow,2025-01,public-order,19
Hounslow,2025-01,robbery,12
Hounslow,2025-01,shoplifting,59
Hounslow,2025-01,theft-from-the-person,77
Hounslow,2025-01,vehicle-crime,96
Hounslow,2025-01,violence-and-sexual-offences,137
Hounslow,2025-02,anti-social-behaviour,114
Hounslow,2025-02,bicycle-theft,10
Hounslow,2025-02,burglary,73
Hounslow,2025-02,criminal-damage-arson,64
Hounslow,2025-02,drugs,42
Hounslow,2025-02,miscellaneous-incidents,3
Hounslow,2025-02,other-theft,43
Hounslow,2025-02,possession-of-weapons,10
Hounslow,2025-02,public-order,19
Hounslow,2025-02,robbery,17
Hounslow,2025-02,shoplifting,61
Hounslow,2025-02,theft-from-the-person,78
Hounslow,2025-02,vehicle-crime,82
Hounslow,2025-02,violence-and-sexual-offences,146
Hounslow,2025-03,anti-social-behaviour,105
Hounslow,2025-03,bicycle-theft,4
Hounslow,2025-03,burglary,57
Hounslow,2025-03,criminal-damage-arson,73
Hounslow,2025-03,drugs,42
Hounslow,2025-03,miscellaneous-incidents,1
Hounslow,2025-03,other-theft,60
Hounslow,2025-03,possession-of-weapons,13
Hounslow,2025-03,public-order,19
Hounslow,2025-03,robbery,18
Hounslow,2025-03,shoplifting,61
Hounslow,2025-03,theft-from-the-person,114
Hounslow,2025-03,vehicle-crime,102
Hounslow,2025-03,violence-and-sexual-offences,194
Hounslow,2025-04,anti-social-behaviour,126
Hounslow,2025-04,bicycle-theft,3
Hounslow,2025-04,burglary,65
Hounslow,2025-04,criminal-damage-arson,66
Hounslow,2025-04,drugs,40
Hounslow,2025-04,miscellaneous-incidents,4
Hounslow,2025-04,other-theft,47
Hounslow,2025-04,possession-of-weapons,15
Hounslow,2025-04,public-order,26
Hounslow,2025-04,robbery,8
Hounslow,2025-04,shoplifting,59
Hounslow,2025-04,theft-from-the-person,113
Hounslow,2025-04,vehicle-crime,78
Hounslow,2025-04,violence-and-sexual-offences,194
Hounslow,2025-05,anti-social-behaviour,152
Hounslow,2025-05,bicycle-theft,10
Hounslow,2025-05,burglary,70
Hounslow,2025-05,criminal-damage-arson,71
Hounslow,2025-05,drugs,43
Hounslow,2025-05,miscellaneous-incidents,5
Hounslow,2025-05,other-theft,49
Hounslow,2025-05,possession-of-weapons,9
Hounslow,2025-05,public-order,24
Hounslow,2025-05,robbery,19
Hounslow,2025-05,shoplifting,54
Hounslow,2025-05,theft-from-the-person,110
Hounslow,2025-05,vehicle-crime,55
Hounslow,2025-05,violence-and-sexual-offences,256
Hounslow,2025-06,anti-social-behaviour,139
Hounslow,2025-06,bicycle-theft,9
Hounslow,2025-06,burglary,51
Hounslow,2025-06,criminal-damage-arson,59
Hounslow,2025-06,drugs,33
Hounslow,2025-06,miscellaneous-incidents,2
Hounslow,2025-06,other-theft,59
Hounslow,2025-06,possession-of-weapons,8
Hounslow,2025-06,public-order,21
Hounslow,2025-06,robbery,16
Hounslow,2025-06,shoplifting,62
Hounslow,2025-06,theft-from-the-person,120
Hounslow,2025-06,vehicle-crime,66
Hounslow,2025-06,violence-and-sexual-offences,228
Hounslow,2025-07,anti-social-behaviour,143
Hounslow,2025-07,bicycle-theft,5
Hounslow,2025-07,burglary,63
Hounslow,2025-07,criminal-damage-arson,56
Hounslow,2025-07,drugs,41
Hounslow,2025-07,miscellaneous-incidents,8
Hounslow,2025-07,other-theft,58
Hounslow,2025-07,possession-of-weapons,8
Hounslow,2025-07,public-order,29
Hounslow,2025-07,robbery,17
Hounslow,2025-07,shoplifting,48
Hounslow,2025-07,theft-from-the-person,118
Hounslow,2025-07,vehicle-crime,62
Hounslow,2025-07,violence-and-sexual-offences,219
Hounslow,2025-08,anti-social-behaviour,127
Hounslow,2025-08,bicycle-theft,9
Hounslow,2025-08,burglary,62
Hounslow,2025-08,criminal-damage-arson,73
Hounslow,2025-08,drugs,25
Hounslow,2025-08,miscellaneous-incidents,7
Hounslow,2025-08,other-theft,45
Hounslow,2025-08,possession-of-weapons,6
Hounslow,2025-08,public-order,29
Hounslow,2025-08,robbery,16
Hounslow,2025-08,shoplifting,62
Hounslow,2025-08,theft-from-the-person,125
Hounslow,2025-08,vehicle-crime,83
Hounslow,2025-08,violence-and-sexual-offences,210
Hounslow,2025-09,anti-social-behaviour,117
Hounslow,2025-09,bicycle-theft,7
Hounslow,2025-09,burglary,46
Hounslow,2025-09,criminal-damage-arson,68
Hounslow,2025-09,drugs,46
Hounslow,2025-09,miscellaneous-incidents,4
Hounslow,2025-09,other-theft,45
Hounslow,2025-09,possession-of-weapons,7
Hounslow,2025-09,public-order,30
Hounslow,2025-09,robbery,15
Hounslow,2025-09,shoplifting,57
Hounslow,2025-09,theft-from-the-person,78
Hounslow,2025-09,vehicle-crime,77
Hounslow,2025-09,violence-and-sexual-offences,177
Hounslow,2025-10,anti-social-behaviour,123
Hounslow,2025-10,bicycle-theft,4
Hounslow,2025-10,burglary,67
Hounslow,2025-10,criminal-damage-arson,52
Hounslow,2025-10,drugs,36
Hounslow,2025-10,miscellaneous-incidents,5
Hounslow,2025-10,other-theft,63
Hounslow,2025-10,possession-of-weapons,13
Hounslow,2025-10,public-order,23
Hounslow,2025-10,robbery,31
Hounslow,2025-10,shoplifting,59
Hounslow,2025-10,theft-from-the-person,87
Hounslow,2025-10,vehicle-crime,111
Hounslow,2025-10,violence-and-sexual-offences,143
Hounslow,2025-11,anti-social-behaviour,96
Hounslow,2025-11,bicycle-theft,6
Hounslow,2025-11,burglary,91
Hounslow,2025-11,criminal-damage-arson,71
Hounslow,2025-11,drugs,51
Hounslow,2025-11,miscellaneous-incidents,3
Hounslow,2025-11,other-theft,48
Hounslow,2025-11,possession-of-weapons,11
Hounslow,2025-11,public-order,22
Hounslow,2025-11,robbery,11
Hounslow,2025-11,shoplifting,56
Hounslow,2025-11,theft-from-the-person,78
Hounslow,2025-11,vehicle-crime,81
Hounslow,2025-11,violence-and-sexual-offences,132
Hounslow,2025-12,anti-social-behaviour,89
Hounslow,2025-12,bicycle-theft,5
Hounslow,2025-12,burglary,86
Hounslow,2025-12,criminal-damage-arson,64
Hounslow,2025-12,drugs,42
Hounslow,2025-12,miscellaneous-incidents,2
Hounslow,2025-12,other-theft,42
Hounslow,2025-12,possession-of-weapons,12
Hounslow,2025-12,public-order,24
Hounslow,2025-12,robbery,7
Hounslow,2025-12,shoplifting,60
Hounslow,2025-12,theft-from-the-person,70
Hounslow,2025-12,vehicle-crime,91
Hounslow,2025-12,violence-and-sexual-offences,134
Islington,2024-01,anti-social-behaviour,129
Islington,2024-01,bicycle-theft,8
Islington,2024-01,burglary,108
Islington,2024-01,criminal-damage-arson,86
Islington,2024-01,drugs,79
Islington,2024-01,miscellaneous-incidents,3
Islington,2024-01,other-theft,76
Islington,2024-01,possession-of-weapons,15
Islington,2024-01,public-order,27
Islington,2024-01,robbery,25
Islington,2024-01,shoplifting,81
Islington,2024-01,theft-from-the-person,108
Islington,2024-01,vehicle-crime,116
Islington,2024-01,violence-and-sexual-offences,184
Islington,2024-02,anti-social-behaviour,157
Islington,2024-02,bicycle-theft,13
Islington,2024-02,burglary,81
Islington,2024-02,criminal-damage-arson,83
Islington,2024-02,drugs,53
Islington,2024-02,miscellaneous-incidents,3
Islington,2024-02,other-theft,61
Islington,2024-02,possession-of-weapons,14
Islington,2024-02,public-order,28
Islington,2024-02,robbery,28
Islington,2024-02,shoplifting,79
Islington,2024-02,theft-from-the-person,108
Islington,2024-02,vehicle-crime,133
Islington,2024-02,violence-and-sexual-offences,202
Islington,2024-03,anti-social-behaviour,156
Islington,2024-03,bicycle-theft,8
Islington,2024-03,burglary,98
Islington,2024-03,criminal-damage-arson,106
Islington,2024-03,drugs,62
Islington,2024-03,miscellaneous-incidents,6
Islington,2024-03,other-theft,67
Islington,2024-03,possession-of-weapons,18
Islington,2024-03,public-order,35
Islington,2024-03,robbery,10
Islington,2024-03,shoplifting,77
Islington,2024-03,theft-from-the-person,119
Islington,2024-03,vehicle-crime,104
Islington,2024-03,violence-and-sexual-offences,236
Islington,2024-04,anti-social-behaviour,157
Islington,2024-04,bicycle-theft,9
Islington,2024-04,burglary,99
Islington,2024-04,criminal-damage-arson,89
Islington,2024-04,drugs,60
Islington,2024-04,miscellaneous-incidents,4
Islington,2024-04,other-theft,72
Islington,2024-04,possession-of-weapons,7
Islington,2024-04,public-order,43
Islington,2024-04,robbery,18
Islington,2024-04,shoplifting,85
Islington,2024-04,theft-from-the-person,137
Islington,2024-04,vehicle-crime,104
Islington,2024-04,violence-and-sexual-offences,294
Islington,2024-05,anti-social-behaviour,182
Islington,2024-05,bicycle-theft,5
Islington,2024-05,burglary,79
Islington,2024-05,criminal-damage-arson,104
Islington,2024-05,drugs,51
Islington,2024-05,miscellaneous-incidents,3
Islington,2024-05,other-theft,72
Islington,2024-05,possession-of-weapons,13
Islington,2024-05,public-order,34
Islington,2024-05,robbery,24
Islington,2024-05,shoplifting,81
Islington,2024-05,theft-from-the-person,185
Islington,2024-05,vehicle-crime,96
Islington,2024-05,violence-and-sexual-offences,284
Islington,2024-06,anti-social-behaviour,189
Islington,2024-06,bicycle-theft,11
Islington,2024-06,burglary,81
Islington,2024-06,criminal-damage-arson,101
Islington,2024-06,drugs,56
Islington,2024-06,miscellaneous-incidents,5
Islington,2024-06,other-theft,57
Islington,2024-06,possession-of-weapons,10
Islington,2024-06,public-order,29
Islington,2024-06,robbery,23
Islington,2024-06,shoplifting,79
Islington,2024-06,theft-from-the-person,165
Islington,2024-06,vehicle-crime,91
Islington,2024-06,violence-and-sexual-offences,283
Islington,2024-07,anti-social-behaviour,193
Islington,2024-07,bicycle-theft,15
Islington,2024-07,burglary,82
Islington,2024-07,criminal-damage-arson,95
Islington,2024-07,drugs,59
Islington,2024-07,miscellaneous-incidents,5
Islington,2024-07,other-theft,76
Islington,2024-07,possession-of-weapons,8
Islington,2024-07,public-order,36
Islington,2024-07,robbery,25
Islington,2024-07,shoplifting,73
Islington,2024-07,theft-from-the-person,146
Islington,2024-07,vehicle-crime,93
Islington,2024-07,violence-and-sexual-offences,293
Islington,2024-08,anti-social-behaviour,170
Islington,2024-08,bicycle-theft,17
Islington,2024-08,burglary,75
Islington,2024-08,criminal-damage-arson,108
Islington,2024-08,drugs,53
Islington,2024-08,miscellaneous-incidents,4
Islington,2024-08,other-theft,77
Islington,2024-08,possession-of-weapons,12
Islington,2024-08,public-order,33
Islington,2024-08,robbery,29
Islington,2024-08,shoplifting,83
Islington,2024-08,theft-from-the-person,156
Islington,2024-08,vehicle-crime,89
Islington,2024-08,violence-and-sexual-offences,291
Islington,2024-09,anti-social-behaviour,156
Islington,2024-09,bicycle-theft,11
Islington,2024-09,burglary,89
Islington,2024-09,criminal-damage-arson,98
Islington,2024-09,drugs,48
Islington,2024-09,miscellaneous-incidents,6
Islington,2024-09,other-theft,58
Islington,2024-09,possession-of-weapons,10
Islington,2024-09,public-order,29
Islington,2024-09,robbery,25
Islington,2024-09,shoplifting,70
Islington,2024-09,theft-from-the-person,152
Islington,2024-09,vehicle-crime,122
Islington,2024-09,violence-and-sexual-offences,227
Islington,2024-10,anti-social-behaviour,144
Islington,2024-10,bicycle-theft,14
Islington,2024-10,burglary,92
Islington,2024-10,criminal-damage-arson,88
Islington,2024-10,drugs,65
Islington,2024-10,miscellaneous-incidents,6
Islington,2024-10,other-theft,73
Islington,2024-10,possession-of-weapons,10
Islington,2024-10,public-order,32
Islington,2024-10,robbery,25
Islington,2024-10,shoplifting,69
Islington,2024-10,theft-from-the-person,121
Islington,2024-10,vehicle-crime,116
Islington,2024-10,violence-and-sexual-offences,218
Islington,2024-11,anti-social-behaviour,130
Islington,2024-11,bicycle-theft,11
Islington,2024-11,burglary,123
Islington,2024-11,criminal-damage-arson,98
Islington,2024-11,drugs,53
Islington,2024-11,miscellaneous-incidents,6
Islington,2024-11,other-theft,56
Islington,2024-11,possession-of-weapons,11
Islington,2024-11,public-order,39
Islington,2024-11,robbery,23
Islington,2024-11,shoplifting,72
Islington,2024-11,theft-from-the-person,78
Islington,2024-11,vehicle-crime,118
Islington,2024-11,violence-and-sexual-offences,186
Islington,2024-12,anti-social-behaviour,126
Islington,2024-12,bicycle-theft,7
Islington,2024-12,burglary,95
Islington,2024-12,criminal-damage-arson,67
Islington,2024-12,drugs,52
Islington,2024-12,miscellaneous-incidents,9
Islington,2024-12,other-theft,70
Islington,2024-12,possession-of-weapons,9
Islington,2024-12,public-order,35
Islington,2024-12,robbery,20
Islington,2024-12,shoplifting,79
Islington,2024-12,theft-from-the-person,100
Islington,2024-12,vehicle-crime,145
Islington,2024-12,violence-and-sexual-offences,190
Islington,2025-01,anti-social-behaviour,113
Islington,2025-01,bicycle-theft,10
Islington,2025-01,burglary,106
Islington,2025-01,criminal-damage-arson,101
Islington,2025-01,drugs,53
Islington,2025-01,miscellaneous-incidents,5
Islington,2025-01,other-theft,70
Islington,2025-01,possession-of-weapons,9
Islington,2025-01,public-order,36
Islington,2025-01,robbery,30
Islington,2025-01,shoplifting,91
Islington,2025-01,theft-from-the-person,100
Islington,2025-01,vehicle-crime,138
Islington,2025-01,violence-and-sexual-offences,203
Islington,2025-02,anti-social-behaviour,149
Islington,2025-02,bicycle-theft,13
Islington,2025-02,burglary,112
Islington,2025-02,criminal-damage-arson,87
Islington,2025-02,drugs,56
Islington,2025-02,miscellaneous-incidents,6
Islington,2025-02,other-theft,73
Islington,2025-02,possession-of-weapons,8
Islington,2025-02,public-order,33
Islington,2025-02,robbery,28
Islington,2025-02,shoplifting,76
Islington,2025-02,theft-from-the-person,116
Islington,2025-02,vehicle-crime,126
Islington,2025-02,violence-and-sexual-offences,235
Islington,2025-03,anti-social-behaviour,142
Islington,2025-03,bicycle-theft,9
Islington,2025-03,burglary,75
Islington,2025-03,criminal-damage-arson,76
Islington,2025-03,drugs,51
Islington,2025-03,miscellaneous-incidents,1
Islington,2025-03,other-theft,60
Islington,2025-03,possession-of-weapons,6
Islington,2025-03,public-order,29
Islington,2025-03,robbery,24
Islington,2025-03,shoplifting,71
Islington,2025-03,theft-from-the-person,117
Islington,2025-03,vehicle-crime,118
Islington,2025-03,violence-and-sexual-offences,233
Islington,2025-04,anti-social-behaviour,174
Islington,2025-04,bicycle-theft,8
Islington,2025-04,burglary,91
Islington,2025-04,criminal-damage-arson,80
Islington,2025-04,drugs,55
Islington,2025-04,miscellaneous-incidents,5
Islington,2025-04,other-theft,67
Islington,2025-04,possession-of-weapons,9
Islington,2025-04,public-order,30
Islington,2025-04,robbery,23
Islington,2025-04,shoplifting,79
Islington,2025-04,theft-from-the-person,133
Islington,2025-04,vehicle-crime,86
Islington,2025-04,violence-and-sexual-offences,280
Islington,2025-05,anti-social-behaviour,196
Islington,2025-05,bicycle-theft,7
Islington,2025-05,burglary,84
Islington,2025-05,criminal-damage-arson,88
Islington,2025-05,drugs,57
Islington,2025-05,miscellaneous-incidents,8
Islington,2025-05,other-theft,65
Islington,2025-05,possession-of-weapons,8
Islington,2025-05,public-order,32
Islington,2025-05,robbery,28
Islington,2025-05,shoplifting,88
Islington,2025-05,theft-from-the-person,153
Islington,2025-05,vehicle-crime,79
Islington,2025-05,violence-and-sexual-offences,288
Islington,2025-06,anti-social-behaviour,170
Islington,2025-06,bicycle-theft,13
Islington,2025-06,burglary,75
Islington,2025-06,criminal-damage-arson,88
Islington,2025-06,drugs,61
Islington,2025-06,miscellaneous-incidents,8
Islington,2025-06,other-theft,61
Islington,2025-06,possession-of-weapons,15
Islington,2025-06,public-order,27
Islington,2025-06,robbery,23
Islington,2025-06,shoplifting,72
Islington,2025-06,theft-from-the-person,177
Islington,2025-06,vehicle-crime,88
Islington,2025-06,violence-and-sexual-offences,319
Islington,2025-07,anti-social-behaviour,191
Islington,2025-07,bicycle-theft,13
Islington,2025-07,burglary,77
Islington,2025-07,criminal-damage-arson,102
Islington,2025-07,drugs,74
Islington,2025-07,miscellaneous-incidents,4
Islington,2025-07,other-theft,69
Islington,2025-07,possession-of-weapons,4
Islington,2025-07,public-order,32
Islington,2025-07,robbery,20
Islington,2025-07,shoplifting,92
Islington,2025-07,theft-from-the-person,166
Islington,2025-07,vehicle-crime,91
Islington,2025-07,violence-and-sexual-offences,296
Islington,2025-08,anti-social-behaviour,178
Islington,2025-08,bicycle-theft,15
Islington,2025-08,burglary,84
Islington,2025-08,criminal-damage-arson,89
Islington,2025-08,drugs,56
Islington,2025-08,miscellaneous-incidents,5
Islington,2025-08,other-theft,64
Islington,2025-08,possession-of-weapons,10
Islington,2025-08,public-order,31
Islington,2025-08,robbery,38
Islington,2025-08,shoplifting,74
Islington,2025-08,theft-from-the-person,129
Islington,2025-08,vehicle-crime,99
Islington,2025-08,violence-and-sexual-offences,305
Islington,2025-09,anti-social-behaviour,142
Islington,2025-09,bicycle-theft,9
Islington,2025-09,burglary,99
Islington,2025-09,criminal-damage-arson,90
Islington,2025-09,drugs,54
Islington,2025-09,miscellaneous-incidents,7
Islington,2025-09,other-theft,77
Islington,2025-09,possession-of-weapons,10
Islington,2025-09,public-order,32
Islington,2025-09,robbery,18
Islington,2025-09,shoplifting,83
Islington,2025-09,theft-from-the-person,131
Islington,2025-09,vehicle-crime,116
Islington,2025-09,violence-and-sexual-offences,241
Islington,2025-10,anti-social-behaviour,122
Islington,2025-10,bicycle-theft,13
Islington,2025-10,burglary,91
Islington,2025-10,criminal-damage-arson,104
Islington,2025-10,drugs,52
Islington,2025-10,miscellaneous-incidents,6
Islington,2025-10,other-theft,59
Islington,2025-10,possession-of-weapons,10
Islington,2025-10,public-order,33
Islington,2025-10,robbery,13
Islington,2025-10,shoplifting,76
Islington,2025-10,theft-from-the-person,139
Islington,2025-10,vehicle-crime,120
Islington,2025-10,violence-and-sexual-offences,210
Islington,2025-11,anti-social-behaviour,117
Islington,2025-11,bicycle-theft,11
Islington,2025-11,burglary,119
Islington,2025-11,criminal-damage-arson,76
Islington,2025-11,drugs,49
Islington,2025-11,miscellaneous-incidents,5
Islington,2025-11,other-theft,52
Islington,2025-11,possession-of-weapons,12
Islington,2025-11,public-order,45
Islington,2025-11,robbery,19
Islington,2025-11,shoplifting,78
Islington,2025-11,theft-from-the-person,102
Islington,2025-11,vehicle-crime,131
Islington,2025-11,violence-and-sexual-offences,178
Islington,2025-12,anti-social-behaviour,111
Islington,2025-12,bicycle-theft,10
Islington,2025-12,burglary,115
Islington,2025-12,criminal-damage-arson,81
Islington,2025-12,drugs,55
Islington,2025-12,miscellaneous-incidents,5
Islington,2025-12,other-theft,46
Islington,2025-12,possession-of-weapons,13
Islington,2025-12,public-order,38
Islington,2025-12,robbery,26
Islington,2025-12,shoplifting,86
Islington,2025-12,theft-from-the-person,100
Islington,2025-12,vehicle-crime,124
Islington,2025-12,violence-and-sexual-offences,165
Kensington and Chelsea,2024-01,anti-social-behaviour,116
Kensington and Chelsea,2024-01,bicycle-theft,9
Kensington and Chelsea,2024-01,burglary,79
Kensington and Chelsea,2024-01,criminal-damage-arson,83
Kensington and Chelsea,2024-01,drugs,43
Kensington and Chelsea,2024-01,miscellaneous-incidents,4
Kensington and Chelsea,2024-01,other-theft,59
Kensington and Chelsea,2024-01,possession-of-weapons,6
Kensington and Chelsea,2024-01,public-order,34
Kensington and Chelsea,2024-01,robbery,16
Kensington and Chelsea,2024-01,shoplifting,66
Kensington and Chelsea,2024-01,theft-from-the-person,76
Kensington and Chelsea,2024-01,vehicle-crime,80
Kensington and Chelsea,2024-01,violence-and-sexual-offences,163
Kensington and Chelsea,2024-02,anti-social-behaviour,133
Kensington and Chelsea,2024-02,bicycle-theft,6
Kensington and Chelsea,2024-02,burglary,81
Kensington and Chelsea,2024-02,criminal-damage-arson,91
Kensington and Chelsea,2024-02,drugs,48
Kensington and Chelsea,2024-02,miscellaneous-incidents,4
Kensington and Chelsea,2024-02,other-theft,63
Kensington and Chelsea,2024-02,possession-of-weapons,12
Kensington and Chelsea,2024-02,public-order,36
Kensington and Chelsea,2024-02,robbery,14
Kensington and Chelsea,2024-02,shoplifting,55
Kensington and Chelsea,2024-02,theft-from-the-person,99
Kensington and Chelsea,2024-02,vehicle-crime,114
Kensington and Chelsea,2024-02,violence-and-sexual-offences,183
Kensington and Chelsea,2024-03,anti-social-behaviour,132
Kensington and Chelsea,2024-03,bicycle-theft,6
Kensington and Chelsea,2024-03,burglary,72
Kensington and Chelsea,2024-03,criminal-damage-arson,78
Kensington and Chelsea,2024-03,drugs,49
Kensington and Chelsea,2024-03,miscellaneous-incidents,6
Kensington and Chelsea,2024-03,other-theft,46
Kensington and Chelsea,2024-03,possession-of-weapons,9
Kensington and Chelsea,2024-03,public-order,28
Kensington and Chelsea,2024-03,robbery,15
Kensington and Chelsea,2024-03,shoplifting,52
Kensington and Chelsea,2024-03,theft-from-the-person,118
Kensington and Chelsea,2024-03,vehicle-crime,91
Kensington and Chelsea,2024-03,violence-and-sexual-offences,212
Kensington and Chelsea,2024-04,anti-social-behaviour,140
Kensington and Chelsea,2024-04,bicycle-theft,7
Kensington and Chelsea,2024-04,burglary,67
Kensington and Chelsea,2024-04,criminal-damage-arson,73
Kensington and Chelsea,2024-04,drugs,42
Kensington and Chelsea,2024-04,miscellaneous-incidents,5
Kensington and Chelsea,2024-04,other-theft,56
Kensington and Chelsea,2024-04,possession-of-weapons,11
Kensington and Chelsea,2024-04,public-order,33
Kensington and Chelsea,2024-04,robbery,18
Kensington and Chelsea,2024-04,shoplifting,65
Kensington and Chelsea,2024-04,theft-from-the-person,130
Kensington and Chelsea,2024-04,vehicle-crime,86
Kensington and Chelsea,2024-04,violence-and-sexual-offences,231
Kensington and Chelsea,2024-05,anti-social-behaviour,176
Kensington and Chelsea,2024-05,bicycle-theft,10
Kensington and Chelsea,2024-05,burglary,65
Kensington and Chelsea,2024-05,criminal-damage-arson,75
Kensington and Chelsea,2024-05,drugs,50
Kensington and Chelsea,2024-05,miscellaneous-incidents,4
Kensington and Chelsea,2024-05,other-theft,57
Kensington and Chelsea,2024-05,possession-of-weapons,9
Kensington and Chelsea,2024-05,public-order,25
Kensington and Chelsea,2024-05,robbery,15
Kensington and Chelsea,2024-05,shoplifting,66
Kensington and Chelsea,2024-05,theft-from-the-person,153
Kensington and Chelsea,2024-05,vehicle-crime,77
Kensington and Chelsea,2024-05,violence-and-sexual-offences,272
Kensington and Chelsea,2024-06,anti-social-behaviour,158
Kensington and Chelsea,2024-06,bicycle-theft,11
Kensington and Chelsea,2024-06,burglary,61
Kensington and Chelsea,2024-06,criminal-damage-arson,74
Kensington and Chelsea,2024-06,drugs,41
Kensington and Chelsea,2024-06,miscellaneous-incidents,5
Kensington and Chelsea,2024-06,other-theft,61
Kensington and Chelsea,2024-06,possession-of-weapons,9
Kensington and Chelsea,2024-06,public-order,24
Kensington and Chelsea,2024-06,robbery,18
Kensington and Chelsea,2024-06,shoplifting,60
Kensington and Chelsea,2024-06,theft-from-the-person,151
Kensington and Chelsea,2024-06,vehicle-crime,76
Kensington and Chelsea,2024-06,violence-and-sexual-offences,245
Kensington and Chelsea,2024-07,anti-social-behaviour,141
Kensington and Chelsea,2024-07,bicycle-theft,13
Kensington and Chelsea,2024-07,burglary,56
Kensington and Chelsea,2024-07,criminal-damage-arson,93
Kensington and Chelsea,2024-07,drugs,46
Kensington and Chelsea,2024-07,miscellaneous-incidents,5
Kensington and Chelsea,2024-07,other-theft,40
Kensington and Chelsea,2024-07,possession-of-weapons,11
Kensington and Chelsea,2024-07,public-order,32
Kensington and Chelsea,2024-07,robbery,14
Kensington and Chelsea,2024-07,shoplifting,68
Kensington and Chelsea,2024-07,theft-from-the-person,139
Kensington and Chelsea,2024-07,vehicle-crime,97
Kensington and Chelsea,2024-07,violence-and-sexual-offences,243
Kensington and Chelsea,2024-08,anti-social-behaviour,160
Kensington and Chelsea,2024-08,bicycle-theft,13
Kensington and Chelsea,2024-08,burglary,73
Kensington and Chelsea,2024-08,criminal-damage-arson,70
Kensington and Chelsea,2024-08,drugs,45
Kensington and Chelsea,2024-08,miscellaneous-incidents,3
Kensington and Chelsea,2024-08,other-theft,51
Kensington and Chelsea,2024-08,possession-of-weapons,9
Kensington and Chelsea,2024-08,public-order,28
Kensington and Chelsea,2024-08,robbery,19
Kensington and Chelsea,2024-08,shoplifting,66
Kensington and Chelsea,2024-08,theft-from-the-person,127
Kensington and Chelsea,2024-08,vehicle-crime,76
Kensington and Chelsea,2024-08,violence-and-sexual-offences,244
Kensington and Chelsea,2024-09,anti-social-behaviour,146
Kensington and Chelsea,2024-09,bicycle-theft,15
Kensington and Chelsea,2024-09,burglary,72
Kensington and Chelsea,2024-09,criminal-damage-arson,70
Kensington and Chelsea,2024-09,drugs,46
Kensington and Chelsea,2024-09,miscellaneous-incidents,4
Kensington and Chelsea,2024-09,other-theft,50
Kensington and Chelsea,2024-09,possession-of-weapons,16
Kensington and Chelsea,2024-09,public-order,20
Kensington and Chelsea,2024-09,robbery,17
Kensington and Chelsea,2024-09,shoplifting,54
Kensington and Chelsea,2024-09,theft-from-the-person,135
Kensington and Chelsea,2024-09,vehicle-crime,104
Kensington and Chelsea,2024-09,violence-and-sexual-offences,218
Kensington and Chelsea,2024-10,anti-social-behaviour,126
Kensington and Chelsea,2024-10,bicycle-theft,9
Kensington and Chelsea,2024-10,burglary,91
Kensington and Chelsea,2024-10,criminal-damage-arson,77
Kensington and Chelsea,2024-10,drugs,43
Kensington and Chelsea,2024-10,miscellaneous-incidents,7
Kensington and Chelsea,2024-10,other-theft,75
Kensington and Chelsea,2024-10,possession-of-weapons,11
Kensington and Chelsea,2024-10,public-order,31
Kensington and Chelsea,2024-10,robbery,14
Kensington and Chelsea,2024-10,shoplifting,63
Kensington and Chelsea,2024-10,theft-from-the-person,99
Kensington and Chelsea,2024-10,vehicle-crime,124
Kensington and Chelsea,2024-10,violence-and-sexual-offences,191
Kensington and Chelsea,2024-11,anti-social-behaviour,109
Kensington and Chelsea,2024-11,bicycle-theft,10
Kensington and Chelsea,2024-11,burglary,87
Kensington and Chelsea,2024-11,criminal-damage-arson,80
Kensington and Chelsea,2024-11,drugs,51
Kensington and Chelsea,2024-11,miscellaneous-incidents,5
Kensington and Chelsea,2024-11,other-theft,50
Kensington and Chelsea,2024-11,possession-of-weapons,9
Kensington and Chelsea,2024-11,public-order,35
Kensington and Chelsea,2024-11,robbery,18
Kensington and Chelsea,2024-11,shoplifting,62
Kensington and Chelsea,2024-11,theft-from-the-person,62
Kensington and Chelsea,2024-11,vehicle-crime,115
Kensington and Chelsea,2024-11,violence-and-sexual-offences,151
Kensington and Chelsea,2024-12,anti-social-behaviour,101
Kensington and Chelsea,2024-12,bicycle-theft,11
Kensington and Chelsea,2024-12,burglary,83
Kensington and Chelsea,2024-12,criminal-damage-arson,77
Kensington and Chelsea,2024-12,drugs,42
Kensington and Chelsea,2024-12,miscellaneous-incidents,4
Kensington and Chelsea,2024-12,other-theft,62
Kensington and Chelsea,2024-12,possession-of-weapons,17
Kensington and Chelsea,2024-12,public-order,26
Kensington and Chelsea,2024-12,robbery,24
Kensington and Chelsea,2024-12,shoplifting,55
Kensington and Chelsea,2024-12,theft-from-the-person,86
Kensington and Chelsea,2024-12,vehicle-crime,123
Kensington and Chelsea,2024-12,violence-and-sexual-offences,144
Kensington and Chelsea,2025-01,anti-social-behaviour,108
Kensington and Chelsea,2025-01,bicycle-theft,11
Kensington and Chelsea,2025-01,burglary,77
Kensington and Chelsea,2025-01,criminal-damage-arson,66
Kensington and Chelsea,2025-01,drugs,44
Kensington and Chelsea,2025-01,miscellaneous-incidents,5
Kensington and Chelsea,2025-01,other-theft,69
Kensington and Chelsea,2025-01,possession-of-weapons,12
Kensington and Chelsea,2025-01,public-order,30
Kensington and Chelsea,2025-01,robbery,12
Kensington and Chelsea,2025-01,shoplifting,57
Kensington and Chelsea,2025-01,theft-from-the-person,67
Kensington and Chelsea,2025-01,vehicle-crime,104
Kensington and Chelsea,2025-01,violence-and-sexual-offences,179
Kensington and Chelsea,2025-02,anti-social-behaviour,131
Kensington and Chelsea,2025-02,bicycle-theft,5
Kensington and Chelsea,2025-02,burglary,94
Kensington and Chelsea,2025-02,criminal-damage-arson,86
Kensington and Chelsea,2025-02,drugs,49
Kensington and Chelsea,2025-02,miscellaneous-incidents,9
Kensington and Chelsea,2025-02,other-theft,51
Kensington and Chelsea,2025-02,possession-of-weapons,11
Kensington and Chelsea,2025-02,public-order,33
Kensington and Chelsea,2025-02,robbery,13
Kensington and Chelsea,2025-02,shoplifting,54
Kensington and Chelsea,2025-02,theft-from-the-person,87
Kensington and Chelsea,2025-02,vehicle-crime,100
Kensington and Chelsea,2025-02,violence-and-sexual-offences,174
Kensington and Chelsea,2025-03,anti-social-behaviour,112
Kensington and Chelsea,2025-03,bicycle-theft,7
Kensington and Chelsea,2025-03,burglary,87
Kensington and Chelsea,2025-03,criminal-damage-arson,74
Kensington and Chelsea,2025-03,drugs,53
Kensington and Chelsea,2025-03,miscellaneous-incidents,3
Kensington and Chelsea,2025-03,other-theft,56
Kensington and Chelsea,2025-03,possession-of-weapons,12
Kensington and Chelsea,2025-03,public-order,32
Kensington and Chelsea,2025-03,robbery,20
Kensington and Chelsea,2025-03,shoplifting,62
Kensington and Chelsea,2025-03,theft-from-the-person,105
Kensington and Chelsea,2025-03,vehicle-crime,100
Kensington and Chelsea,2025-03,violence-and-sexual-offences,218
Kensington and Chelsea,2025-04,anti-social-behaviour,168
Kensington and Chelsea,2025-04,bicycle-theft,5
Kensington and Chelsea,2025-04,burglary,68
Kensington and Chelsea,2025-04,criminal-damage-arson,76
Kensington and Chelsea,2025-04,drugs,44
Kensington and Chelsea,2025-04,miscellaneous-incidents,8
Kensington and Chelsea,2025-04,other-theft,59
Kensington and Chelsea,2025-04,possession-of-weapons,10
Kensington and Chelsea,2025-04,public-order,35
Kensington and Chelsea,2025-04,robbery,21
Kensington and Chelsea,2025-04,shoplifting,65
Kensington and Chelsea,2025-04,theft-from-the-person,117
Kensington and Chelsea,2025-04,vehicle-crime,99
Kensington and Chelsea,2025-04,violence-and-sexual-offences,244
Kensington and Chelsea,2025-05,anti-social-behaviour,161
Kensington and Chelsea,2025-05,bicycle-theft,9
Kensington and Chelsea,2025-05,burglary,60
Kensington and Chelsea,2025-05,criminal-damage-arson,69
Kensington and Chelsea,2025-05,drugs,54
Kensington and Chelsea,2025-05,miscellaneous-incidents,5
Kensington and Chelsea,2025-05,other-theft,57
Kensington and Chelsea,2025-05,possession-of-weapons,9
Kensington and Chelsea,2025-05,public-order,37
Kensington and Chelsea,2025-05,robbery,18
Kensington and Chelsea,2025-05,shoplifting,80
Kensington and Chelsea,2025-05,theft-from-the-person,139
Kensington and Chelsea,2025-05,vehicle-crime,76
Kensington and Chelsea,2025-05,violence-and-sexual-offences,241
Kensington and Chelsea,2025-06,anti-social-behaviour,129
Kensington and Chelsea,2025-06,bicycle-theft,6
Kensington and Chelsea,2025-06,burglary,69
Kensington and Chelsea,2025-06,criminal-damage-arson,76
Kensington and Chelsea,2025-06,drugs,50
Kensington and Chelsea,2025-06,miscellaneous-incidents,8
Kensington and Chelsea,2025-06,other-theft,65
Kensington and Chelsea,2025-06,possession-of-weapons,12
Kensington and Chelsea,2025-06,public-order,35
Kensington and Chelsea,2025-06,robbery,19
Kensington and Chelsea,2025-06,shoplifting,71
Kensington and Chelsea,2025-06,theft-from-the-person,155
Kensington and Chelsea,2025-06,vehicle-crime,72
Kensington and Chelsea,2025-06,violence-and-sexual-offences,281
Kensington and Chelsea,2025-07,anti-social-behaviour,168
Kensington and Chelsea,2025-07,bicycle-theft,4
Kensington and Chelsea,2025-07,burglary,57
Kensington and Chelsea,2025-07,criminal-damage-arson,76
Kensington and Chelsea,2025-07,drugs,40
Kensington and Chelsea,2025-07,miscellaneous-incidents,6
Kensington and Chelsea,2025-07,other-theft,53
Kensington and Chelsea,2025-07,possession-of-weapons,12
Kensington and Chelsea,2025-07,public-order,39
Kensington and Chelsea,2025-07,robbery,23
Kensington and Chelsea,2025-07,shoplifting,65
Kensington and Chelsea,2025-07,theft-from-the-person,141
Kensington and Chelsea,2025-07,vehicle-crime,77
Kensington and Chelsea,2025-07,violence-and-sexual-offences,280
Kensington and Chelsea,2025-08,anti-social-behaviour,139
Kensington and Chelsea,2025-08,bicycle-theft,11
Kensington and Chelsea,2025-08,burglary,59
Kensington and Chelsea,2025-08,criminal-damage-arson,82
Kensington and Chelsea,2025-08,drugs,38
Kensington and Chelsea,2025-08,miscellaneous-incidents,6
Kensington and Chelsea,2025-08,other-theft,54
Kensington and Chelsea,2025-08,possession-of-weapons,7
Kensington and Chelsea,2025-08,public-order,30
Kensington and Chelsea,2025-08,robbery,23
Kensington and Chelsea,2025-08,shoplifting,71
Kensington and Chelsea,2025-08,theft-from-the-person,137
Kensington and Chelsea,2025-08,vehicle-crime,79
Kensington and Chelsea,2025-08,violence-and-sexual-offences,256
Kensington and Chelsea,2025-09,anti-social-behaviour,134
Kensington and Chelsea,2025-09,bicycle-theft,7
Kensington and Chelsea,2025-09,burglary,81
Kensington and Chelsea,2025-09,criminal-damage-arson,78
Kensington and Chelsea,2025-09,drugs,52
Kensington and Chelsea,2025-09,miscellaneous-incidents,7
Kensington and Chelsea,2025-09,other-theft,50
Kensington and Chelsea,2025-09,possession-of-weapons,7
Kensington and Chelsea,2025-09,public-order,27
Kensington and Chelsea,2025-09,robbery,19
Kensington and Chelsea,2025-09,shoplifting,65
Kensington and Chelsea,2025-09,theft-from-the-person,123
Kensington and Chelsea,2025-09,vehicle-crime,91
Kensington and Chelsea,2025-09,violence-and-sexual-offences,214
Kensington and Chelsea,2025-10,anti-social-behaviour,123
Kensington and Chelsea,2025-10,bicycle-theft,14
Kensington and Chelsea,2025-10,burglary,106
Kensington and Chelsea,2025-10,criminal-damage-arson,68
Kensington and Chelsea,2025-10,drugs,37
Kensington and Chelsea,2025-10,miscellaneous-incidents,4
Kensington and Chelsea,2025-10,other-theft,61
Kensington and Chelsea,2025-10,possession-of-weapons,7
Kensington and Chelsea,2025-10,public-order,26
Kensington and Chelsea,2025-10,robbery,20
Kensington and Chelsea,2025-10,shoplifting,68
Kensington and Chelsea,2025-10,theft-from-the-person,103
Kensington and Chelsea,2025-10,vehicle-crime,111
Kensington and Chelsea,2025-10,violence-and-sexual-offences,179
Kensington and Chelsea,2025-11,anti-social-behaviour,107
Kensington and Chelsea,2025-11,bicycle-theft,12
Kensington and Chelsea,2025-11,burglary,93
Kensington and Chelsea,2025-11,criminal-damage-arson,80
Kensington and Chelsea,2025-11,drugs,46
Kensington and Chelsea,2025-11,miscellaneous-incidents,1
Kensington and Chelsea,2025-11,other-theft,54
Kensington and Chelsea,2025-11,possession-of-weapons,6
Kensington and Chelsea,2025-11,public-order,29
Kensington and Chelsea,2025-11,robbery,17
Kensington and Chelsea,2025-11,shoplifting,50
Kensington and Chelsea,2025-11,theft-from-the-person,77
Kensington and Chelsea,2025-11,vehicle-crime,114
Kensington and Chelsea,2025-11,violence-and-sexual-offences,143
Kensington and Chelsea,2025-12,anti-social-behaviour,98
Kensington and Chelsea,2025-12,bicycle-theft,8
Kensington and Chelsea,2025-12,burglary,104
Kensington and Chelsea,2025-12,criminal-damage-arson,88
Kensington and Chelsea,2025-12,drugs,40
Kensington and Chelsea,2025-12,miscellaneous-incidents,5
Kensington and Chelsea,2025-12,other-theft,54
Kensington and Chelsea,2025-12,possession-of-weapons,12
Kensington and Chelsea,2025-12,public-order,27
Kensington and Chelsea,2025-12,robbery,22
Kensington and Chelsea,2025-12,shoplifting,66
Kensington and Chelsea,2025-12,theft-from-the-person,94
Kensington and Chelsea,2025-12,vehicle-crime,120
Kensington and Chelsea,2025-12,violence-and-sexual-offences,140
Kingston upon Thames,2024-01,anti-social-behaviour,61
Kingston upon Thames,2024-01,bicycle-theft,5
Kingston upon Thames,2024-01,burglary,36
Kingston upon Thames,2024-01,criminal-damage-arson,40
Kingston upon Thames,2024-01,drugs,28
Kingston upon Thames,2024-01,miscellaneous-incidents,3
Kingston upon Thames,2024-01,other-theft,29
Kingston upon Thames,2024-01,possession-of-weapons,4
Kingston upon Thames,2024-01,public-order,21
Kingston upon Thames,2024-01,robbery,11
Kingston upon Thames,2024-01,shoplifting,38
Kingston upon Thames,2024-01,theft-from-the-person,47
Kingston upon Thames,2024-01,vehicle-crime,47
Kingston upon Thames,2024-01,violence-and-sexual-offences,75
Kingston upon Thames,2024-02,anti-social-behaviour,49
Kingston upon Thames,2024-02,bicycle-theft,7
Kingston upon Thames,2024-02,burglary,47
Kingston upon Thames,2024-02,criminal-damage-arson,44
Kingston upon Thames,2024-02,drugs,22
Kingston upon Thames,2024-02,miscellaneous-incidents,3
Kingston upon Thames,2024-02,other-theft,28
Kingston upon Thames,2024-02,possession-of-weapons,11
Kingston upon Thames,2024-02,public-order,16
Kingston upon Thames,2024-02,robbery,7
Kingston upon Thames,2024-02,shoplifting,42
Kingston upon Thames,2024-02,theft-from-the-person,46
Kingston upon Thames,2024-02,vehicle-crime,62
Kingston upon Thames,2024-02,violence-and-sexual-offences,90
Kingston upon Thames,2024-03,anti-social-behaviour,64
Kingston upon Thames,2024-03,bicycle-theft,6
Kingston upon Thames,2024-03,burglary,43
Kingston upon Thames,2024-03,criminal-damage-arson,46
Kingston upon Thames,2024-03,drugs,23
Kingston upon Thames,2024-03,miscellaneous-incidents,1
Kingston upon Thames,2024-03,other-theft,34
Kingston upon Thames,2024-03,possession-of-weapons,2
Kingston upon Thames,2024-03,public-order,12
Kingston upon Thames,2024-03,robbery,10
Kingston upon Thames,2024-03,shoplifting,34
Kingston upon Thames,2024-03,theft-from-the-person,46
Kingston upon Thames,2024-03,vehicle-crime,48
Kingston upon Thames,2024-03,violence-and-sexual-offences,126
Kingston upon Thames,2024-04,anti-social-behaviour,86
Kingston upon Thames,2024-04,bicycle-theft,3
Kingston upon Thames,2024-04,burglary,44
Kingston upon Thames,2024-04,criminal-damage-arson,45
Kingston upon Thames,2024-04,drugs,21
Kingston upon Thames,2024-04,miscellaneous-incidents,3
Kingston upon Thames,2024-04,other-theft,29
Kingston upon Thames,2024-04,possession-of-weapons,7
Kingston upon Thames,2024-04,public-order,14
Kingston upon Thames,2024-04,robbery,8
Kingston upon Thames,2024-04,shoplifting,36
Kingston upon Thames,2024-04,theft-from-the-person,56
Kingston upon Thames,2024-04,vehicle-crime,43
Kingston upon Thames,2024-04,violence-and-sexual-offences,118
Kingston upon Thames,2024-05,anti-social-behaviour,74
Kingston upon Thames,2024-05,bicycle-theft,4
Kingston upon Thames,2024-05,burglary,39
Kingston upon Thames,2024-05,criminal-damage-arson,38
Kingston upon Thames,2024-05,drugs,27
Kingston upon Thames,2024-05,miscellaneous-incidents,5
Kingston upon Thames,2024-05,other-theft,18
Kingston upon Thames,2024-05,possession-of-weapons,4
Kingston upon Thames,2024-05,public-order,24
Kingston upon Thames,2024-05,robbery,6
Kingston upon Thames,2024-05,shoplifting,38
Kingston upon Thames,2024-05,theft-from-the-person,69
Kingston upon Thames,2024-05,vehicle-crime,40
Kingston upon Thames,2024-05,violence-and-sexual-offences,131
Kingston upon Thames,2024-06,anti-social-behaviour,97
Kingston upon Thames,2024-06,bicycle-theft,6
Kingston upon Thames,2024-06,burglary,27
Kingston upon Thames,2024-06,criminal-damage-arson,36
Kingston upon Thames,2024-06,drugs,16
Kingston upon Thames,2024-06,miscellaneous-incidents,2
Kingston upon Thames,2024-06,other-theft,28
Kingston upon Thames,2024-06,possession-of-weapons,7
Kingston upon Thames,2024-06,public-order,14
Kingston upon Thames,2024-06,robbery,16
Kingston upon Thames,2024-06,shoplifting,41
Kingston upon Thames,2024-06,theft-from-the-person,64
Kingston upon Thames,2024-06,vehicle-crime,44
Kingston upon Thames,2024-06,violence-and-sexual-offences,137
Kingston upon Thames,2024-07,anti-social-behaviour,99
Kingston upon Thames,2024-07,bicycle-theft,4
Kingston upon Thames,2024-07,burglary,31
Kingston upon Thames,2024-07,criminal-damage-arson,34
Kingston upon Thames,2024-07,drugs,18
Kingston upon Thames,2024-07,miscellaneous-incidents,1
Kingston upon Thames,2024-07,other-theft,22
Kingston upon Thames,2024-07,possession-of-weapons,4
Kingston upon Thames,2024-07,public-order,6
Kingston upon Thames,2024-07,robbery,13
Kingston upon Thames,2024-07,shoplifting,36
Kingston upon Thames,2024-07,theft-from-the-person,71
Kingston upon Thames,2024-07,vehicle-crime,40
Kingston upon Thames,2024-07,violence-and-sexual-offences,120
Kingston upon Thames,2024-08,anti-social-behaviour,82
Kingston upon Thames,2024-08,bicycle-theft,6
Kingston upon Thames,2024-08,burglary,27
Kingston upon Thames,2024-08,criminal-damage-arson,41
Kingston upon Thames,2024-08,drugs,28
Kingston upon Thames,2024-08,miscellaneous-incidents,3
Kingston upon Thames,2024-08,other-theft,30
Kingston upon Thames,2024-08,possession-of-weapons,3
Kingston upon Thames,2024-08,public-order,13
Kingston upon Thames,2024-08,robbery,9
Kingston upon Thames,2024-08,shoplifting,28
Kingston upon Thames,2024-08,theft-from-the-person,66
Kingston upon Thames,2024-08,vehicle-crime,50
Kingston upon Thames,2024-08,violence-and-sexual-offences,111
Kingston upon Thames,2024-09,anti-social-behaviour,72
Kingston upon Thames,2024-09,bicycle-theft,4
Kingston upon Thames,2024-09,burglary,41
Kingston upon Thames,2024-09,criminal-damage-arson,44
Kingston upon Thames,2024-09,drugs,22
Kingston upon Thames,2024-09,miscellaneous-incidents,4
Kingston upon Thames,2024-09,other-theft,32
Kingston upon Thames,2024-09,possession-of-weapons,11
Kingston upon Thames,2024-09,public-order,14
Kingston upon Thames,2024-09,robbery,13
Kingston upon Thames,2024-09,shoplifting,38
Kingston upon Thames,2024-09,theft-from-the-person,60
Kingston upon Thames,2024-09,vehicle-crime,50
Kingston upon Thames,2024-09,violence-and-sexual-offences,112
Kingston upon Thames,2024-10,anti-social-behaviour,77
Kingston upon Thames,2024-10,bicycle-theft,6
Kingston upon Thames,2024-10,burglary,46
Kingston upon Thames,2024-10,criminal-damage-arson,33
Kingston upon Thames,2024-10,drugs,14
Kingston upon Thames,2024-10,miscellaneous-incidents,5
Kingston upon Thames,2024-10,other-theft,26
Kingston upon Thames,2024-10,possession-of-weapons,8
Kingston upon Thames,2024-10,public-order,18
Kingston upon Thames,2024-10,robbery,10
Kingston upon Thames,2024-10,shoplifting,35
Kingston upon Thames,2024-10,theft-from-the-person,54
Kingston upon Thames,2024-10,vehicle-crime,54
Kingston upon Thames,2024-10,violence-and-sexual-offences,100
Kingston upon Thames,2024-11,anti-social-behaviour,46
Kingston upon Thames,2024-11,bicycle-theft,7
Kingston upon Thames,2024-11,burglary,57
Kingston upon Thames,2024-11,criminal-damage-arson,50
Kingston upon Thames,2024-11,drugs,18
Kingston upon Thames,2024-11,miscellaneous-incidents,4
Kingston upon Thames,2024-11,other-theft,25
Kingston upon Thames,2024-11,possession-of-weapons,6
Kingston upon Thames,2024-11,public-order,16
Kingston upon Thames,2024-11,robbery,12
Kingston upon Thames,2024-11,shoplifting,44
Kingston upon Thames,2024-11,theft-from-the-person,51
Kingston upon Thames,2024-11,vehicle-crime,54
Kingston upon Thames,2024-11,violence-and-sexual-offences,76
Kingston upon Thames,2024-12,anti-social-behaviour,59
Kingston upon Thames,2024-12,bicycle-theft,4
Kingston upon Thames,2024-12,burglary,45
Kingston upon Thames,2024-12,criminal-damage-arson,43
Kingston upon Thames,2024-12,drugs,22
Kingston upon Thames,2024-12,miscellaneous-incidents,1
Kingston upon Thames,2024-12,other-theft,33
Kingston upon Thames,2024-12,possession-of-weapons,8
Kingston upon Thames,2024-12,public-order,12
Kingston upon Thames,2024-12,robbery,8
Kingston upon Thames,2024-12,shoplifting,36
Kingston upon Thames,2024-12,theft-from-the-person,43
Kingston upon Thames,2024-12,vehicle-crime,64
Kingston upon Thames,2024-12,violence-and-sexual-offences,78
Kingston upon Thames,2025-01,anti-social-behaviour,56
Kingston upon Thames,2025-01,bicycle-theft,6
Kingston upon Thames,2025-01,burglary,51
Kingston upon Thames,2025-01,criminal-damage-arson,34
Kingston upon Thames,2025-01,drugs,30
Kingston upon Thames,2025-01,miscellaneous-incidents,1
Kingston upon Thames,2025-01,other-theft,27
Kingston upon Thames,2025-01,possession-of-weapons,10
Kingston upon Thames,2025-01,public-order,15
Kingston upon Thames,2025-01,robbery,12
Kingston upon Thames,2025-01,shoplifting,39
Kingston upon Thames,2025-01,theft-from-the-person,47
Kingston upon Thames,2025-01,vehicle-crime,62
Kingston upon Thames,2025-01,violence-and-sexual-offences,85
Kingston upon Thames,2025-02,anti-social-behaviour,48
Kingston upon Thames,2025-02,bicycle-theft,2
Kingston upon Thames,2025-02,burglary,49
Kingston upon Thames,2025-02,criminal-damage-arson,48
Kingston upon Thames,2025-02,drugs,15
Kingston upon Thames,2025-02,miscellaneous-incidents,2
Kingston upon Thames,2025-02,other-theft,35
Kingston upon Thames,2025-02,possession-of-weapons,8
Kingston upon Thames,2025-02,public-order,21
Kingston upon Thames,2025-02,robbery,9
Kingston upon Thames,2025-02,shoplifting,37
Kingston upon Thames,2025-02,theft-from-the-person,51
Kingston upon Thames,2025-02,vehicle-crime,69
Kingston upon Thames,2025-02,violence-and-sexual-offences,99
Kingston upon Thames,2025-03,anti-social-behaviour,73
Kingston upon Thames,2025-03,bicycle-theft,5
Kingston upon Thames,2025-03,burglary,51
Kingston upon Thames,2025-03,criminal-damage-arson,41
Kingston upon Thames,2025-03,drugs,30
Kingston upon Thames,2025-03,miscellaneous-incidents,2
Kingston upon Thames,2025-03,other-theft,28
Kingston upon Thames,2025-03,possession-of-weapons,9
Kingston upon Thames,2025-03,public-order,22
Kingston upon Thames,2025-03,robbery,13
Kingston upon Thames,2025-03,shoplifting,37
Kingston upon Thames,2025-03,theft-from-the-person,59
Kingston upon Thames,2025-03,vehicle-crime,48
Kingston upon Thames,2025-03,violence-and-sexual-offences,93
Kingston upon Thames,2025-04,anti-social-behaviour,82
Kingston upon Thames,2025-04,bicycle-theft,11
Kingston upon Thames,2025-04,burglary,31
Kingston upon Thames,2025-04,criminal-damage-arson,44
Kingston upon Thames,2025-04,drugs,23
Kingston upon Thames,2025-04,miscellaneous-incidents,1
Kingston upon Thames,2025-04,other-theft,24
Kingston upon Thames,2025-04,possession-of-weapons,8
Kingston upon Thames,2025-04,public-order,16
Kingston upon Thames,2025-04,robbery,9
Kingston upon Thames,2025-04,shoplifting,35
Kingston upon Thames,2025-04,theft-from-the-person,66
Kingston upon Thames,2025-04,vehicle-crime,43
Kingston upon Thames,2025-04,violence-and-sexual-offences,115
Kingston upon Thames,2025-05,anti-social-behaviour,94
Kingston upon Thames,2025-05,bicycle-theft,1
Kingston upon Thames,2025-05,burglary,35
Kingston upon Thames,2025-05,criminal-damage-arson,31
Kingston upon Thames,2025-05,drugs,26
Kingston upon Thames,2025-05,miscellaneous-incidents,1
Kingston upon Thames,2025-05,other-theft,34
Kingston upon Thames,2025-05,possession-of-weapons,6
Kingston upon Thames,2025-05,public-order,8
Kingston upon Thames,2025-05,robbery,7
Kingston upon Thames,2025-05,shoplifting,36
Kingston upon Thames,2025-05,theft-from-the-person,61
Kingston upon Thames,2025-05,vehicle-crime,33
Kingston upon Thames,2025-05,violence-and-sexual-offences,122
Kingston upon Thames,2025-06,anti-social-behaviour,85
Kingston upon Thames,2025-06,bicycle-theft,5
Kingston upon Thames,2025-06,burglary,34
Kingston upon Thames,2025-06,criminal-damage-arson,42
Kingston upon Thames,2025-06,drugs,15
Kingston upon Thames,2025-06,miscellaneous-incidents,6
Kingston upon Thames,2025-06,other-theft,27
Kingston upon Thames,2025-06,possession-of-weapons,4
Kingston upon Thames,2025-06,public-order,14
Kingston upon Thames,2025-06,robbery,14
Kingston upon Thames,2025-06,shoplifting,30
Kingston upon Thames,2025-06,theft-from-the-person,73
Kingston upon Thames,2025-06,vehicle-crime,37
Kingston upon Thames,2025-06,violence-and-sexual-offences,160
Kingston upon Thames,2025-07,anti-social-behaviour,67
Kingston upon Thames,2025-07,bicycle-theft,7
Kingston upon Thames,2025-07,burglary,44
Kingston upon Thames,2025-07,criminal-damage-arson,46
Kingston upon Thames,2025-07,drugs,31
Kingston upon Thames,2025-07,miscellaneous-incidents,4
Kingston upon Thames,2025-07,other-theft,35
Kingston upon Thames,2025-07,possession-of-weapons,3
Kingston upon Thames,2025-07,public-order,17
Kingston upon Thames,2025-07,robbery,15
Kingston upon Thames,2025-07,shoplifting,45
Kingston upon Thames,2025-07,theft-from-the-person,88
Kingston upon Thames,2025-07,vehicle-crime,50
Kingston upon Thames,2025-07,violence-and-sexual-offences,127
Kingston upon Thames,2025-08,anti-social-behaviour,80
Kingston upon Thames,2025-08,bicycle-theft,4
Kingston upon Thames,2025-08,burglary,40
Kingston upon Thames,2025-08,criminal-damage-arson,53
Kingston upon Thames,2025-08,drugs,23
Kingston upon Thames,2025-08,miscellaneous-incidents,2
Kingston upon Thames,2025-08,other-theft,31
Kingston upon Thames,2025-08,possession-of-weapons,2
Kingston upon Thames,2025-08,public-order,20
Kingston upon Thames,2025-08,robbery,10
Kingston upon Thames,2025-08,shoplifting,37
Kingston upon Thames,2025-08,theft-from-the-person,42
Kingston upon Thames,2025-08,vehicle-crime,37
Kingston upon Thames,2025-08,violence-and-sexual-offences,108
Kingston upon Thames,2025-09,anti-social-behaviour,64
Kingston upon Thames,2025-09,bicycle-theft,3
Kingston upon Thames,2025-09,burglary,39
Kingston upon Thames,2025-09,criminal-damage-arson,36
Kingston upon Thames,2025-09,drugs,17
Kingston upon Thames,2025-09,miscellaneous-incidents,1
Kingston upon Thames,2025-09,other-theft,33
Kingston upon Thames,2025-09,possession-of-weapons,4
Kingston upon Thames,2025-09,public-order,16
Kingston upon Thames,2025-09,robbery,12
Kingston upon Thames,2025-09,shoplifting,32
Kingston upon Thames,2025-09,theft-from-the-person,58
Kingston upon Thames,2025-09,vehicle-crime,46
Kingston upon Thames,2025-09,violence-and-sexual-offences,106
Kingston upon Thames,2025-10,anti-social-behaviour,45
Kingston upon Thames,2025-10,bicycle-theft,4
Kingston upon Thames,2025-10,burglary,51
Kingston upon Thames,2025-10,criminal-damage-arson,36
Kingston upon Thames,2025-10,drugs,23
Kingston upon Thames,2025-10,miscellaneous-incidents,3
Kingston upon Thames,2025-10,other-theft,35
Kingston upon Thames,2025-10,possession-of-weapons,8
Kingston upon Thames,2025-10,public-order,16
Kingston upon Thames,2025-10,robbery,12
Kingston upon Thames,2025-10,shoplifting,41
Kingston upon Thames,2025-10,theft-from-the-person,55
Kingston upon Thames,2025-10,vehicle-crime,66
Kingston upon Thames,2025-10,violence-and-sexual-offences,92
Kingston upon Thames,2025-11,anti-social-behaviour,66
Kingston upon Thames,2025-11,bicycle-theft,5
Kingston upon Thames,2025-11,burglary,41
Kingston upon Thames,2025-11,criminal-damage-arson,31
Kingston upon Thames,2025-11,drugs,18
Kingston upon Thames,2025-11,miscellaneous-incidents,1
Kingston upon Thames,2025-11,other-theft,24
Kingston upon Thames,2025-11,possession-of-weapons,5
Kingston upon Thames,2025-11,public-order,10
Kingston upon Thames,2025-11,robbery,10
Kingston upon Thames,2025-11,shoplifting,38
Kingston upon Thames,2025-11,theft-from-the-person,49
Kingston upon Thames,2025-11,vehicle-crime,51
Kingston upon Thames,2025-11,violence-and-sexual-offences,78
Kingston upon Thames,2025-12,anti-social-behaviour,51
Kingston upon Thames,2025-12,bicycle-theft,4
Kingston upon Thames,2025-12,burglary,35
Kingston upon Thames,2025-12,criminal-damage-arson,52
Kingston upon Thames,2025-12,drugs,26
Kingston upon Thames,2025-12,miscellaneous-incidents,2
Kingston upon Thames,2025-12,other-theft,23
Kingston upon Thames,2025-12,possession-of-weapons,2
Kingston upon Thames,2025-12,public-order,16
Kingston upon Thames,2025-12,robbery,16
Kingston upon Thames,2025-12,shoplifting,36
Kingston upon Thames,2025-12,theft-from-the-person,43
Kingston upon Thames,2025-12,vehicle-crime,59
Kingston upon Thames,2025-12,violence-and-sexual-offences,82
Lambeth,2024-01,anti-social-behaviour,138
Lambeth,2024-01,bicycle-theft,13
Lambeth,2024-01,burglary,124
Lambeth,2024-01,criminal-damage-arson,131
Lambeth,2024-01,drugs,70
Lambeth,2024-01,miscellaneous-incidents,12
Lambeth,2024-01,other-theft,69
Lambeth,2024-01,possession-of-weapons,6
Lambeth,2024-01,public-order,35
Lambeth,2024-01,robbery,31
Lambeth,2024-01,shoplifting,93
Lambeth,2024-01,theft-from-the-person,133
Lambeth,2024-01,vehicle-crime,169
Lambeth,2024-01,violence-and-sexual-offences,216
Lambeth,2024-02,anti-social-behaviour,164
Lambeth,2024-02,bicycle-theft,8
Lambeth,2024-02,burglary,129
Lambeth,2024-02,criminal-damage-arson,99
Lambeth,2024-02,drugs,69
Lambeth,2024-02,miscellaneous-incidents,5
Lambeth,2024-02,other-theft,71
Lambeth,2024-02,possession-of-weapons,17
Lambeth,2024-02,public-order,42
Lambeth,2024-02,robbery,35
Lambeth,2024-02,shoplifting,85
Lambeth,2024-02,theft-from-the-person,141
Lambeth,2024-02,vehicle-crime,127
Lambeth,2024-02,violence-and-sexual-offences,258
Lambeth,2024-03,anti-social-behaviour,176
Lambeth,2024-03,bicycle-theft,24
Lambeth,2024-03,burglary,102
Lambeth,2024-03,criminal-damage-arson,107
Lambeth,2024-03,drugs,62
Lambeth,2024-03,miscellaneous-incidents,5
Lambeth,2024-03,other-theft,74
Lambeth,2024-03,possession-of-weapons,15
Lambeth,2024-03,public-order,36
Lambeth,2024-03,robbery,22
Lambeth,2024-03,shoplifting,112
Lambeth,2024-03,theft-from-the-person,167
Lambeth,2024-03,vehicle-crime,153
Lambeth,2024-03,violence-and-sexual-offences,318
Lambeth,2024-04,anti-social-behaviour,205
Lambeth,2024-04,bicycle-theft,10
Lambeth,2024-04,burglary,98
Lambeth,2024-04,criminal-damage-arson,93
Lambeth,2024-04,drugs,76
Lambeth,2024-04,miscellaneous-incidents,6
Lambeth,2024-04,other-theft,80
Lambeth,2024-04,possession-of-weapons,10
Lambeth,2024-04,public-order,40
Lambeth,2024-04,robbery,34
Lambeth,2024-04,shoplifting,93
Lambeth,2024-04,theft-from-the-person,175
Lambeth,2024-04,vehicle-crime,117
Lambeth,2024-04,violence-and-sexual-offences,355
Lambeth,2024-05,anti-social-behaviour,231
Lambeth,2024-05,bicycle-theft,17
Lambeth,2024-05,burglary,112
Lambeth,2024-05,criminal-damage-arson,115
Lambeth,2024-05,drugs,57
Lambeth,2024-05,miscellaneous-incidents,10
Lambeth,2024-05,other-theft,89
Lambeth,2024-05,possession-of-weapons,20
Lambeth,2024-05,public-order,45
Lambeth,2024-05,robbery,24
Lambeth,2024-05,shoplifting,87
Lambeth,2024-05,theft-from-the-person,236
Lambeth,2024-05,vehicle-crime,109
Lambeth,2024-05,violence-and-sexual-offences,355
Lambeth,2024-06,anti-social-behaviour,241
Lambeth,2024-06,bicycle-theft,19
Lambeth,2024-06,burglary,103
Lambeth,2024-06,criminal-damage-arson,98
Lambeth,2024-06,drugs,72
Lambeth,2024-06,miscellaneous-incidents,14
Lambeth,2024-06,other-theft,78
Lambeth,2024-06,possession-of-weapons,16
Lambeth,2024-06,public-order,29
Lambeth,2024-06,robbery,30
Lambeth,2024-06,shoplifting,84
Lambeth,2024-06,theft-from-the-person,204
Lambeth,2024-06,vehicle-crime,108
Lambeth,2024-06,violence-and-sexual-offences,358
Lambeth,2024-07,anti-social-behaviour,226
Lambeth,2024-07,bicycle-theft,14
Lambeth,2024-07,burglary,90
Lambeth,2024-07,criminal-damage-arson,110
Lambeth,2024-07,drugs,61
Lambeth,2024-07,miscellaneous-incidents,11
Lambeth,2024-07,other-theft,92
Lambeth,2024-07,possession-of-weapons,14
Lambeth,2024-07,public-order,25
Lambeth,2024-07,robbery,26
Lambeth,2024-07,shoplifting,97
Lambeth,2024-07,theft-from-the-person,189
Lambeth,2024-07,vehicle-crime,107
Lambeth,2024-07,violence-and-sexual-offences,358
Lambeth,2024-08,anti-social-behaviour,216
Lambeth,2024-08,bicycle-theft,16
Lambeth,2024-08,burglary,95
Lambeth,2024-08,criminal-damage-arson,105
Lambeth,2024-08,drugs,64
Lambeth,2024-08,miscellaneous-incidents,9
Lambeth,2024-08,other-theft,81
Lambeth,2024-08,possession-of-weapons,13
Lambeth,2024-08,public-order,38
Lambeth,2024-08,robbery,23
Lambeth,2024-08,shoplifting,102
Lambeth,2024-08,theft-from-the-person,198
Lambeth,2024-08,vehicle-crime,111
Lambeth,2024-08,violence-and-sexual-offences,330
Lambeth,2024-09,anti-social-behaviour,168
Lambeth,2024-09,bicycle-theft,8
Lambeth,2024-09,burglary,104
Lambeth,2024-09,criminal-damage-arson,88
Lambeth,2024-09,drugs,80
Lambeth,2024-09,miscellaneous-incidents,8
Lambeth,2024-09,other-theft,85
Lambeth,2024-09,possession-of-weapons,22
Lambeth,2024-09,public-order,35
Lambeth,2024-09,robbery,24
Lambeth,2024-09,shoplifting,96
Lambeth,2024-09,theft-from-the-person,167
Lambeth,2024-09,vehicle-crime,151
Lambeth,2024-09,violence-and-sexual-offences,282
Lambeth,2024-10,anti-social-behaviour,158
Lambeth,2024-10,bicycle-theft,14
Lambeth,2024-10,burglary,117
Lambeth,2024-10,criminal-damage-arson,108
Lambeth,2024-10,drugs,70
Lambeth,2024-10,miscellaneous-incidents,6
Lambeth,2024-10,other-theft,86
Lambeth,2024-10,possession-of-weapons,21
Lambeth,2024-10,public-order,59
Lambeth,2024-10,robbery,27
Lambeth,2024-10,shoplifting,90
Lambeth,2024-10,theft-from-the-person,146
Lambeth,2024-10,vehicle-crime,135
Lambeth,2024-10,violence-and-sexual-offences,278
Lambeth,2024-11,anti-social-behaviour,149
Lambeth,2024-11,bicycle-theft,14
Lambeth,2024-11,burglary,138
Lambeth,2024-11,criminal-damage-arson,121
Lambeth,2024-11,drugs,66
Lambeth,2024-11,miscellaneous-incidents,8
Lambeth,2024-11,other-theft,77
Lambeth,2024-11,possession-of-weapons,12
Lambeth,2024-11,public-order,35
Lambeth,2024-11,robbery,27
Lambeth,2024-11,shoplifting,83
Lambeth,2024-11,theft-from-the-person,108
Lambeth,2024-11,vehicle-crime,143
Lambeth,2024-11,violence-and-sexual-offences,229
Lambeth,2024-12,anti-social-behaviour,147
Lambeth,2024-12,bicycle-theft,8
Lambeth,2024-12,burglary,127
Lambeth,2024-12,criminal-damage-arson,113
Lambeth,2024-12,drugs,52
Lambeth,2024-12,miscellaneous-incidents,9
Lambeth,2024-12,other-theft,69
Lambeth,2024-12,possession-of-weapons,14
Lambeth,2024-12,public-order,44
Lambeth,2024-12,robbery,31
Lambeth,2024-12,shoplifting,104
Lambeth,2024-12,theft-from-the-person,129
Lambeth,2024-12,vehicle-crime,188
Lambeth,2024-12,violence-and-sexual-offences,259
Lambeth,2025-01,anti-social-behaviour,133
Lambeth,2025-01,bicycle-theft,20
Lambeth,2025-01,burglary,151
Lambeth,2025-01,criminal-damage-arson,123
Lambeth,2025-01,drugs,61
Lambeth,2025-01,miscellaneous-incidents,7
Lambeth,2025-01,other-theft,67
Lambeth,2025-01,possession-of-weapons,8
Lambeth,2025-01,public-order,52
Lambeth,2025-01,robbery,30
Lambeth,2025-01,shoplifting,91
Lambeth,2025-01,theft-from-the-person,110
Lambeth,2025-01,vehicle-crime,141
Lambeth,2025-01,violence-and-sexual-offences,222
Lambeth,2025-02,anti-social-behaviour,154
Lambeth,2025-02,bicycle-theft,10
Lambeth,2025-02,burglary,132
Lambeth,2025-02,criminal-damage-arson,107
Lambeth,2025-02,drugs,81
Lambeth,2025-02,miscellaneous-incidents,9
Lambeth,2025-02,other-theft,83
Lambeth,2025-02,possession-of-weapons,8
Lambeth,2025-02,public-order,35
Lambeth,2025-02,robbery,30
Lambeth,2025-02,shoplifting,83
Lambeth,2025-02,theft-from-the-person,133
Lambeth,2025-02,vehicle-crime,150
Lambeth,2025-02,violence-and-sexual-offences,272
Lambeth,2025-03,anti-social-behaviour,186
Lambeth,2025-03,bicycle-theft,14
Lambeth,2025-03,burglary,120
Lambeth,2025-03,criminal-damage-arson,106
Lambeth,2025-03,drugs,49
Lambeth,2025-03,miscellaneous-incidents,9
Lambeth,2025-03,other-theft,74
Lambeth,2025-03,possession-of-weapons,14
Lambeth,2025-03,public-order,47
Lambeth,2025-03,robbery,20
Lambeth,2025-03,shoplifting,103
Lambeth,2025-03,theft-from-the-person,167
Lambeth,2025-03,vehicle-crime,151
Lambeth,2025-03,violence-and-sexual-offences,293
Lambeth,2025-04,anti-social-behaviour,206
Lambeth,2025-04,bicycle-theft,14
Lambeth,2025-04,burglary,98
Lambeth,2025-04,criminal-damage-arson,105
Lambeth,2025-04,drugs,59
Lambeth,2025-04,miscellaneous-incidents,4
Lambeth,2025-04,other-theft,84
Lambeth,2025-04,possession-of-weapons,9
Lambeth,2025-04,public-order,39
Lambeth,2025-04,robbery,23
Lambeth,2025-04,shoplifting,90
Lambeth,2025-04,theft-from-the-person,191
Lambeth,2025-04,vehicle-crime,115
Lambeth,2025-04,violence-and-sexual-offences,331
Lambeth,2025-05,anti-social-behaviour,254
Lambeth,2025-05,bicycle-theft,15
Lambeth,2025-05,burglary,86
Lambeth,2025-05,criminal-damage-arson,105
Lambeth,2025-05,drugs,71
Lambeth,2025-05,miscellaneous-incidents,4
Lambeth,2025-05,other-theft,82
Lambeth,2025-05,possession-of-weapons,11
Lambeth,2025-05,public-order,37
Lambeth,2025-05,robbery,36
Lambeth,2025-05,shoplifting,96
Lambeth,2025-05,theft-from-the-person,186
Lambeth,2025-05,vehicle-crime,129
Lambeth,2025-05,violence-and-sexual-offences,342
Lambeth,2025-06,anti-social-behaviour,216
Lambeth,2025-06,bicycle-theft,17
Lambeth,2025-06,burglary,101
Lambeth,2025-06,criminal-damage-arson,102
Lambeth,2025-06,drugs,61
Lambeth,2025-06,miscellaneous-incidents,6
Lambeth,2025-06,other-theft,83
Lambeth,2025-06,possession-of-weapons,13
Lambeth,2025-06,public-order,49
Lambeth,2025-06,robbery,27
Lambeth,2025-06,shoplifting,113
Lambeth,2025-06,theft-from-the-person,213
Lambeth,2025-06,vehicle-crime,87
Lambeth,2025-06,violence-and-sexual-offences,396
Lambeth,2025-07,anti-social-behaviour,209
Lambeth,2025-07,bicycle-theft,21
Lambeth,2025-07,burglary,82
Lambeth,2025-07,criminal-damage-arson,119
Lambeth,2025-07,drugs,90
Lambeth,2025-07,miscellaneous-incidents,9
Lambeth,2025-07,other-theft,91
Lambeth,2025-07,possession-of-weapons,19
Lambeth,2025-07,public-order,42
Lambeth,2025-07,robbery,26
Lambeth,2025-07,shoplifting,101
Lambeth,2025-07,theft-from-the-person,190
Lambeth,2025-07,vehicle-crime,100
Lambeth,2025-07,violence-and-sexual-offences,373
Lambeth,2025-08,anti-social-behaviour,222
Lambeth,2025-08,bicycle-theft,14
Lambeth,2025-08,burglary,101
Lambeth,2025-08,criminal-damage-arson,131
Lambeth,2025-08,drugs,83
Lambeth,2025-08,miscellaneous-incidents,6
Lambeth,2025-08,other-theft,77
Lambeth,2025-08,possession-of-weapons,17
Lambeth,2025-08,public-order,47
Lambeth,2025-08,robbery,24
Lambeth,2025-08,shoplifting,96
Lambeth,2025-08,theft-from-the-person,188
Lambeth,2025-08,vehicle-crime,127
Lambeth,2025-08,violence-and-sexual-offences,358
Lambeth,2025-09,anti-social-behaviour,194
Lambeth,2025-09,bicycle-theft,19
Lambeth,2025-09,burglary,110
Lambeth,2025-09,criminal-damage-arson,101
Lambeth,2025-09,drugs,83
Lambeth,2025-09,miscellaneous-incidents,10
Lambeth,2025-09,other-theft,76
Lambeth,2025-09,possession-of-weapons,23
Lambeth,2025-09,public-order,32
Lambeth,2025-09,robbery,24
Lambeth,2025-09,shoplifting,92
Lambeth,2025-09,theft-from-the-person,173
Lambeth,2025-09,vehicle-crime,150
Lambeth,2025-09,violence-and-sexual-offences,284
Lambeth,2025-10,anti-social-behaviour,152
Lambeth,2025-10,bicycle-theft,13
Lambeth,2025-10,burglary,107
Lambeth,2025-10,criminal-damage-arson,107
Lambeth,2025-10,drugs,65
Lambeth,2025-10,miscellaneous-incidents,5
Lambeth,2025-10,other-theft,77
Lambeth,2025-10,possession-of-weapons,16
Lambeth,2025-10,public-order,47
Lambeth,2025-10,robbery,25
Lambeth,2025-10,shoplifting,90
Lambeth,2025-10,theft-from-the-person,128
Lambeth,2025-10,vehicle-crime,156
Lambeth,2025-10,violence-and-sexual-offences,272
Lambeth,2025-11,anti-social-behaviour,161
Lambeth,2025-11,bicycle-theft,12
Lambeth,2025-11,burglary,145
Lambeth,2025-11,criminal-damage-arson,110
Lambeth,2025-11,drugs,70
Lambeth,2025-11,miscellaneous-incidents,7
Lambeth,2025-11,other-theft,80
Lambeth,2025-11,possession-of-weapons,15
Lambeth,2025-11,public-order,44
Lambeth,2025-11,robbery,28
Lambeth,2025-11,shoplifting,109
Lambeth,2025-11,theft-from-the-person,135
Lambeth,2025-11,vehicle-crime,170
Lambeth,2025-11,violence-and-sexual-offences,238
Lambeth,2025-12,anti-social-behaviour,149
Lambeth,2025-12,bicycle-theft,13
Lambeth,2025-12,burglary,132
Lambeth,2025-12,criminal-damage-arson,116
Lambeth,2025-12,drugs,68
Lambeth,2025-12,miscellaneous-incidents,10
Lambeth,2025-12,other-theft,84
Lambeth,2025-12,possession-of-weapons,13
Lambeth,2025-12,public-order,27
Lambeth,2025-12,robbery,33
Lambeth,2025-12,shoplifting,72
Lambeth,2025-12,theft-from-the-person,119
Lambeth,2025-12,vehicle-crime,157
Lambeth,2025-12,violence-and-sexual-offences,233
Lewisham,2024-01,anti-social-behaviour,106
Lewisham,2024-01,bicycle-theft,7
Lewisham,2024-01,burglary,113
Lewisham,2024-01,criminal-damage-arson,74
Lewisham,2024-01,drugs,58
Lewisham,2024-01,miscellaneous-incidents,8
Lewisham,2024-01,other-theft,66
Lewisham,2024-01,possession-of-weapons,9
Lewisham,2024-01,public-order,36
Lewisham,2024-01,robbery,22
Lewisham,2024-01,shoplifting,62
Lewisham,2024-01,theft-from-the-person,94
Lewisham,2024-01,vehicle-crime,94
Lewisham,2024-01,violence-and-sexual-offences,172
Lewisham,2024-02,anti-social-behaviour,104
Lewisham,2024-02,bicycle-theft,8
Lewisham,2024-02,burglary,95
Lewisham,2024-02,criminal-damage-arson,77
Lewisham,2024-02,drugs,44
Lewisham,2024-02,miscellaneous-incidents,6
Lewisham,2024-02,other-theft,60
Lewisham,2024-02,possession-of-weapons,7
Lewisham,2024-02,public-order,33
Lewisham,2024-02,robbery,20
Lewisham,2024-02,shoplifting,90
Lewisham,2024-02,theft-from-the-person,120
Lewisham,2024-02,vehicle-crime,115
Lewisham,2024-02,violence-and-sexual-offences,179
Lewisham,2024-03,anti-social-behaviour,154
Lewisham,2024-03,bicycle-theft,7
Lewisham,2024-03,burglary,90
Lewisham,2024-03,criminal-damage-arson,100
Lewisham,2024-03,drugs,51
Lewisham,2024-03,miscellaneous-incidents,1
Lewisham,2024-03,other-theft,62
Lewisham,2024-03,possession-of-weapons,7
Lewisham,2024-03,public-order,21
Lewisham,2024-03,robbery,16
Lewisham,2024-03,shoplifting,74
Lewisham,2024-03,theft-from-the-person,110
Lewisham,2024-03,vehicle-crime,103
Lewisham,2024-03,violence-and-sexual-offences,227
Lewisham,2024-04,anti-social-behaviour,157
Lewisham,2024-04,bicycle-theft,6
Lewisham,2024-04,burglary,64
Lewisham,2024-04,criminal-damage-arson,68
Lewisham,2024-04,drugs,50
Lewisham,2024-04,miscellaneous-incidents,4
Lewisham,2024-04,other-theft,65
Lewisham,2024-04,possession-of-weapons,4
Lewisham,2024-04,public-order,38
Lewisham,2024-04,robbery,20
Lewisham,2024-04,shoplifting,78
Lewisham,2024-04,theft-from-the-person,136
Lewisham,2024-04,vehicle-crime,100
Lewisham,2024-04,violence-and-sexual-offences,223
Lewisham,2024-05,anti-social-behaviour,156
Lewisham,2024-05,bicycle-theft,10
Lewisham,2024-05,burglary,76
Lewisham,2024-05,criminal-damage-arson,72
Lewisham,2024-05,drugs,53
Lewisham,2024-05,miscellaneous-incidents,4
Lewisham,2024-05,other-theft,67
Lewisham,2024-05,possession-of-weapons,10
Lewisham,2024-05,public-order,29
Lewisham,2024-05,robbery,19
Lewisham,2024-05,shoplifting,76
Lewisham,2024-05,theft-from-the-person,158
Lewisham,2024-05,vehicle-crime,84
Lewisham,2024-05,violence-and-sexual-offences,273
Lewisham,2024-06,anti-social-behaviour,172
Lewisham,2024-06,bicycle-theft,14
Lewisham,2024-06,burglary,72
Lewisham,2024-06,criminal-damage-arson,95
Lewisham,2024-06,drugs,41
Lewisham,2024-06,miscellaneous-incidents,4
Lewisham,2024-06,other-theft,54
Lewisham,2024-06,possession-of-weapons,9
Lewisham,2024-06,public-order,28
Lewisham,2024-06,robbery,25
Lewisham,2024-06,shoplifting,56
Lewisham,2024-06,theft-from-the-person,150
Lewisham,2024-06,vehicle-crime,75
Lewisham,2024-06,violence-and-sexual-offences,288
Lewisham,2024-07,anti-social-behaviour,167
Lewisham,2024-07,bicycle-theft,16
Lewisham,2024-07,burglary,66
Lewisham,2024-07,criminal-damage-arson,88
Lewisham,2024-07,drugs,59
Lewisham,2024-07,miscellaneous-incidents,8
Lewisham,2024-07,other-theft,52
Lewisham,2024-07,possession-of-weapons,13
Lewisham,2024-07,public-order,33
Lewisham,2024-07,robbery,16
Lewisham,2024-07,shoplifting,60
Lewisham,2024-07,theft-from-the-person,146
Lewisham,2024-07,vehicle-crime,89
Lewisham,2024-07,violence-and-sexual-offences,265
Lewisham,2024-08,anti-social-behaviour,162
Lewisham,2024-08,bicycle-theft,11
Lewisham,2024-08,burglary,63
Lewisham,2024-08,criminal-damage-arson,103
Lewisham,2024-08,drugs,54
Lewisham,2024-08,miscellaneous-incidents,4
Lewisham,2024-08,other-theft,75
Lewisham,2024-08,possession-of-weapons,9
Lewisham,2024-08,public-order,41
Lewisham,2024-08,robbery,17
Lewisham,2024-08,shoplifting,57
Lewisham,2024-08,theft-from-the-person,144
Lewisham,2024-08,vehicle-crime,91
Lewisham,2024-08,violence-and-sexual-offences,263
Lewisham,2024-09,anti-social-behaviour,140
Lewisham,2024-09,bicycle-theft,6
Lewisham,2024-09,burglary,83
Lewisham,2024-09,criminal-damage-arson,85
Lewisham,2024-09,drugs,39
Lewisham,2024-09,miscellaneous-incidents,10
Lewisham,2024-09,other-theft,38
Lewisham,2024-09,possession-of-weapons,12
Lewisham,2024-09,public-order,30
Lewisham,2024-09,robbery,17
Lewisham,2024-09,shoplifting,67
Lewisham,2024-09,theft-from-the-person,111
Lewisham,2024-09,vehicle-crime,131
Lewisham,2024-09,violence-and-sexual-offences,198
Lewisham,2024-10,anti-social-behaviour,145
Lewisham,2024-10,bicycle-theft,6
Lewisham,2024-10,burglary,97
Lewisham,2024-10,criminal-damage-arson,73
Lewisham,2024-10,drugs,62
Lewisham,2024-10,miscellaneous-incidents,2
Lewisham,2024-10,other-theft,61
Lewisham,2024-10,possession-of-weapons,15
Lewisham,2024-10,public-order,30
Lewisham,2024-10,robbery,23
Lewisham,2024-10,shoplifting,66
Lewisham,2024-10,theft-from-the-person,109
Lewisham,2024-10,vehicle-crime,93
Lewisham,2024-10,violence-and-sexual-offences,201
Lewisham,2024-11,anti-social-behaviour,118
Lewisham,2024-11,bicycle-theft,10
Lewisham,2024-11,burglary,93
Lewisham,2024-11,criminal-damage-arson,76
Lewisham,2024-11,drugs,45
Lewisham,2024-11,miscellaneous-incidents,10
Lewisham,2024-11,other-theft,47
Lewisham,2024-11,possession-of-weapons,13
Lewisham,2024-11,public-order,27
Lewisham,2024-11,robbery,16
Lewisham,2024-11,shoplifting,66
Lewisham,2024-11,theft-from-the-person,98
Lewisham,2024-11,vehicle-crime,123
Lewisham,2024-11,violence-and-sexual-offences,163
Lewisham,2024-12,anti-social-behaviour,109
Lewisham,2024-12,bicycle-theft,4
Lewisham,2024-12,burglary,102
Lewisham,2024-12,criminal-damage-arson,66
Lewisham,2024-12,drugs,65
Lewisham,2024-12,miscellaneous-incidents,5
Lewisham,2024-12,other-theft,64
Lewisham,2024-12,possession-of-weapons,13
Lewisham,2024-12,public-order,30
Lewisham,2024-12,robbery,20
Lewisham,2024-12,shoplifting,66
Lewisham,2024-12,theft-from-the-person,89
Lewisham,2024-12,vehicle-crime,125
Lewisham,2024-12,violence-and-sexual-offences,156
Lewisham,2025-01,anti-social-behaviour,130
Lewisham,2025-01,bicycle-theft,9
Lewisham,2025-01,burglary,117
Lewisham,2025-01,criminal-damage-arson,83
Lewisham,2025-01,drugs,41
Lewisham,2025-01,miscellaneous-incidents,5
Lewisham,2025-01,other-theft,65
Lewisham,2025-01,possession-of-weapons,4
Lewisham,2025-01,public-order,35
Lewisham,2025-01,robbery,20
Lewisham,2025-01,shoplifting,84
Lewisham,2025-01,theft-from-the-person,99
Lewisham,2025-01,vehicle-crime,126
Lewisham,2025-01,violence-and-sexual-offences,166
Lewisham,2025-02,anti-social-behaviour,123
Lewisham,2025-02,bicycle-theft,9
Lewisham,2025-02,burglary,96
Lewisham,2025-02,criminal-damage-arson,85
Lewisham,2025-02,drugs,43
Lewisham,2025-02,miscellaneous-incidents,8
Lewisham,2025-02,other-theft,59
Lewisham,2025-02,possession-of-weapons,12
Lewisham,2025-02,public-order,33
Lewisham,2025-02,robbery,15
Lewisham,2025-02,shoplifting,77
Lewisham,2025-02,theft-from-the-person,91
Lewisham,2025-02,vehicle-crime,117
Lewisham,2025-02,violence-and-sexual-offences,215
Lewisham,2025-03,anti-social-behaviour,140
Lewisham,2025-03,bicycle-theft,12
Lewisham,2025-03,burglary,69
Lewisham,2025-03,criminal-damage-arson,75
Lewisham,2025-03,drugs,53
Lewisham,2025-03,miscellaneous-incidents,3
Lewisham,2025-03,other-theft,67
Lewisham,2025-03,possession-of-weapons,5
Lewisham,2025-03,public-order,20
Lewisham,2025-03,robbery,18
Lewisham,2025-03,shoplifting,72
Lewisham,2025-03,theft-from-the-person,115
Lewisham,2025-03,vehicle-crime,87
Lewisham,2025-03,violence-and-sexual-offences,202
Lewisham,2025-04,anti-social-behaviour,122
Lewisham,2025-04,bicycle-theft,9
Lewisham,2025-04,burglary,68
Lewisham,2025-04,criminal-damage-arson,60
Lewisham,2025-04,drugs,42
Lewisham,2025-04,miscellaneous-incidents,7
Lewisham,2025-04,other-theft,67
Lewisham,2025-04,possession-of-weapons,12
Lewisham,2025-04,public-order,32
Lewisham,2025-04,robbery,21
Lewisham,2025-04,shoplifting,81
Lewisham,2025-04,theft-from-the-person,136
Lewisham,2025-04,vehicle-crime,75
Lewisham,2025-04,violence-and-sexual-offences,233
Lewisham,2025-05,anti-social-behaviour,152
Lewisham,2025-05,bicycle-theft,5
Lewisham,2025-05,burglary,64
Lewisham,2025-05,criminal-damage-arson,72
Lewisham,2025-05,drugs,57
Lewisham,2025-05,miscellaneous-incidents,6
Lewisham,2025-05,other-theft,55
Lewisham,2025-05,possession-of-weapons,7
Lewisham,2025-05,public-order,35
Lewisham,2025-05,robbery,25
Lewisham,2025-05,shoplifting,70
Lewisham,2025-05,theft-from-the-person,151
Lewisham,2025-05,vehicle-crime,79
Lewisham,2025-05,violence-and-sexual-offences,275
Lewisham,2025-06,anti-social-behaviour,213
Lewisham,2025-06,bicycle-theft,14
Lewisham,2025-06,burglary,78
Lewisham,2025-06,criminal-damage-arson,65
Lewisham,2025-06,drugs,56
Lewisham,2025-06,miscellaneous-incidents,7
Lewisham,2025-06,other-theft,59
Lewisham,2025-06,possession-of-weapons,15
Lewisham,2025-06,public-order,27
Lewisham,2025-06,robbery,27
Lewisham,2025-06,shoplifting,74
Lewisham,2025-06,theft-from-the-person,145
Lewisham,2025-06,vehicle-crime,79
Lewisham,2025-06,violence-and-sexual-offences,310
Lewisham,2025-07,anti-social-behaviour,184
Lewisham,2025-07,bicycle-theft,7
Lewisham,2025-07,burglary,61
Lewisham,2025-07,criminal-damage-arson,78
Lewisham,2025-07,drugs,58
Lewisham,2025-07,miscellaneous-incidents,4
Lewisham,2025-07,other-theft,66
Lewisham,2025-07,possession-of-weapons,12
Lewisham,2025-07,public-order,29
Lewisham,2025-07,robbery,19
Lewisham,2025-07,shoplifting,77
Lewisham,2025-07,theft-from-the-person,135
Lewisham,2025-07,vehicle-crime,74
Lewisham,2025-07,violence-and-sexual-offences,256
Lewisham,2025-08,anti-social-behaviour,150
Lewisham,2025-08,bicycle-theft,7
Lewisham,2025-08,burglary,80
Lewisham,2025-08,criminal-damage-arson,70
Lewisham,2025-08,drugs,43
Lewisham,2025-08,miscellaneous-incidents,3
Lewisham,2025-08,other-theft,60
Lewisham,2025-08,possession-of-weapons,7
Lewisham,2025-08,public-order,25
Lewisham,2025-08,robbery,23
Lewisham,2025-08,shoplifting,64
Lewisham,2025-08,theft-from-the-person,122
Lewisham,2025-08,vehicle-crime,82
Lewisham,2025-08,violence-and-sexual-offences,239
Lewisham,2025-09,anti-social-behaviour,163
Lewisham,2025-09,bicycle-theft,12
Lewisham,2025-09,burglary,82
Lewisham,2025-09,criminal-damage-arson,66
Lewisham,2025-09,drugs,55
Lewisham,2025-09,miscellaneous-incidents,6
Lewisham,2025-09,other-theft,60
Lewisham,2025-09,possession-of-weapons,10
Lewisham,2025-09,public-order,24
Lewisham,2025-09,robbery,25
Lewisham,2025-09,shoplifting,75
Lewisham,2025-09,theft-from-the-person,124
Lewisham,2025-09,vehicle-crime,106
Lewisham,2025-09,violence-and-sexual-offences,195
Lewisham,2025-10,anti-social-behaviour,112
Lewisham,2025-10,bicycle-theft,15
Lewisham,2025-10,burglary,78
Lewisham,2025-10,criminal-damage-arson,76
Lewisham,2025-10,drugs,43
Lewisham,2025-10,miscellaneous-incidents,7
Lewisham,2025-10,other-theft,51
Lewisham,2025-10,possession-of-weapons,15
Lewisham,2025-10,public-order,26
Lewisham,2025-10,robbery,17
Lewisham,2025-10,shoplifting,77
Lewisham,2025-10,theft-from-the-person,91
Lewisham,2025-10,vehicle-crime,101
Lewisham,2025-10,violence-and-sexual-offences,209
Lewisham,2025-11,anti-social-behaviour,97
Lewisham,2025-11,bicycle-theft,13
Lewisham,2025-11,burglary,96
Lewisham,2025-11,criminal-damage-arson,68
Lewisham,2025-11,drugs,50
Lewisham,2025-11,miscellaneous-incidents,5
Lewisham,2025-11,other-theft,57
Lewisham,2025-11,possession-of-weapons,8
Lewisham,2025-11,public-order,30
Lewisham,2025-11,robbery,23
Lewisham,2025-11,shoplifting,66
Lewisham,2025-11,theft-from-the-person,85
Lewisham,2025-11,vehicle-crime,107
Lewisham,2025-11,violence-and-sexual-offences,173
Lewisham,2025-12,anti-social-behaviour,110
Lewisham,2025-12,bicycle-theft,12
Lewisham,2025-12,burglary,108
Lewisham,2025-12,criminal-damage-arson,75
Lewisham,2025-12,drugs,51
Lewisham,2025-12,miscellaneous-incidents,2
Lewisham,2025-12,other-theft,51
Lewisham,2025-12,possession-of-weapons,13
Lewisham,2025-12,public-order,39
Lewisham,2025-12,robbery,18
Lewisham,2025-12,shoplifting,72
Lewisham,2025-12,theft-from-the-person,93
Lewisham,2025-12,vehicle-crime,123
Lewisham,2025-12,violence-and-sexual-offences,170
Merton,2024-01,anti-social-behaviour,88
Merton,2024-01,bicycle-theft,8
Merton,2024-01,burglary,62
Merton,2024-01,criminal-damage-arson,71
Merton,2024-01,drugs,35
Merton,2024-01,miscellaneous-incidents,3
Merton,2024-01,other-theft,39
Merton,2024-01,possession-of-weapons,6
Merton,2024-01,public-order,18
Merton,2024-01,robbery,10
Merton,2024-01,shoplifting,50
Merton,2024-01,theft-from-the-person,64
Merton,2024-01,vehicle-crime,67
Merton,2024-01,violence-and-sexual-offences,140
Merton,2024-02,anti-social-behaviour,87
Merton,2024-02,bicycle-theft,10
Merton,2024-02,burglary,78
Merton,2024-02,criminal-damage-arson,57
Merton,2024-02,drugs,35
Merton,2024-02,miscellaneous-incidents,4
Merton,2024-02,other-theft,29
Merton,2024-02,possession-of-weapons,11
Merton,2024-02,public-order,14
Merton,2024-02,robbery,6
Merton,2024-02,shoplifting,42
Merton,2024-02,theft-from-the-person,62
Merton,2024-02,vehicle-crime,74
Merton,2024-02,violence-and-sexual-offences,137
Merton,2024-03,anti-social-behaviour,115
Merton,2024-03,bicycle-theft,13
Merton,2024-03,burglary,61
Merton,2024-03,criminal-damage-arson,60
Merton,2024-03,drugs,28
Merton,2024-03,miscellaneous-incidents,1
Merton,2024-03,other-theft,36
Merton,2024-03,possession-of-weapons,7
Merton,2024-03,public-order,14
Merton,2024-03,robbery,15
Merton,2024-03,shoplifting,49
Merton,2024-03,theft-from-the-person,82
Merton,2024-03,vehicle-crime,56
Merton,2024-03,violence-and-sexual-offences,163
Merton,2024-04,anti-social-behaviour,90
Merton,2024-04,bicycle-theft,10
Merton,2024-04,burglary,49
Merton,2024-04,criminal-damage-arson,54
Merton,2024-04,drugs,28
Merton,2024-04,miscellaneous-incidents,7
Merton,2024-04,other-theft,49
Merton,2024-04,possession-of-weapons,6
Merton,2024-04,public-order,19
Merton,2024-04,robbery,17
Merton,2024-04,shoplifting,51
Merton,2024-04,theft-from-the-person,87
Merton,2024-04,vehicle-crime,59
Merton,2024-04,violence-and-sexual-offences,145
Merton,2024-05,anti-social-behaviour,120
Merton,2024-05,bicycle-theft,8
Merton,2024-05,burglary,44
Merton,2024-05,criminal-damage-arson,66
Merton,2024-05,drugs,32
Merton,2024-05,miscellaneous-incidents,1
Merton,2024-05,other-theft,53
Merton,2024-05,possession-of-weapons,7
Merton,2024-05,public-order,19
Merton,2024-05,robbery,7
Merton,2024-05,shoplifting,57
Merton,2024-05,theft-from-the-person,96
Merton,2024-05,vehicle-crime,62
Merton,2024-05,violence-and-sexual-offences,198
Merton,2024-06,anti-social-behaviour,113
Merton,2024-06,bicycle-theft,6
Merton,2024-06,burglary,33
Merton,2024-06,criminal-damage-arson,52
Merton,2024-06,drugs,37
Merton,2024-06,miscellaneous-incidents,3
Merton,2024-06,other-theft,33
Merton,2024-06,possession-of-weapons,5
Merton,2024-06,public-order,24
Merton,2024-06,robbery,11
Merton,2024-06,shoplifting,42
Merton,2024-06,theft-from-the-person,88
Merton,2024-06,vehicle-crime,50
Merton,2024-06,violence-and-sexual-offences,178
Merton,2024-07,anti-social-behaviour,112
Merton,2024-07,bicycle-theft,7
Merton,2024-07,burglary,42
Merton,2024-07,criminal-damage-arson,54
Merton,2024-07,drugs,36
Merton,2024-07,miscellaneous-incidents,1
Merton,2024-07,other-theft,45
Merton,2024-07,possession-of-weapons,2
Merton,2024-07,public-order,24
Merton,2024-07,robbery,15
Merton,2024-07,shoplifting,48
Merton,2024-07,theft-from-the-person,93
Merton,2024-07,vehicle-crime,53
Merton,2024-07,violence-and-sexual-offences,188
Merton,2024-08,anti-social-behaviour,117
Merton,2024-08,bicycle-theft,7
Merton,2024-08,burglary,43
Merton,2024-08,criminal-damage-arson,64
Merton,2024-08,drugs,38
Merton,2024-08,miscellaneous-incidents,4
Merton,2024-08,other-theft,52
Merton,2024-08,possession-of-weapons,3
Merton,2024-08,public-order,16
Merton,2024-08,robbery,7
Merton,2024-08,shoplifting,61
Merton,2024-08,theft-from-the-person,83
Merton,2024-08,vehicle-crime,62
Merton,2024-08,violence-and-sexual-offences,178
Merton,2024-09,anti-social-behaviour,82
Merton,2024-09,bicycle-theft,3
Merton,2024-09,burglary,71
Merton,2024-09,criminal-damage-arson,52
Merton,2024-09,drugs,34
Merton,2024-09,miscellaneous-incidents,4
Merton,2024-09,other-theft,34
Merton,2024-09,possession-of-weapons,7
Merton,2024-09,public-order,25
Merton,2024-09,robbery,14
Merton,2024-09,shoplifting,47
Merton,2024-09,theft-from-the-person,75
Merton,2024-09,vehicle-crime,68
Merton,2024-09,violence-and-sexual-offences,153
Merton,2024-10,anti-social-behaviour,89
Merton,2024-10,bicycle-theft,2
Merton,2024-10,burglary,47
Merton,2024-10,criminal-damage-arson,60
Merton,2024-10,drugs,36
Merton,2024-10,miscellaneous-incidents,3
Merton,2024-10,other-theft,45
Merton,2024-10,possession-of-weapons,4
Merton,2024-10,public-order,18
Merton,2024-10,robbery,19
Merton,2024-10,shoplifting,41
Merton,2024-10,theft-from-the-person,60
Merton,2024-10,vehicle-crime,69
Merton,2024-10,violence-and-sexual-offences,151
Merton,2024-11,anti-social-behaviour,68
Merton,2024-11,bicycle-theft,6
Merton,2024-11,burglary,67
Merton,2024-11,criminal-damage-arson,51
Merton,2024-11,drugs,31
Merton,2024-11,miscellaneous-incidents,2
Merton,2024-11,other-theft,38
Merton,2024-11,possession-of-weapons,8
Merton,2024-11,public-order,19
Merton,2024-11,robbery,15
Merton,2024-11,shoplifting,46
Merton,2024-11,theft-from-the-person,78
Merton,2024-11,vehicle-crime,81
Merton,2024-11,violence-and-sexual-offences,117
Merton,2024-12,anti-social-behaviour,68
Merton,2024-12,bicycle-theft,8
Merton,2024-12,burglary,62
Merton,2024-12,criminal-damage-arson,53
Merton,2024-12,drugs,38
Merton,2024-12,miscellaneous-incidents,1
Merton,2024-12,other-theft,34
Merton,2024-12,possession-of-weapons,10
Merton,2024-12,public-order,18
Merton,2024-12,robbery,13
Merton,2024-12,shoplifting,42
Merton,2024-12,theft-from-the-person,63
Merton,2024-12,vehicle-crime,102
Merton,2024-12,violence-and-sexual-offences,113
Merton,2025-01,anti-social-behaviour,70
Merton,2025-01,bicycle-theft,4
Merton,2025-01,burglary,68
Merton,2025-01,criminal-damage-arson,44
Merton,2025-01,drugs,29
Merton,2025-01,miscellaneous-incidents,3
Merton,2025-01,other-theft,32
Merton,2025-01,possession-of-weapons,5
Merton,2025-01,public-order,19
Merton,2025-01,robbery,15
Merton,2025-01,shoplifting,61
Merton,2025-01,theft-from-the-person,68
Merton,2025-01,vehicle-crime,75
Merton,2025-01,violence-and-sexual-offences,120
Merton,2025-02,anti-social-behaviour,99
Merton,2025-02,bicycle-theft,9
Merton,2025-02,burglary,68
Merton,2025-02,criminal-damage-arson,71
Merton,2025-02,drugs,33
Merton,2025-02,miscellaneous-incidents,4
Merton,2025-02,other-theft,40
Merton,2025-02,possession-of-weapons,10
Merton,2025-02,public-order,19
Merton,2025-02,robbery,14
Merton,2025-02,shoplifting,51
Merton,2025-02,theft-from-the-person,77
Merton,2025-02,vehicle-crime,65
Merton,2025-02,violence-and-sexual-offences,140
Merton,2025-03,anti-social-behaviour,97
Merton,2025-03,bicycle-theft,10
Merton,2025-03,burglary,50
Merton,2025-03,criminal-damage-arson,67
Merton,2025-03,drugs,48
Merton,2025-03,miscellaneous-incidents,3
Merton,2025-03,other-theft,36
Merton,2025-03,possession-of-weapons,10
Merton,2025-03,public-order,19
Merton,2025-03,robbery,19
Merton,2025-03,shoplifting,45
Merton,2025-03,theft-from-the-person,82
Merton,2025-03,vehicle-crime,54
Merton,2025-03,violence-and-sexual-offences,166
Merton,2025-04,anti-social-behaviour,117
Merton,2025-04,bicycle-theft,9
Merton,2025-04,burglary,51
Merton,2025-04,criminal-damage-arson,74
Merton,2025-04,drugs,31
Merton,2025-04,miscellaneous-incidents,3
Merton,2025-04,other-theft,31
Merton,2025-04,possession-of-weapons,3
Merton,2025-04,public-order,20
Merton,2025-04,robbery,11
Merton,2025-04,shoplifting,47
Merton,2025-04,theft-from-the-person,82
Merton,2025-04,vehicle-crime,62
Merton,2025-04,violence-and-sexual-offences,174
Merton,2025-05,anti-social-behaviour,123
Merton,2025-05,bicycle-theft,5
Merton,2025-05,burglary,51
Merton,2025-05,criminal-damage-arson,49
Merton,2025-05,drugs,37
Merton,2025-05,miscellaneous-incidents,5
Merton,2025-05,other-theft,46
Merton,2025-05,possession-of-weapons,6
Merton,2025-05,public-order,13
Merton,2025-05,robbery,22
Merton,2025-05,shoplifting,44
Merton,2025-05,theft-from-the-person,119
Merton,2025-05,vehicle-crime,56
Merton,2025-05,violence-and-sexual-offences,178
Merton,2025-06,anti-social-behaviour,123
Merton,2025-06,bicycle-theft,6
Merton,2025-06,burglary,39
Merton,2025-06,criminal-damage-arson,50
Merton,2025-06,drugs,37
Merton,2025-06,miscellaneous-incidents,4
Merton,2025-06,other-theft,41
Merton,2025-06,possession-of-weapons,4
Merton,2025-06,public-order,14
Merton,2025-06,robbery,12
Merton,2025-06,shoplifting,53
Merton,2025-06,theft-from-the-person,101
Merton,2025-06,vehicle-crime,45
Merton,2025-06,violence-and-sexual-offences,188
Merton,2025-07,anti-social-behaviour,120
Merton,2025-07,bicycle-theft,7
Merton,2025-07,burglary,47
Merton,2025-07,criminal-damage-arson,65
Merton,2025-07,drugs,29
Merton,2025-07,miscellaneous-incidents,3
Merton,2025-07,other-theft,50
Merton,2025-07,possession-of-weapons,8
Merton,2025-07,public-order,15
Merton,2025-07,robbery,8
Merton,2025-07,shoplifting,48
Merton,2025-07,theft-from-the-person,108
Merton,2025-07,vehicle-crime,69
Merton,2025-07,violence-and-sexual-offences,182
Merton,2025-08,anti-social-behaviour,108
Merton,2025-08,bicycle-theft,10
Merton,2025-08,burglary,55
Merton,2025-08,criminal-damage-arson,58
Merton,2025-08,drugs,27
Merton,2025-08,miscellaneous-incidents,2
Merton,2025-08,other-theft,50
Merton,2025-08,possession-of-weapons,4
Merton,2025-08,public-order,20
Merton,2025-08,robbery,12
Merton,2025-08,shoplifting,53
Merton,2025-08,theft-from-the-person,101
Merton,2025-08,vehicle-crime,65
Merton,2025-08,violence-and-sexual-offences,165
Merton,2025-09,anti-social-behaviour,94
Merton,2025-09,bicycle-theft,9
Merton,2025-09,burglary,52
Merton,2025-09,criminal-damage-arson,55
Merton,2025-09,drugs,34
Merton,2025-09,miscellaneous-incidents,2
Merton,2025-09,other-theft,40
Merton,2025-09,possession-of-weapons,5
Merton,2025-09,public-order,19
Merton,2025-09,robbery,19
Merton,2025-09,shoplifting,35
Merton,2025-09,theft-from-the-person,81
Merton,2025-09,vehicle-crime,67
Merton,2025-09,violence-and-sexual-offences,155
Merton,2025-10,anti-social-behaviour,75
Merton,2025-10,bicycle-theft,4
Merton,2025-10,burglary,63
Merton,2025-10,criminal-damage-arson,63
Merton,2025-10,drugs,34
Merton,2025-10,miscellaneous-incidents,1
Merton,2025-10,other-theft,39
Merton,2025-10,possession-of-weapons,7
Merton,2025-10,public-order,20
Merton,2025-10,robbery,13
Merton,2025-10,shoplifting,47
Merton,2025-10,theft-from-the-person,78
Merton,2025-10,vehicle-crime,71
Merton,2025-10,violence-and-sexual-offences,129
Merton,2025-11,anti-social-behaviour,81
Merton,2025-11,bicycle-theft,9
Merton,2025-11,burglary,61
Merton,2025-11,criminal-damage-arson,60
Merton,2025-11,drugs,35
Merton,2025-11,miscellaneous-incidents,4
Merton,2025-11,other-theft,37
Merton,2025-11,possession-of-weapons,3
Merton,2025-11,public-order,14
Merton,2025-11,robbery,12
Merton,2025-11,shoplifting,39
Merton,2025-11,theft-from-the-person,67
Merton,2025-11,vehicle-crime,84
Merton,2025-11,violence-and-sexual-offences,121
Merton,2025-12,anti-social-behaviour,63
Merton,2025-12,bicycle-theft,6
Merton,2025-12,burglary,69
Merton,2025-12,criminal-damage-arson,46
Merton,2025-12,drugs,33
Merton,2025-12,miscellaneous-incidents,3
Merton,2025-12,other-theft,43
Merton,2025-12,possession-of-weapons,4
Merton,2025-12,public-order,15
Merton,2025-12,robbery,13
Merton,2025-12,shoplifting,48
Merton,2025-12,theft-from-the-person,62
Merton,2025-12,vehicle-crime,86
Merton,2025-12,violence-and-sexual-offences,106
Newham,2024-01,anti-social-behaviour,150
Newham,2024-01,bicycle-theft,11
Newham,2024-01,burglary,122
Newham,2024-01,criminal-damage-arson,78
Newham,2024-01,drugs,46
Newham,2024-01,miscellaneous-incidents,9
Newham,2024-01,other-theft,64
Newham,2024-01,possession-of-weapons,6
Newham,2024-01,public-order,32
Newham,2024-01,robbery,21
Newham,2024-01,shoplifting,85
Newham,2024-01,theft-from-the-person,117
Newham,2024-01,vehicle-crime,135
Newham,2024-01,violence-and-sexual-offences,203
Newham,2024-02,anti-social-behaviour,115
Newham,2024-02,bicycle-theft,13
Newham,2024-02,burglary,89
Newham,2024-02,criminal-damage-arson,98
Newham,2024-02,drugs,67
Newham,2024-02,miscellaneous-incidents,7
Newham,2024-02,other-theft,75
Newham,2024-02,possession-of-weapons,16
Newham,2024-02,public-order,34
Newham,2024-02,robbery,20
Newham,2024-02,shoplifting,67
Newham,2024-02,theft-from-the-person,122
Newham,2024-02,vehicle-crime,131
Newham,2024-02,violence-and-sexual-offences,228
Newham,2024-03,anti-social-behaviour,159
Newham,2024-03,bicycle-theft,10
Newham,2024-03,burglary,99
Newham,2024-03,criminal-damage-arson,86
Newham,2024-03,drugs,48
Newham,2024-03,miscellaneous-incidents,6
Newham,2024-03,other-theft,88
Newham,2024-03,possession-of-weapons,10
Newham,2024-03,public-order,41
Newham,2024-03,robbery,23
Newham,2024-03,shoplifting,81
Newham,2024-03,theft-from-the-person,154
Newham,2024-03,vehicle-crime,121
Newham,2024-03,violence-and-sexual-offences,252
Newham,2024-04,anti-social-behaviour,176
Newham,2024-04,bicycle-theft,12
Newham,2024-04,burglary,81
Newham,2024-04,criminal-damage-arson,79
Newham,2024-04,drugs,62
Newham,2024-04,miscellaneous-incidents,9
Newham,2024-04,other-theft,62
Newham,2024-04,possession-of-weapons,12
Newham,2024-04,public-order,41
Newham,2024-04,robbery,20
Newham,2024-04,shoplifting,87
Newham,2024-04,theft-from-the-person,164
Newham,2024-04,vehicle-crime,101
Newham,2024-04,violence-and-sexual-offences,296
Newham,2024-05,anti-social-behaviour,192
Newham,2024-05,bicycle-theft,12
Newham,2024-05,burglary,83
Newham,2024-05,criminal-damage-arson,95
Newham,2024-05,drugs,63
Newham,2024-05,miscellaneous-incidents,2
Newham,2024-05,other-theft,62
Newham,2024-05,possession-of-weapons,10
Newham,2024-05,public-order,41
Newham,2024-05,robbery,28
Newham,2024-05,shoplifting,77
Newham,2024-05,theft-from-the-person,171
Newham,2024-05,vehicle-crime,98
Newham,2024-05,violence-and-sexual-offences,324
Newham,2024-06,anti-social-behaviour,221
Newham,2024-06,bicycle-theft,16
Newham,2024-06,burglary,91
Newham,2024-06,criminal-damage-arson,99
Newham,2024-06,drugs,57
Newham,2024-06,miscellaneous-incidents,3
Newham,2024-06,other-theft,71
Newham,2024-06,possession-of-weapons,8
Newham,2024-06,public-order,43
Newham,2024-06,robbery,30
Newham,2024-06,shoplifting,78
Newham,2024-06,theft-from-the-person,162
Newham,2024-06,vehicle-crime,95
Newham,2024-06,violence-and-sexual-offences,318
Newham,2024-07,anti-social-behaviour,214
Newham,2024-07,bicycle-theft,9
Newham,2024-07,burglary,86
Newham,2024-07,criminal-damage-arson,111
Newham,2024-07,drugs,76
Newham,2024-07,miscellaneous-incidents,2
Newham,2024-07,other-theft,76
Newham,2024-07,possession-of-weapons,8
Newham,2024-07,public-order,35
Newham,2024-07,robbery,31
Newham,2024-07,shoplifting,86
Newham,2024-07,theft-from-the-person,189
Newham,2024-07,vehicle-crime,101
Newham,2024-07,violence-and-sexual-offences,330
Newham,2024-08,anti-social-behaviour,180
Newham,2024-08,bicycle-theft,16
Newham,2024-08,burglary,82
Newham,2024-08,criminal-damage-arson,94
Newham,2024-08,drugs,72
Newham,2024-08,miscellaneous-incidents,7
Newham,2024-08,other-theft,62
Newham,2024-08,possession-of-weapons,13
Newham,2024-08,public-order,26
Newham,2024-08,robbery,16
Newham,2024-08,shoplifting,90
Newham,2024-08,theft-from-the-person,172
Newham,2024-08,vehicle-crime,100
Newham,2024-08,violence-and-sexual-offences,285
Newham,2024-09,anti-social-behaviour,148
Newham,2024-09,bicycle-theft,7
Newham,2024-09,burglary,93
Newham,2024-09,criminal-damage-arson,96
Newham,2024-09,drugs,71
Newham,2024-09,miscellaneous-incidents,6
Newham,2024-09,other-theft,77
Newham,2024-09,possession-of-weapons,12
Newham,2024-09,public-order,36
Newham,2024-09,robbery,21
Newham,2024-09,shoplifting,73
Newham,2024-09,theft-from-the-person,149
Newham,2024-09,vehicle-crime,111
Newham,2024-09,violence-and-sexual-offences,249
Newham,2024-10,anti-social-behaviour,125
Newham,2024-10,bicycle-theft,11
Newham,2024-10,burglary,107
Newham,2024-10,criminal-damage-arson,86
Newham,2024-10,drugs,58
Newham,2024-10,miscellaneous-incidents,5
Newham,2024-10,other-theft,55
Newham,2024-10,possession-of-weapons,10
Newham,2024-10,public-order,35
Newham,2024-10,robbery,26
Newham,2024-10,shoplifting,108
Newham,2024-10,theft-from-the-person,119
Newham,2024-10,vehicle-crime,133
Newham,2024-10,violence-and-sexual-offences,228
Newham,2024-11,anti-social-behaviour,141
Newham,2024-11,bicycle-theft,14
Newham,2024-11,burglary,112
Newham,2024-11,criminal-damage-arson,95
Newham,2024-11,drugs,50
Newham,2024-11,miscellaneous-incidents,8
Newham,2024-11,other-theft,75
Newham,2024-11,possession-of-weapons,17
Newham,2024-11,public-order,38
Newham,2024-11,robbery,29
Newham,2024-11,shoplifting,89
Newham,2024-11,theft-from-the-person,115
Newham,2024-11,vehicle-crime,134
Newham,2024-11,violence-and-sexual-offences,233
Newham,2024-12,anti-social-behaviour,147
Newham,2024-12,bicycle-theft,18
Newham,2024-12,burglary,112
Newham,2024-12,criminal-damage-arson,99
Newham,2024-12,drugs,47
Newham,2024-12,miscellaneous-incidents,7
Newham,2024-12,other-theft,67
Newham,2024-12,possession-of-weapons,12
Newham,2024-12,public-order,35
Newham,2024-12,robbery,19
Newham,2024-12,shoplifting,79
Newham,2024-12,theft-from-the-person,106
Newham,2024-12,vehicle-crime,148
Newham,2024-12,violence-and-sexual-offences,200
Newham,2025-01,anti-social-behaviour,145
Newham,2025-01,bicycle-theft,11
Newham,2025-01,burglary,120
Newham,2025-01,criminal-damage-arson,99
Newham,2025-01,drugs,56
Newham,2025-01,miscellaneous-incidents,2
Newham,2025-01,other-theft,75
Newham,2025-01,possession-of-weapons,10
Newham,2025-01,public-order,33
Newham,2025-01,robbery,29
Newham,2025-01,shoplifting,86
Newham,2025-01,theft-from-the-person,115
Newham,2025-01,vehicle-crime,154
Newham,2025-01,violence-and-sexual-offences,223
Newham,2025-02,anti-social-behaviour,157
Newham,2025-02,bicycle-theft,12
Newham,2025-02,burglary,112
Newham,2025-02,criminal-damage-arson,106
Newham,2025-02,drugs,61
Newham,2025-02,miscellaneous-incidents,6
Newham,2025-02,other-theft,75
Newham,2025-02,possession-of-weapons,12
Newham,2025-02,public-order,32
Newham,2025-02,robbery,20
Newham,2025-02,shoplifting,95
Newham,2025-02,theft-from-the-person,122
Newham,2025-02,vehicle-crime,132
Newham,2025-02,violence-and-sexual-offences,233
Newham,2025-03,anti-social-behaviour,173
Newham,2025-03,bicycle-theft,15
Newham,2025-03,burglary,117
Newham,2025-03,criminal-damage-arson,95
Newham,2025-03,drugs,76
Newham,2025-03,miscellaneous-incidents,5
Newham,2025-03,other-theft,62
Newham,2025-03,possession-of-weapons,7
Newham,2025-03,public-order,40
Newham,2025-03,robbery,13
Newham,2025-03,shoplifting,86
Newham,2025-03,theft-from-the-person,142
Newham,2025-03,vehicle-crime,127
Newham,2025-03,violence-and-sexual-offences,263
Newham,2025-04,anti-social-behaviour,180
Newham,2025-04,bicycle-theft,12
Newham,2025-04,burglary,75
Newham,2025-04,criminal-damage-arson,97
Newham,2025-04,drugs,64
Newham,2025-04,miscellaneous-incidents,9
Newham,2025-04,other-theft,70
Newham,2025-04,possession-of-weapons,9
Newham,2025-04,public-order,22
Newham,2025-04,robbery,26
Newham,2025-04,shoplifting,105
Newham,2025-04,theft-from-the-person,154
Newham,2025-04,vehicle-crime,102
Newham,2025-04,violence-and-sexual-offences,293
Newham,2025-05,anti-social-behaviour,209
Newham,2025-05,bicycle-theft,11
Newham,2025-05,burglary,90
Newham,2025-05,criminal-damage-arson,106
Newham,2025-05,drugs,71
Newham,2025-05,miscellaneous-incidents,10
Newham,2025-05,other-theft,70
Newham,2025-05,possession-of-weapons,14
Newham,2025-05,public-order,34
Newham,2025-05,robbery,23
Newham,2025-05,shoplifting,84
Newham,2025-05,theft-from-the-person,164
Newham,2025-05,vehicle-crime,99
Newham,2025-05,violence-and-sexual-offences,349
Newham,2025-06,anti-social-behaviour,192
Newham,2025-06,bicycle-theft,14
Newham,2025-06,burglary,95
Newham,2025-06,criminal-damage-arson,105
Newham,2025-06,drugs,68
Newham,2025-06,miscellaneous-incidents,4
Newham,2025-06,other-theft,77
Newham,2025-06,possession-of-weapons,14
Newham,2025-06,public-order,27
Newham,2025-06,robbery,30
Newham,2025-06,shoplifting,74
Newham,2025-06,theft-from-the-person,168
Newham,2025-06,vehicle-crime,102
Newham,2025-06,violence-and-sexual-offences,316
Newham,2025-07,anti-social-behaviour,188
Newham,2025-07,bicycle-theft,15
Newham,2025-07,burglary,79
Newham,2025-07,criminal-damage-arson,99
Newham,2025-07,drugs,56
Newham,2025-07,miscellaneous-incidents,4
Newham,2025-07,other-theft,79
Newham,2025-07,possession-of-weapons,11
Newham,2025-07,public-order,36
Newham,2025-07,robbery,26
Newham,2025-07,shoplifting,91
Newham,2025-07,theft-from-the-person,176
Newham,2025-07,vehicle-crime,101
Newham,2025-07,violence-and-sexual-offences,330
Newham,2025-08,anti-social-behaviour,177
Newham,2025-08,bicycle-theft,12
Newham,2025-08,burglary,101
Newham,2025-08,criminal-damage-arson,88
Newham,2025-08,drugs,71
Newham,2025-08,miscellaneous-incidents,9
Newham,2025-08,other-theft,64
Newham,2025-08,possession-of-weapons,9
Newham,2025-08,public-order,35
Newham,2025-08,robbery,26
Newham,2025-08,shoplifting,91
Newham,2025-08,theft-from-the-person,133
Newham,2025-08,vehicle-crime,109
Newham,2025-08,violence-and-sexual-offences,284
Newham,2025-09,anti-social-behaviour,175
Newham,2025-09,bicycle-theft,8
Newham,2025-09,burglary,102
Newham,2025-09,criminal-damage-arson,109
Newham,2025-09,drugs,44
Newham,2025-09,miscellaneous-incidents,6
Newham,2025-09,other-theft,66
Newham,2025-09,possession-of-weapons,9
Newham,2025-09,public-order,43
Newham,2025-09,robbery,17
Newham,2025-09,shoplifting,71
Newham,2025-09,theft-from-the-person,127
Newham,2025-09,vehicle-crime,115
Newham,2025-09,violence-and-sexual-offences,268
Newham,2025-10,anti-social-behaviour,150
Newham,2025-10,bicycle-theft,10
Newham,2025-10,burglary,116
Newham,2025-10,criminal-damage-arson,99
Newham,2025-10,drugs,62
Newham,2025-10,miscellaneous-incidents,4
Newham,2025-10,other-theft,64
Newham,2025-10,possession-of-weapons,11
Newham,2025-10,public-order,34
Newham,2025-10,robbery,29
Newham,2025-10,shoplifting,86
Newham,2025-10,theft-from-the-person,136
Newham,2025-10,vehicle-crime,136
Newham,2025-10,violence-and-sexual-offences,212
Newham,2025-11,anti-social-behaviour,132
Newham,2025-11,bicycle-theft,9
Newham,2025-11,burglary,119
Newham,2025-11,criminal-damage-arson,89
Newham,2025-11,drugs,56
Newham,2025-11,miscellaneous-incidents,7
Newham,2025-11,other-theft,66
Newham,2025-11,possession-of-weapons,14
Newham,2025-11,public-order,33
Newham,2025-11,robbery,25
Newham,2025-11,shoplifting,84
Newham,2025-11,theft-from-the-person,119
Newham,2025-11,vehicle-crime,136
Newham,2025-11,violence-and-sexual-offences,220
Newham,2025-12,anti-social-behaviour,116
Newham,2025-12,bicycle-theft,17
Newham,2025-12,burglary,111
Newham,2025-12,criminal-damage-arson,89
Newham,2025-12,drugs,59
Newham,2025-12,miscellaneous-incidents,5
Newham,2025-12,other-theft,82
Newham,2025-12,possession-of-weapons,13
Newham,2025-12,public-order,47
Newham,2025-12,robbery,24
Newham,2025-12,shoplifting,76
Newham,2025-12,theft-from-the-person,113
Newham,2025-12,vehicle-crime,137
Newham,2025-12,violence-and-sexual-offences,198
Redbridge,2024-01,anti-social-behaviour,81
Redbridge,2024-01,bicycle-theft,8
Redbridge,2024-01,burglary,93
Redbridge,2024-01,criminal-damage-arson,57
Redbridge,2024-01,drugs,33
Redbridge,2024-01,miscellaneous-incidents,2
Redbridge,2024-01,other-theft,52
Redbridge,2024-01,possession-of-weapons,11
Redbridge,2024-01,public-order,18
Redbridge,2024-01,robbery,16
Redbridge,2024-01,shoplifting,46
Redbridge,2024-01,theft-from-the-person,59
Redbridge,2024-01,vehicle-crime,93
Redbridge,2024-01,violence-and-sexual-offences,135
Redbridge,2024-02,anti-social-behaviour,91
Redbridge,2024-02,bicycle-theft,10
Redbridge,2024-02,burglary,93
Redbridge,2024-02,criminal-damage-arson,60
Redbridge,2024-02,drugs,50
Redbridge,2024-02,miscellaneous-incidents,3
Redbridge,2024-02,other-theft,49
Redbridge,2024-02,possession-of-weapons,4
Redbridge,2024-02,public-order,30
Redbridge,2024-02,robbery,13
Redbridge,2024-02,shoplifting,44
Redbridge,2024-02,theft-from-the-person,96
Redbridge,2024-02,vehicle-crime,83
Redbridge,2024-02,violence-and-sexual-offences,148
Redbridge,2024-03,anti-social-behaviour,112
Redbridge,2024-03,bicycle-theft,9
Redbridge,2024-03,burglary,71
Redbridge,2024-03,criminal-damage-arson,59
Redbridge,2024-03,drugs,28
Redbridge,2024-03,miscellaneous-incidents,6
Redbridge,2024-03,other-theft,53
Redbridge,2024-03,possession-of-weapons,7
Redbridge,2024-03,public-order,20
Redbridge,2024-03,robbery,18
Redbridge,2024-03,shoplifting,48
Redbridge,2024-03,theft-from-the-person,87
Redbridge,2024-03,vehicle-crime,79
Redbridge,2024-03,violence-and-sexual-offences,157
Redbridge,2024-04,anti-social-behaviour,113
Redbridge,2024-04,bicycle-theft,3
Redbridge,2024-04,burglary,47
Redbridge,2024-04,criminal-damage-arson,59
Redbridge,2024-04,drugs,37
Redbridge,2024-04,miscellaneous-incidents,4
Redbridge,2024-04,other-theft,46
Redbridge,2024-04,possession-of-weapons,10
Redbridge,2024-04,public-order,17
Redbridge,2024-04,robbery,12
Redbridge,2024-04,shoplifting,38
Redbridge,2024-04,theft-from-the-person,105
Redbridge,2024-04,vehicle-crime,67
Redbridge,2024-04,violence-and-sexual-offences,180
Redbridge,2024-05,anti-social-behaviour,130
Redbridge,2024-05,bicycle-theft,9
Redbridge,2024-05,burglary,45
Redbridge,2024-05,criminal-damage-arson,59
Redbridge,2024-05,drugs,52
Redbridge,2024-05,miscellaneous-incidents,3
Redbridge,2024-05,other-theft,47
Redbridge,2024-05,possession-of-weapons,10
Redbridge,2024-05,public-order,19
Redbridge,2024-05,robbery,9
Redbridge,2024-05,shoplifting,56
Redbridge,2024-05,theft-from-the-person,122
Redbridge,2024-05,vehicle-crime,71
Redbridge,2024-05,violence-and-sexual-offences,207
Redbridge,2024-06,anti-social-behaviour,125
Redbridge,2024-06,bicycle-theft,7
Redbridge,2024-06,burglary,52
Redbridge,2024-06,criminal-damage-arson,58
Redbridge,2024-06,drugs,36
Redbridge,2024-06,miscellaneous-incidents,3
Redbridge,2024-06,other-theft,37
Redbridge,2024-06,possession-of-weapons,9
Redbridge,2024-06,public-order,18
Redbridge,2024-06,robbery,18
Redbridge,2024-06,shoplifting,54
Redbridge,2024-06,theft-from-the-person,118
Redbridge,2024-06,vehicle-crime,81
Redbridge,2024-06,violence-and-sexual-offences,215
Redbridge,2024-07,anti-social-behaviour,139
Redbridge,2024-07,bicycle-theft,6
Redbridge,2024-07,burglary,31
Redbridge,2024-07,criminal-damage-arson,53
Redbridge,2024-07,drugs,41
Redbridge,2024-07,miscellaneous-incidents,5
Redbridge,2024-07,other-theft,43
Redbridge,2024-07,possession-of-weapons,9
Redbridge,2024-07,public-order,26
Redbridge,2024-07,robbery,18
Redbridge,2024-07,shoplifting,45
Redbridge,2024-07,theft-from-the-person,103
Redbridge,2024-07,vehicle-crime,56
Redbridge,2024-07,violence-and-sexual-offences,201
Redbridge,2024-08,anti-social-behaviour,132
Redbridge,2024-08,bicycle-theft,5
Redbridge,2024-08,burglary,65
Redbridge,2024-08,criminal-damage-arson,61
Redbridge,2024-08,drugs,46
Redbridge,2024-08,miscellaneous-incidents,2
Redbridge,2024-08,other-theft,46
Redbridge,2024-08,possession-of-weapons,8
Redbridge,2024-08,public-order,28
Redbridge,2024-08,robbery,10
Redbridge,2024-08,shoplifting,42
Redbridge,2024-08,theft-from-the-person,97
Redbridge,2024-08,vehicle-crime,63
Redbridge,2024-08,violence-and-sexual-offences,190
Redbridge,2024-09,anti-social-behaviour,118
Redbridge,2024-09,bicycle-theft,7
Redbridge,2024-09,burglary,61
Redbridge,2024-09,criminal-damage-arson,67
Redbridge,2024-09,drugs,31
Redbridge,2024-09,miscellaneous-incidents,2
Redbridge,2024-09,other-theft,38
Redbridge,2024-09,possession-of-weapons,10
Redbridge,2024-09,public-order,18
Redbridge,2024-09,robbery,15
Redbridge,2024-09,shoplifting,61
Redbridge,2024-09,theft-from-the-person,98
Redbridge,2024-09,vehicle-crime,69
Redbridge,2024-09,violence-and-sexual-offences,148
Redbridge,2024-10,anti-social-behaviour,88
Redbridge,2024-10,bicycle-theft,10
Redbridge,2024-10,burglary,51
Redbridge,2024-10,criminal-damage-arson,59
Redbridge,2024-10,drugs,34
Redbridge,2024-10,miscellaneous-incidents,2
Redbridge,2024-10,other-theft,50
Redbridge,2024-10,possession-of-weapons,5
Redbridge,2024-10,public-order,26
Redbridge,2024-10,robbery,10
Redbridge,2024-10,shoplifting,60
Redbridge,2024-10,theft-from-the-person,75
Redbridge,2024-10,vehicle-crime,96
Redbridge,2024-10,violence-and-sexual-offences,136
Redbridge,2024-11,anti-social-behaviour,73
Redbridge,2024-11,bicycle-theft,4
Redbridge,2024-11,burglary,71
Redbridge,2024-11,criminal-damage-arson,54
Redbridge,2024-11,drugs,35
Redbridge,2024-11,miscellaneous-incidents,5
Redbridge,2024-11,other-theft,54
Redbridge,2024-11,possession-of-weapons,7
Redbridge,2024-11,public-order,24
Redbridge,2024-11,robbery,13
Redbridge,2024-11,shoplifting,44
Redbridge,2024-11,theft-from-the-person,57
Redbridge,2024-11,vehicle-crime,102
Redbridge,2024-11,violence-and-sexual-offences,120
Redbridge,2024-12,anti-social-behaviour,60
Redbridge,2024-12,bicycle-theft,7
Redbridge,2024-12,burglary,82
Redbridge,2024-12,criminal-damage-arson,60
Redbridge,2024-12,drugs,45
Redbridge,2024-12,miscellaneous-incidents,11
Redbridge,2024-12,other-theft,45
Redbridge,2024-12,possession-of-weapons,7
Redbridge,2024-12,public-order,20
Redbridge,2024-12,robbery,17
Redbridge,2024-12,shoplifting,49
Redbridge,2024-12,theft-from-the-person,73
Redbridge,2024-12,vehicle-crime,85
Redbridge,2024-12,violence-and-sexual-offences,129
Redbridge,2025-01,anti-social-behaviour,86
Redbridge,2025-01,bicycle-theft,6
Redbridge,2025-01,burglary,69
Redbridge,2025-01,criminal-damage-arson,44
Redbridge,2025-01,drugs,47
Redbridge,2025-01,miscellaneous-incidents,4
Redbridge,2025-01,other-theft,55
Redbridge,2025-01,possession-of-weapons,9
Redbridge,2025-01,public-order,20
Redbridge,2025-01,robbery,16
Redbridge,2025-01,shoplifting,54
Redbridge,2025-01,theft-from-the-person,71
Redbridge,2025-01,vehicle-crime,101
Redbridge,2025-01,violence-and-sexual-offences,132
Redbridge,2025-02,anti-social-behaviour,85
Redbridge,2025-02,bicycle-theft,9
Redbridge,2025-02,burglary,73
Redbridge,2025-02,criminal-damage-arson,62
Redbridge,2025-02,drugs,35
Redbridge,2025-02,miscellaneous-incidents,3
Redbridge,2025-02,other-theft,46
Redbridge,2025-02,possession-of-weapons,6
Redbridge,2025-02,public-order,17
Redbridge,2025-02,robbery,19
Redbridge,2025-02,shoplifting,52
Redbridge,2025-02,theft-from-the-person,80
Redbridge,2025-02,vehicle-crime,90
Redbridge,2025-02,violence-and-sexual-offences,142
Redbridge,2025-03,anti-social-behaviour,98
Redbridge,2025-03,bicycle-theft,9
Redbridge,2025-03,burglary,72
Redbridge,2025-03,criminal-damage-arson,77
Redbridge,2025-03,drugs,29
Redbridge,2025-03,miscellaneous-incidents,1
Redbridge,2025-03,other-theft,37
Redbridge,2025-03,possession-of-weapons,7
Redbridge,2025-03,public-order,16
Redbridge,2025-03,robbery,12
Redbridge,2025-03,shoplifting,52
Redbridge,2025-03,theft-from-the-person,85
Redbridge,2025-03,vehicle-crime,61
Redbridge,2025-03,violence-and-sexual-offences,175
Redbridge,2025-04,anti-social-behaviour,135
Redbridge,2025-04,bicycle-theft,7
Redbridge,2025-04,burglary,58
Redbridge,2025-04,criminal-damage-arson,57
Redbridge,2025-04,drugs,38
Redbridge,2025-04,miscellaneous-incidents,4
Redbridge,2025-04,other-theft,30
Redbridge,2025-04,possession-of-weapons,10
Redbridge,2025-04,public-order,26
Redbridge,2025-04,robbery,17
Redbridge,2025-04,shoplifting,54
Redbridge,2025-04,theft-from-the-person,90
Redbridge,2025-04,vehicle-crime,76
Redbridge,2025-04,violence-and-sexual-offences,195
Redbridge,2025-05,anti-social-behaviour,139
Redbridge,2025-05,bicycle-theft,3
Redbridge,2025-05,burglary,52
Redbridge,2025-05,criminal-damage-arson,56
Redbridge,2025-05,drugs,30
Redbridge,2025-05,miscellaneous-incidents,4
Redbridge,2025-05,other-theft,45
Redbridge,2025-05,possession-of-weapons,6
Redbridge,2025-05,public-order,22
Redbridge,2025-05,robbery,14
Redbridge,2025-05,shoplifting,53
Redbridge,2025-05,theft-from-the-person,105
Redbridge,2025-05,vehicle-crime,57
Redbridge,2025-05,violence-and-sexual-offences,223
Redbridge,2025-06,anti-social-behaviour,132
Redbridge,2025-06,bicycle-theft,6
Redbridge,2025-06,burglary,45
Redbridge,2025-06,criminal-damage-arson,46
Redbridge,2025-06,drugs,35
Redbridge,2025-06,miscellaneous-incidents,2
Redbridge,2025-06,other-theft,36
Redbridge,2025-06,possession-of-weapons,7
Redbridge,2025-06,public-order,23
Redbridge,2025-06,robbery,14
Redbridge,2025-06,shoplifting,58
Redbridge,2025-06,theft-from-the-person,130
Redbridge,2025-06,vehicle-crime,60
Redbridge,2025-06,violence-and-sexual-offences,192
Redbridge,2025-07,anti-social-behaviour,104
Redbridge,2025-07,bicycle-theft,8
Redbridge,2025-07,burglary,53
Redbridge,2025-07,criminal-damage-arson,59
Redbridge,2025-07,drugs,32
Redbridge,2025-07,miscellaneous-incidents,4
Redbridge,2025-07,other-theft,40
Redbridge,2025-07,possession-of-weapons,4
Redbridge,2025-07,public-order,17
Redbridge,2025-07,robbery,13
Redbridge,2025-07,shoplifting,49
Redbridge,2025-07,theft-from-the-person,103
Redbridge,2025-07,vehicle-crime,70
Redbridge,2025-07,violence-and-sexual-offences,212
Redbridge,2025-08,anti-social-behaviour,122
Redbridge,2025-08,bicycle-theft,8
Redbridge,2025-08,burglary,63
Redbridge,2025-08,criminal-damage-arson,64
Redbridge,2025-08,drugs,35
Redbridge,2025-08,miscellaneous-incidents,7
Redbridge,2025-08,other-theft,52
Redbridge,2025-08,possession-of-weapons,9
Redbridge,2025-08,public-order,26
Redbridge,2025-08,robbery,12
Redbridge,2025-08,shoplifting,57
Redbridge,2025-08,theft-from-the-person,96
Redbridge,2025-08,vehicle-crime,56
Redbridge,2025-08,violence-and-sexual-offences,182
Redbridge,2025-09,anti-social-behaviour,102
Redbridge,2025-09,bicycle-theft,10
Redbridge,2025-09,burglary,53
Redbridge,2025-09,criminal-damage-arson,61
Redbridge,2025-09,drugs,38
Redbridge,2025-09,miscellaneous-incidents,4
Redbridge,2025-09,other-theft,39
Redbridge,2025-09,possession-of-weapons,7
Redbridge,2025-09,public-order,17
Redbridge,2025-09,robbery,12
Redbridge,2025-09,shoplifting,55
Redbridge,2025-09,theft-from-the-person,80
Redbridge,2025-09,vehicle-crime,82
Redbridge,2025-09,violence-and-sexual-offences,164
Redbridge,2025-10,anti-social-behaviour,84
Redbridge,2025-10,bicycle-theft,9
Redbridge,2025-10,burglary,65
Redbridge,2025-10,criminal-damage-arson,67
Redbridge,2025-10,drugs,27
Redbridge,2025-10,miscellaneous-incidents,3
Redbridge,2025-10,other-theft,39
Redbridge,2025-10,possession-of-weapons,9
Redbridge,2025-10,public-order,27
Redbridge,2025-10,robbery,14
Redbridge,2025-10,shoplifting,49
Redbridge,2025-10,theft-from-the-person,95
Redbridge,2025-10,vehicle-crime,79
Redbridge,2025-10,violence-and-sexual-offences,143
Redbridge,2025-11,anti-social-behaviour,116
Redbridge,2025-11,bicycle-theft,7
Redbridge,2025-11,burglary,68
Redbridge,2025-11,criminal-damage-arson,68
Redbridge,2025-11,drugs,37
Redbridge,2025-11,miscellaneous-incidents,6
Redbridge,2025-11,other-theft,51
Redbridge,2025-11,possession-of-weapons,3
Redbridge,2025-11,public-order,34
Redbridge,2025-11,robbery,6
Redbridge,2025-11,shoplifting,58
Redbridge,2025-11,theft-from-the-person,60
Redbridge,2025-11,vehicle-crime,95
Redbridge,2025-11,violence-and-sexual-offences,133
Redbridge,2025-12,anti-social-behaviour,67
Redbridge,2025-12,bicycle-theft,8
Redbridge,2025-12,burglary,91
Redbridge,2025-12,criminal-damage-arson,58
Redbridge,2025-12,drugs,37
Redbridge,2025-12,miscellaneous-incidents,2
Redbridge,2025-12,other-theft,42
Redbridge,2025-12,possession-of-weapons,5
Redbridge,2025-12,public-order,25
Redbridge,2025-12,robbery,16
Redbridge,2025-12,shoplifting,50
Redbridge,2025-12,theft-from-the-person,76
Redbridge,2025-12,vehicle-crime,88
Redbridge,2025-12,violence-and-sexual-offences,115
Richmond upon Thames,2024-01,anti-social-behaviour,50
Richmond upon Thames,2024-01,bicycle-theft,7
Richmond upon Thames,2024-01,burglary,57
Richmond upon Thames,2024-01,criminal-damage-arson,29
Richmond upon Thames,2024-01,drugs,24
Richmond upon Thames,2024-01,miscellaneous-incidents,3
Richmond upon Thames,2024-01,other-theft,44
Richmond upon Thames,2024-01,possession-of-weapons,5
Richmond upon Thames,2024-01,public-order,16
Richmond upon Thames,2024-01,robbery,14
Richmond upon Thames,2024-01,shoplifting,35
Richmond upon Thames,2024-01,theft-from-the-person,58
Richmond upon Thames,2024-01,vehicle-crime,72
Richmond upon Thames,2024-01,violence-and-sexual-offences,95
Richmond upon Thames,2024-02,anti-social-behaviour,74
Richmond upon Thames,2024-02,bicycle-theft,9
Richmond upon Thames,2024-02,burglary,60
Richmond upon Thames,2024-02,criminal-damage-arson,41
Richmond upon Thames,2024-02,drugs,36
Richmond upon Thames,2024-02,miscellaneous-incidents,1
Richmond upon Thames,2024-02,other-theft,43
Richmond upon Thames,2024-02,possession-of-weapons,6
Richmond upon Thames,2024-02,public-order,19
Richmond upon Thames,2024-02,robbery,13
Richmond upon Thames,2024-02,shoplifting,44
Richmond upon Thames,2024-02,theft-from-the-person,62
Richmond upon Thames,2024-02,vehicle-crime,70
Richmond upon Thames,2024-02,violence-and-sexual-offences,110
Richmond upon Thames,2024-03,anti-social-behaviour,62
Richmond upon Thames,2024-03,bicycle-theft,1
Richmond upon Thames,2024-03,burglary,47
Richmond upon Thames,2024-03,criminal-damage-arson,50
Richmond upon Thames,2024-03,drugs,20
Richmond upon Thames,2024-03,miscellaneous-incidents,2
Richmond upon Thames,2024-03,other-theft,37
Richmond upon Thames,2024-03,possession-of-weapons,6
Richmond upon Thames,2024-03,public-order,10
Richmond upon Thames,2024-03,robbery,10
Richmond upon Thames,2024-03,shoplifting,42
Richmond upon Thames,2024-03,theft-from-the-person,67
Richmond upon Thames,2024-03,vehicle-crime,61
Richmond upon Thames,2024-03,violence-and-sexual-offences,130
Richmond upon Thames,2024-04,anti-social-behaviour,86
Richmond upon Thames,2024-04,bicycle-theft,7
Richmond upon Thames,2024-04,burglary,38
Richmond upon Thames,2024-04,criminal-damage-arson,51
Richmond upon Thames,2024-04,drugs,34
Richmond upon Thames,2024-04,miscellaneous-incidents,2
Richmond upon Thames,2024-04,other-theft,37
Richmond upon Thames,2024-04,possession-of-weapons,2
Richmond upon Thames,2024-04,public-order,21
Richmond upon Thames,2024-04,robbery,15
Richmond upon Thames,2024-04,shoplifting,29
Richmond upon Thames,2024-04,theft-from-the-person,73
Richmond upon Thames,2024-04,vehicle-crime,47
Richmond upon Thames,2024-04,violence-and-sexual-offences,125
Richmond upon Thames,2024-05,anti-social-behaviour,95
Richmond upon Thames,2024-05,bicycle-theft,2
Richmond upon Thames,2024-05,burglary,34
Richmond upon Thames,2024-05,criminal-damage-arson,53
Richmond upon Thames,2024-05,drugs,36
Richmond upon Thames,2024-05,miscellaneous-incidents,4
Richmond upon Thames,2024-05,other-theft,28
Richmond upon Thames,2024-05,possession-of-weapons,5
Richmond upon Thames,2024-05,public-order,15
Richmond upon Thames,2024-05,robbery,11
Richmond upon Thames,2024-05,shoplifting,42
Richmond upon Thames,2024-05,theft-from-the-person,85
Richmond upon Thames,2024-05,vehicle-crime,43
Richmond upon Thames,2024-05,violence-and-sexual-offences,155
Richmond upon Thames,2024-06,anti-social-behaviour,85
Richmond upon Thames,2024-06,bicycle-theft,4
Richmond upon Thames,2024-06,burglary,44
Richmond upon Thames,2024-06,criminal-damage-arson,45
Richmond upon Thames,2024-06,drugs,34
Richmond upon Thames,2024-06,miscellaneous-incidents,1
Richmond upon Thames,2024-06,other-theft,40
Richmond upon Thames,2024-06,possession-of-weapons,4
Richmond upon Thames,2024-06,public-order,13
Richmond upon Thames,2024-06,robbery,11
Richmond upon Thames,2024-06,shoplifting,40
Richmond upon Thames,2024-06,theft-from-the-person,88
Richmond upon Thames,2024-06,vehicle-crime,53
Richmond upon Thames,2024-06,violence-and-sexual-offences,151
Richmond upon Thames,2024-07,anti-social-behaviour,92
Richmond upon Thames,2024-07,bicycle-theft,5
Richmond upon Thames,2024-07,burglary,41
Richmond upon Thames,2024-07,criminal-damage-arson,37
Richmond upon Thames,2024-07,drugs,35
Richmond upon Thames,2024-07,miscellaneous-incidents,1
Richmond upon Thames,2024-07,other-theft,34
Richmond upon Thames,2024-07,possession-of-weapons,7
Richmond upon Thames,2024-07,public-order,22
Richmond upon Thames,2024-07,robbery,12
Richmond upon Thames,2024-07,shoplifting,40
Richmond upon Thames,2024-07,theft-from-the-person,90
Richmond upon Thames,2024-07,vehicle-crime,44
Richmond upon Thames,2024-07,violence-and-sexual-offences,147
Richmond upon Thames,2024-08,anti-social-behaviour,65
Richmond upon Thames,2024-08,bicycle-theft,2
Richmond upon Thames,2024-08,burglary,55
Richmond upon Thames,2024-08,criminal-damage-arson,46
Richmond upon Thames,2024-08,drugs,30
Richmond upon Thames,2024-08,miscellaneous-incidents,2
Richmond upon Thames,2024-08,other-theft,39
Richmond upon Thames,2024-08,possession-of-weapons,4
Richmond upon Thames,2024-08,public-order,10
Richmond upon Thames,2024-08,robbery,9
Richmond upon Thames,2024-08,shoplifting,38
Richmond upon Thames,2024-08,theft-from-the-person,61
Richmond upon Thames,2024-08,vehicle-crime,55
Richmond upon Thames,2024-08,violence-and-sexual-offences,113
Richmond upon Thames,2024-09,anti-social-behaviour,56
Richmond upon Thames,2024-09,bicycle-theft,7
Richmond upon Thames,2024-09,burglary,44
Richmond upon Thames,2024-09,criminal-damage-arson,48
Richmond upon Thames,2024-09,drugs,34
Richmond upon Thames,2024-09,miscellaneous-incidents,2
Richmond upon Thames,2024-09,other-theft,26
Richmond upon Thames,2024-09,possession-of-weapons,4
Richmond upon Thames,2024-09,public-order,13
Richmond upon Thames,2024-09,robbery,12
Richmond upon Thames,2024-09,shoplifting,38
Richmond upon Thames,2024-09,theft-from-the-person,68
Richmond upon Thames,2024-09,vehicle-crime,46
Richmond upon Thames,2024-09,violence-and-sexual-offences,128
Richmond upon Thames,2024-10,anti-social-behaviour,75
Richmond upon Thames,2024-10,bicycle-theft,3
Richmond upon Thames,2024-10,burglary,47
Richmond upon Thames,2024-10,criminal-damage-arson,42
Richmond upon Thames,2024-10,drugs,25
Richmond upon Thames,2024-10,miscellaneous-incidents,4
Richmond upon Thames,2024-10,other-theft,35
Richmond upon Thames,2024-10,possession-of-weapons,8
Richmond upon Thames,2024-10,public-order,14
Richmond upon Thames,2024-10,robbery,11
Richmond upon Thames,2024-10,shoplifting,38
Richmond upon Thames,2024-10,theft-from-the-person,45
Richmond upon Thames,2024-10,vehicle-crime,62
Richmond upon Thames,2024-10,violence-and-sexual-offences,112
Richmond upon Thames,2024-11,anti-social-behaviour,54
Richmond upon Thames,2024-11,bicycle-theft,5
Richmond upon Thames,2024-11,burglary,54
Richmond upon Thames,2024-11,criminal-damage-arson,42
Richmond upon Thames,2024-11,drugs,36
Richmond upon Thames,2024-11,miscellaneous-incidents,2
Richmond upon Thames,2024-11,other-theft,35
Richmond upon Thames,2024-11,possession-of-weapons,4
Richmond upon Thames,2024-11,public-order,16
Richmond upon Thames,2024-11,robbery,16
Richmond upon Thames,2024-11,shoplifting,45
Richmond upon Thames,2024-11,theft-from-the-person,54
Richmond upon Thames,2024-11,vehicle-crime,71
Richmond upon Thames,2024-11,violence-and-sexual-offences,75
Richmond upon Thames,2024-12,anti-social-behaviour,48
Richmond upon Thames,2024-12,bicycle-theft,10
Richmond upon Thames,2024-12,burglary,45
Richmond upon Thames,2024-12,criminal-damage-arson,44
Richmond upon Thames,2024-12,drugs,27
Richmond upon Thames,2024-12,miscellaneous-incidents,4
Richmond upon Thames,2024-12,other-theft,42
Richmond upon Thames,2024-12,possession-of-weapons,7
Richmond upon Thames,2024-12,public-order,19
Richmond upon Thames,2024-12,robbery,11
Richmond upon Thames,2024-12,shoplifting,43
Richmond upon Thames,2024-12,theft-from-the-person,57
Richmond upon Thames,2024-12,vehicle-crime,50
Richmond upon Thames,2024-12,violence-and-sexual-offences,97
Richmond upon Thames,2025-01,anti-social-behaviour,62
Richmond upon Thames,2025-01,bicycle-theft,6
Richmond upon Thames,2025-01,burglary,43
Richmond upon Thames,2025-01,criminal-damage-arson,49
Richmond upon Thames,2025-01,drugs,29
Richmond upon Thames,2025-01,miscellaneous-incidents,2
Richmond upon Thames,2025-01,other-theft,24
Richmond upon Thames,2025-01,possession-of-weapons,3
Richmond upon Thames,2025-01,public-order,14
Richmond upon Thames,2025-01,robbery,10
Richmond upon Thames,2025-01,shoplifting,38
Richmond upon Thames,2025-01,theft-from-the-person,48
Richmond upon Thames,2025-01,vehicle-crime,56
Richmond upon Thames,2025-01,violence-and-sexual-offences,77
Richmond upon Thames,2025-02,anti-social-behaviour,70
Richmond upon Thames,2025-02,bicycle-theft,3
Richmond upon Thames,2025-02,burglary,44
Richmond upon Thames,2025-02,criminal-damage-arson,46
Richmond upon Thames,2025-02,drugs,25
Richmond upon Thames,2025-02,miscellaneous-incidents,2
Richmond upon Thames,2025-02,other-theft,30
Richmond upon Thames,2025-02,possession-of-weapons,3
Richmond upon Thames,2025-02,public-order,24
Richmond upon Thames,2025-02,robbery,9
Richmond upon Thames,2025-02,shoplifting,41
Richmond upon Thames,2025-02,theft-from-the-person,62
Richmond upon Thames,2025-02,vehicle-crime,72
Richmond upon Thames,2025-02,violence-and-sexual-offences,103
Richmond upon Thames,2025-03,anti-social-behaviour,76
Richmond upon Thames,2025-03,bicycle-theft,4
Richmond upon Thames,2025-03,burglary,43
Richmond upon Thames,2025-03,criminal-damage-arson,41
Richmond upon Thames,2025-03,drugs,27
Richmond upon Thames,2025-03,miscellaneous-incidents,2
Richmond upon Thames,2025-03,other-theft,28
Richmond upon Thames,2025-03,possession-of-weapons,9
Richmond upon Thames,2025-03,public-order,19
Richmond upon Thames,2025-03,robbery,7
Richmond upon Thames,2025-03,shoplifting,33
Richmond upon Thames,2025-03,theft-from-the-person,56
Richmond upon Thames,2025-03,vehicle-crime,52
Richmond upon Thames,2025-03,violence-and-sexual-offences,103
Richmond upon Thames,2025-04,anti-social-behaviour,97
Richmond upon Thames,2025-04,bicycle-theft,5
Richmond upon Thames,2025-04,burglary,35
Richmond upon Thames,2025-04,criminal-damage-arson,35
Richmond upon Thames,2025-04,drugs,25
Richmond upon Thames,2025-04,miscellaneous-incidents,3
Richmond upon Thames,2025-04,other-theft,26
Richmond upon Thames,2025-04,possession-of-weapons,3
Richmond upon Thames,2025-04,public-order,20
Richmond upon Thames,2025-04,robbery,12
Richmond upon Thames,2025-04,shoplifting,49
Richmond upon Thames,2025-04,theft-from-the-person,77
Richmond upon Thames,2025-04,vehicle-crime,52
Richmond upon Thames,2025-04,violence-and-sexual-offences,149
Richmond upon Thames,2025-05,anti-social-behaviour,100
Richmond upon Thames,2025-05,bicycle-theft,4
Richmond upon Thames,2025-05,burglary,37
Richmond upon Thames,2025-05,criminal-damage-arson,33
Richmond upon Thames,2025-05,drugs,29
Richmond upon Thames,2025-05,miscellaneous-incidents,4
Richmond upon Thames,2025-05,other-theft,29
Richmond upon Thames,2025-05,possession-of-weapons,4
Richmond upon Thames,2025-05,public-order,15
Richmond upon Thames,2025-05,robbery,5
Richmond upon Thames,2025-05,shoplifting,42
Richmond upon Thames,2025-05,theft-from-the-person,76
Richmond upon Thames,2025-05,vehicle-crime,44
Richmond upon Thames,2025-05,violence-and-sexual-offences,153
Richmond upon Thames,2025-06,anti-social-behaviour,111
Richmond upon Thames,2025-06,bicycle-theft,6
Richmond upon Thames,2025-06,burglary,32
Richmond upon Thames,2025-06,criminal-damage-arson,48
Richmond upon Thames,2025-06,drugs,29
Richmond upon Thames,2025-06,miscellaneous-incidents,5
Richmond upon Thames,2025-06,other-theft,35
Richmond upon Thames,2025-06,possession-of-weapons,9
Richmond upon Thames,2025-06,public-order,22
Richmond upon Thames,2025-06,robbery,11
Richmond upon Thames,2025-06,shoplifting,36
Richmond upon Thames,2025-06,theft-from-the-person,73
Richmond upon Thames,2025-06,vehicle-crime,48
Richmond upon Thames,2025-06,violence-and-sexual-offences,153
Richmond upon Thames,2025-07,anti-social-behaviour,83
Richmond upon Thames,2025-07,bicycle-theft,6
Richmond upon Thames,2025-07,burglary,32
Richmond upon Thames,2025-07,criminal-damage-arson,34
Richmond upon Thames,2025-07,drugs,16
Richmond upon Thames,2025-07,miscellaneous-incidents,5
Richmond upon Thames,2025-07,other-theft,41
Richmond upon Thames,2025-07,possession-of-weapons,7
Richmond upon Thames,2025-07,public-order,21
Richmond upon Thames,2025-07,robbery,11
Richmond upon Thames,2025-07,shoplifting,43
Richmond upon Thames,2025-07,theft-from-the-person,76
Richmond upon Thames,2025-07,vehicle-crime,40
Richmond upon Thames,2025-07,violence-and-sexual-offences,137
Richmond upon Thames,2025-08,anti-social-behaviour,74
Richmond upon Thames,2025-08,bicycle-theft,10
Richmond upon Thames,2025-08,burglary,36
Richmond upon Thames,2025-08,criminal-damage-arson,49
Richmond upon Thames,2025-08,drugs,31
Richmond upon Thames,2025-08,miscellaneous-incidents,2
Richmond upon Thames,2025-08,other-theft,32
Richmond upon Thames,2025-08,possession-of-weapons,5
Richmond upon Thames,2025-08,public-order,17
Richmond upon Thames,2025-08,robbery,7
Richmond upon Thames,2025-08,shoplifting,36
Richmond upon Thames,2025-08,theft-from-the-person,76
Richmond upon Thames,2025-08,vehicle-crime,54
Richmond upon Thames,2025-08,violence-and-sexual-offences,128
Richmond upon Thames,2025-09,anti-social-behaviour,93
Richmond upon Thames,2025-09,bicycle-theft,8
Richmond upon Thames,2025-09,burglary,48
Richmond upon Thames,2025-09,criminal-damage-arson,51
Richmond upon Thames,2025-09,drugs,31
Richmond upon Thames,2025-09,miscellaneous-incidents,2
Richmond upon Thames,2025-09,other-theft,28
Richmond upon Thames,2025-09,possession-of-weapons,5
Richmond upon Thames,2025-09,public-order,12
Richmond upon Thames,2025-09,robbery,15
Richmond upon Thames,2025-09,shoplifting,38
Richmond upon Thames,2025-09,theft-from-the-person,65
Richmond upon Thames,2025-09,vehicle-crime,45
Richmond upon Thames,2025-09,violence-and-sexual-offences,111
Richmond upon Thames,2025-10,anti-social-behaviour,63
Richmond upon Thames,2025-10,bicycle-theft,6
Richmond upon Thames,2025-10,burglary,41
Richmond upon Thames,2025-10,criminal-damage-arson,35
Richmond upon Thames,2025-10,drugs,19
Richmond upon Thames,2025-10,miscellaneous-incidents,2
Richmond upon Thames,2025-10,other-theft,36
Richmond upon Thames,2025-10,possession-of-weapons,4
Richmond upon Thames,2025-10,public-order,10
Richmond upon Thames,2025-10,robbery,8
Richmond upon Thames,2025-10,shoplifting,33
Richmond upon Thames,2025-10,theft-from-the-person,53
Richmond upon Thames,2025-10,vehicle-crime,59
Richmond upon Thames,2025-10,violence-and-sexual-offences,100
Richmond upon Thames,2025-11,anti-social-behaviour,64
Richmond upon Thames,2025-11,bicycle-theft,3
Richmond upon Thames,2025-11,burglary,51
Richmond upon Thames,2025-11,criminal-damage-arson,43
Richmond upon Thames,2025-11,drugs,23
Richmond upon Thames,2025-11,miscellaneous-incidents,2
Richmond upon Thames,2025-11,other-theft,29
Richmond upon Thames,2025-11,possession-of-weapons,10
Richmond upon Thames,2025-11,public-order,14
Richmond upon Thames,2025-11,robbery,9
Richmond upon Thames,2025-11,shoplifting,42
Richmond upon Thames,2025-11,theft-from-the-person,65
Richmond upon Thames,2025-11,vehicle-crime,69
Richmond upon Thames,2025-11,violence-and-sexual-offences,87
Richmond upon Thames,2025-12,anti-social-behaviour,64
Richmond upon Thames,2025-12,bicycle-theft,5
Richmond upon Thames,2025-12,burglary,59
Richmond upon Thames,2025-12,criminal-damage-arson,57
Richmond upon Thames,2025-12,drugs,37
Richmond upon Thames,2025-12,miscellaneous-incidents,2
Richmond upon Thames,2025-12,other-theft,24
Richmond upon Thames,2025-12,possession-of-weapons,6
Richmond upon Thames,2025-12,public-order,13
Richmond upon Thames,2025-12,robbery,13
Richmond upon Thames,2025-12,shoplifting,47
Richmond upon Thames,2025-12,theft-from-the-person,48
Richmond upon Thames,2025-12,vehicle-crime,63
Richmond upon Thames,2025-12,violence-and-sexual-offences,76
Southwark,2024-01,anti-social-behaviour,141
Southwark,2024-01,bicycle-theft,11
Southwark,2024-01,burglary,138
Southwark,2024-01,criminal-damage-arson,104
Southwark,2024-01,drugs,66
Southwark,2024-01,miscellaneous-incidents,3
Southwark,2024-01,other-theft,79
Southwark,2024-01,possession-of-weapons,9
Southwark,2024-01,public-order,46
Southwark,2024-01,robbery,29
Southwark,2024-01,shoplifting,88
Southwark,2024-01,theft-from-the-person,118
Southwark,2024-01,vehicle-crime,164
Southwark,2024-01,violence-and-sexual-offences,207
Southwark,2024-02,anti-social-behaviour,147
Southwark,2024-02,bicycle-theft,13
Southwark,2024-02,burglary,106
Southwark,2024-02,criminal-damage-arson,92
Southwark,2024-02,drugs,64
Southwark,2024-02,miscellaneous-incidents,9
Southwark,2024-02,other-theft,84
Southwark,2024-02,possession-of-weapons,19
Southwark,2024-02,public-order,33
Southwark,2024-02,robbery,32
Southwark,2024-02,shoplifting,91
Southwark,2024-02,theft-from-the-person,158
Southwark,2024-02,vehicle-crime,141
Southwark,2024-02,violence-and-sexual-offences,253
Southwark,2024-03,anti-social-behaviour,198
Southwark,2024-03,bicycle-theft,10
Southwark,2024-03,burglary,84
Southwark,2024-03,criminal-damage-arson,95
Southwark,2024-03,drugs,88
Southwark,2024-03,miscellaneous-incidents,6
Southwark,2024-03,other-theft,62
Southwark,2024-03,possession-of-weapons,10
Southwark,2024-03,public-order,38
Southwark,2024-03,robbery,25
Southwark,2024-03,shoplifting,90
Southwark,2024-03,theft-from-the-person,167
Southwark,2024-03,vehicle-crime,127
Southwark,2024-03,violence-and-sexual-offences,293
Southwark,2024-04,anti-social-behaviour,183
Southwark,2024-04,bicycle-theft,13
Southwark,2024-04,burglary,80
Southwark,2024-04,criminal-damage-arson,107
Southwark,2024-04,drugs,61
Southwark,2024-04,miscellaneous-incidents,7
Southwark,2024-04,other-theft,88
Southwark,2024-04,possession-of-weapons,12
Southwark,2024-04,public-order,36
Southwark,2024-04,robbery,21
Southwark,2024-04,shoplifting,85
Southwark,2024-04,theft-from-the-person,159
Southwark,2024-04,vehicle-crime,129
Southwark,2024-04,violence-and-sexual-offences,317
Southwark,2024-05,anti-social-behaviour,207
Southwark,2024-05,bicycle-theft,10
Southwark,2024-05,burglary,81
Southwark,2024-05,criminal-damage-arson,83
Southwark,2024-05,drugs,67
Southwark,2024-05,miscellaneous-incidents,4
Southwark,2024-05,other-theft,79
Southwark,2024-05,possession-of-weapons,15
Southwark,2024-05,public-order,23
Southwark,2024-05,robbery,23
Southwark,2024-05,shoplifting,80
Southwark,2024-05,theft-from-the-person,176
Southwark,2024-05,vehicle-crime,107
Southwark,2024-05,violence-and-sexual-offences,374
Southwark,2024-06,anti-social-behaviour,242
Southwark,2024-06,bicycle-theft,11
Southwark,2024-06,burglary,88
Southwark,2024-06,criminal-damage-arson,105
Southwark,2024-06,drugs,55
Southwark,2024-06,miscellaneous-incidents,7
Southwark,2024-06,other-theft,69
Southwark,2024-06,possession-of-weapons,6
Southwark,2024-06,public-order,39
Southwark,2024-06,robbery,29
Southwark,2024-06,shoplifting,81
Southwark,2024-06,theft-from-the-person,194
Southwark,2024-06,vehicle-crime,122
Southwark,2024-06,violence-and-sexual-offences,357
Southwark,2024-07,anti-social-behaviour,204
Southwark,2024-07,bicycle-theft,8
Southwark,2024-07,burglary,87
Southwark,2024-07,criminal-damage-arson,120
Southwark,2024-07,drugs,64
Southwark,2024-07,miscellaneous-incidents,8
Southwark,2024-07,other-theft,79
Southwark,2024-07,possession-of-weapons,13
Southwark,2024-07,public-order,29
Southwark,2024-07,robbery,28
Southwark,2024-07,shoplifting,90
Southwark,2024-07,theft-from-the-person,180
Southwark,2024-07,vehicle-crime,134
Southwark,2024-07,violence-and-sexual-offences,325
Southwark,2024-08,anti-social-behaviour,186
Southwark,2024-08,bicycle-theft,18
Southwark,2024-08,burglary,99
Southwark,2024-08,criminal-damage-arson,96
Southwark,2024-08,drugs,59
Southwark,2024-08,miscellaneous-incidents,4
Southwark,2024-08,other-theft,88
Southwark,2024-08,possession-of-weapons,16
Southwark,2024-08,public-order,42
Southwark,2024-08,robbery,23
Southwark,2024-08,shoplifting,86
Southwark,2024-08,theft-from-the-person,181
Southwark,2024-08,vehicle-crime,119
Southwark,2024-08,violence-and-sexual-offences,334
Southwark,2024-09,anti-social-behaviour,196
Southwark,2024-09,bicycle-theft,15
Southwark,2024-09,burglary,111
Southwark,2024-09,criminal-damage-arson,111
Southwark,2024-09,drugs,69
Southwark,2024-09,miscellaneous-incidents,6
Southwark,2024-09,other-theft,77
Southwark,2024-09,possession-of-weapons,11
Southwark,2024-09,public-order,30
Southwark,2024-09,robbery,21
Southwark,2024-09,shoplifting,88
Southwark,2024-09,theft-from-the-person,168
Southwark,2024-09,vehicle-crime,130
Southwark,2024-09,violence-and-sexual-offences,275
Southwark,2024-10,anti-social-behaviour,171
Southwark,2024-10,bicycle-theft,12
Southwark,2024-10,burglary,122
Southwark,2024-10,criminal-damage-arson,110
Southwark,2024-10,drugs,60
Southwark,2024-10,miscellaneous-incidents,6
Southwark,2024-10,other-theft,87
Southwark,2024-10,possession-of-weapons,10
Southwark,2024-10,public-order,40
Southwark,2024-10,robbery,24
Southwark,2024-10,shoplifting,86
Southwark,2024-10,theft-from-the-person,128
Southwark,2024-10,vehicle-crime,161
Southwark,2024-10,violence-and-sexual-offences,260
Southwark,2024-11,anti-social-behaviour,147
Southwark,2024-11,bicycle-theft,14
Southwark,2024-11,burglary,118
Southwark,2024-11,criminal-damage-arson,112
Southwark,2024-11,drugs,75
Southwark,2024-11,miscellaneous-incidents,5
Southwark,2024-11,other-theft,80
Southwark,2024-11,possession-of-weapons,8
Southwark,2024-11,public-order,38
Southwark,2024-11,robbery,22
Southwark,2024-11,shoplifting,107
Southwark,2024-11,theft-from-the-person,137
Southwark,2024-11,vehicle-crime,110
Southwark,2024-11,violence-and-sexual-offences,214
Southwark,2024-12,anti-social-behaviour,139
Southwark,2024-12,bicycle-theft,14
Southwark,2024-12,burglary,152
Southwark,2024-12,criminal-damage-arson,106
Southwark,2024-12,drugs,67
Southwark,2024-12,miscellaneous-incidents,7
Southwark,2024-12,other-theft,77
Southwark,2024-12,possession-of-weapons,11
Southwark,2024-12,public-order,39
Southwark,2024-12,robbery,27
Southwark,2024-12,shoplifting,94
Southwark,2024-12,theft-from-the-person,123
Southwark,2024-12,vehicle-crime,153
Southwark,2024-12,violence-and-sexual-offences,212
Southwark,2025-01,anti-social-behaviour,147
Southwark,2025-01,bicycle-theft,17
Southwark,2025-01,burglary,114
Southwark,2025-01,criminal-damage-arson,105
Southwark,2025-01,drugs,61
Southwark,2025-01,miscellaneous-incidents,7
Southwark,2025-01,other-theft,67
Southwark,2025-01,possession-of-weapons,13
Southwark,2025-01,public-order,36
Southwark,2025-01,robbery,19
Southwark,2025-01,shoplifting,92
Southwark,2025-01,theft-from-the-person,113
Southwark,2025-01,vehicle-crime,143
Southwark,2025-01,violence-and-sexual-offences,223
Southwark,2025-02,anti-social-behaviour,161
Southwark,2025-02,bicycle-theft,12
Southwark,2025-02,burglary,129
Southwark,2025-02,criminal-damage-arson,96
Southwark,2025-02,drugs,59
Southwark,2025-02,miscellaneous-incidents,9
Southwark,2025-02,other-theft,78
Southwark,2025-02,possession-of-weapons,11
Southwark,2025-02,public-order,49
Southwark,2025-02,robbery,28
Southwark,2025-02,shoplifting,94
Southwark,2025-02,theft-from-the-person,123
Southwark,2025-02,vehicle-crime,134
Southwark,2025-02,violence-and-sexual-offences,261
Southwark,2025-03,anti-social-behaviour,189
Southwark,2025-03,bicycle-theft,6
Southwark,2025-03,burglary,116
Southwark,2025-03,criminal-damage-arson,115
Southwark,2025-03,drugs,56
Southwark,2025-03,miscellaneous-incidents,4
Southwark,2025-03,other-theft,76
Southwark,2025-03,possession-of-weapons,14
Southwark,2025-03,public-order,42
Southwark,2025-03,robbery,27
Southwark,2025-03,shoplifting,113
Southwark,2025-03,theft-from-the-person,171
Southwark,2025-03,vehicle-crime,130
Southwark,2025-03,violence-and-sexual-offences,313
Southwark,2025-04,anti-social-behaviour,188
Southwark,2025-04,bicycle-theft,17
Southwark,2025-04,burglary,97
Southwark,2025-04,criminal-damage-arson,99
Southwark,2025-04,drugs,58
Southwark,2025-04,miscellaneous-incidents,7
Southwark,2025-04,other-theft,73
Southwark,2025-04,possession-of-weapons,13
Southwark,2025-04,public-order,38
Southwark,2025-04,robbery,28
Southwark,2025-04,shoplifting,98
Southwark,2025-04,theft-from-the-person,194
Southwark,2025-04,vehicle-crime,129
Southwark,2025-04,violence-and-sexual-offences,334
Southwark,2025-05,anti-social-behaviour,209
Southwark,2025-05,bicycle-theft,12
Southwark,2025-05,burglary,82
Southwark,2025-05,criminal-damage-arson,110
Southwark,2025-05,drugs,70
Southwark,2025-05,miscellaneous-incidents,6
Southwark,2025-05,other-theft,81
Southwark,2025-05,possession-of-weapons,7
Southwark,2025-05,public-order,27
Southwark,2025-05,robbery,31
Southwark,2025-05,shoplifting,76
Southwark,2025-05,theft-from-the-person,168
Southwark,2025-05,vehicle-crime,112
Southwark,2025-05,violence-and-sexual-offences,328
Southwark,2025-06,anti-social-behaviour,238
Southwark,2025-06,bicycle-theft,13
Southwark,2025-06,burglary,94
Southwark,2025-06,criminal-damage-arson,100
Southwark,2025-06,drugs,58
Southwark,2025-06,miscellaneous-incidents,10
Southwark,2025-06,other-theft,62
Southwark,2025-06,possession-of-weapons,13
Southwark,2025-06,public-order,41
Southwark,2025-06,robbery,29
Southwark,2025-06,shoplifting,87
Southwark,2025-06,theft-from-the-person,192
Southwark,2025-06,vehicle-crime,106
Southwark,2025-06,violence-and-sexual-offences,350
Southwark,2025-07,anti-social-behaviour,226
Southwark,2025-07,bicycle-theft,16
Southwark,2025-07,burglary,89
Southwark,2025-07,criminal-damage-arson,95
Southwark,2025-07,drugs,68
Southwark,2025-07,miscellaneous-incidents,10
Southwark,2025-07,other-theft,86
Southwark,2025-07,possession-of-weapons,12
Southwark,2025-07,public-order,48
Southwark,2025-07,robbery,20
Southwark,2025-07,shoplifting,93
Southwark,2025-07,theft-from-the-person,185
Southwark,2025-07,vehicle-crime,98
Southwark,2025-07,violence-and-sexual-offences,345
Southwark,2025-08,anti-social-behaviour,189
Southwark,2025-08,bicycle-theft,7
Southwark,2025-08,burglary,76
Southwark,2025-08,criminal-damage-arson,105
Southwark,2025-08,drugs,64
Southwark,2025-08,miscellaneous-incidents,6
Southwark,2025-08,other-theft,78
Southwark,2025-08,possession-of-weapons,15
Southwark,2025-08,public-order,50
Southwark,2025-08,robbery,29
Southwark,2025-08,shoplifting,103
Southwark,2025-08,theft-from-the-person,184
Southwark,2025-08,vehicle-crime,124
Southwark,2025-08,violence-and-sexual-offences,303
Southwark,2025-09,anti-social-behaviour,179
Southwark,2025-09,bicycle-theft,11
Southwark,2025-09,burglary,100
Southwark,2025-09,criminal-damage-arson,103
Southwark,2025-09,drugs,66
Southwark,2025-09,miscellaneous-incidents,7
Southwark,2025-09,other-theft,83
Southwark,2025-09,possession-of-weapons,9
Southwark,2025-09,public-order,33
Southwark,2025-09,robbery,21
Southwark,2025-09,shoplifting,105
Southwark,2025-09,theft-from-the-person,162
Southwark,2025-09,vehicle-crime,122
Southwark,2025-09,violence-and-sexual-offences,302
Southwark,2025-10,anti-social-behaviour,155
Southwark,2025-10,bicycle-theft,26
Southwark,2025-10,burglary,107
Southwark,2025-10,criminal-damage-arson,111
Southwark,2025-10,drugs,76
Southwark,2025-10,miscellaneous-incidents,10
Southwark,2025-10,other-theft,72
Southwark,2025-10,possession-of-weapons,15
Southwark,2025-10,public-order,33
Southwark,2025-10,robbery,32
Southwark,2025-10,shoplifting,88
Southwark,2025-10,theft-from-the-person,137
Southwark,2025-10,vehicle-crime,148
Southwark,2025-10,violence-and-sexual-offences,244
Southwark,2025-11,anti-social-behaviour,143
Southwark,2025-11,bicycle-theft,13
Southwark,2025-11,burglary,124
Southwark,2025-11,criminal-damage-arson,94
Southwark,2025-11,drugs,65
Southwark,2025-11,miscellaneous-incidents,6
Southwark,2025-11,other-theft,79
Southwark,2025-11,possession-of-weapons,9
Southwark,2025-11,public-order,46
Southwark,2025-11,robbery,19
Southwark,2025-11,shoplifting,101
Southwark,2025-11,theft-from-the-person,126
Southwark,2025-11,vehicle-crime,160
Southwark,2025-11,violence-and-sexual-offences,226
Southwark,2025-12,anti-social-behaviour,135
Southwark,2025-12,bicycle-theft,11
Southwark,2025-12,burglary,135
Southwark,2025-12,criminal-damage-arson,82
Southwark,2025-12,drugs,64
Southwark,2025-12,miscellaneous-incidents,6
Southwark,2025-12,other-theft,87
Southwark,2025-12,possession-of-weapons,17
Southwark,2025-12,public-order,44
Southwark,2025-12,robbery,25
Southwark,2025-12,shoplifting,107
Southwark,2025-12,theft-from-the-person,131
Southwark,2025-12,vehicle-crime,153
Southwark,2025-12,violence-and-sexual-offences,211
Sutton,2024-01,anti-social-behaviour,57
Sutton,2024-01,bicycle-theft,3
Sutton,2024-01,burglary,52
Sutton,2024-01,criminal-damage-arson,59
Sutton,2024-01,drugs,24
Sutton,2024-01,miscellaneous-incidents,4
Sutton,2024-01,other-theft,27
Sutton,2024-01,possession-of-weapons,5
Sutton,2024-01,public-order,22
Sutton,2024-01,robbery,14
Sutton,2024-01,shoplifting,44
Sutton,2024-01,theft-from-the-person,50
Sutton,2024-01,vehicle-crime,62
Sutton,2024-01,violence-and-sexual-offences,98
Sutton,2024-02,anti-social-behaviour,70
Sutton,2024-02,bicycle-theft,5
Sutton,2024-02,burglary,39
Sutton,2024-02,criminal-damage-arson,36
Sutton,2024-02,drugs,31
Sutton,2024-02,miscellaneous-incidents,6
Sutton,2024-02,other-theft,33
Sutton,2024-02,possession-of-weapons,8
Sutton,2024-02,public-order,15
Sutton,2024-02,robbery,10
Sutton,2024-02,shoplifting,35
Sutton,2024-02,theft-from-the-person,56
Sutton,2024-02,vehicle-crime,59
Sutton,2024-02,violence-and-sexual-offences,96
Sutton,2024-03,anti-social-behaviour,80
Sutton,2024-03,bicycle-theft,7
Sutton,2024-03,burglary,55
Sutton,2024-03,criminal-damage-arson,34
Sutton,2024-03,drugs,30
Sutton,2024-03,miscellaneous-incidents,1
Sutton,2024-03,other-theft,28
Sutton,2024-03,possession-of-weapons,7
Sutton,2024-03,public-order,13
Sutton,2024-03,robbery,12
Sutton,2024-03,shoplifting,39
Sutton,2024-03,theft-from-the-person,69
Sutton,2024-03,vehicle-crime,38
Sutton,2024-03,violence-and-sexual-offences,126
Sutton,2024-04,anti-social-behaviour,85
Sutton,2024-04,bicycle-theft,4
Sutton,2024-04,burglary,27
Sutton,2024-04,criminal-damage-arson,34
Sutton,2024-04,drugs,19
Sutton,2024-04,miscellaneous-incidents,5
Sutton,2024-04,other-theft,35
Sutton,2024-04,possession-of-weapons,5
Sutton,2024-04,public-order,14
Sutton,2024-04,robbery,13
Sutton,2024-04,shoplifting,42
Sutton,2024-04,theft-from-the-person,75
Sutton,2024-04,vehicle-crime,37
Sutton,2024-04,violence-and-sexual-offences,129
Sutton,2024-05,anti-social-behaviour,83
Sutton,2024-05,bicycle-theft,5
Sutton,2024-05,burglary,33
Sutton,2024-05,criminal-damage-arson,31
Sutton,2024-05,drugs,25
Sutton,2024-05,miscellaneous-incidents,4
Sutton,2024-05,other-theft,24
Sutton,2024-05,possession-of-weapons,4
Sutton,2024-05,public-order,19
Sutton,2024-05,robbery,11
Sutton,2024-05,shoplifting,34
Sutton,2024-05,theft-from-the-person,77
Sutton,2024-05,vehicle-crime,33
Sutton,2024-05,violence-and-sexual-offences,152
Sutton,2024-06,anti-social-behaviour,105
Sutton,2024-06,bicycle-theft,5
Sutton,2024-06,burglary,33
Sutton,2024-06,criminal-damage-arson,37
Sutton,2024-06,drugs,25
Sutton,2024-06,miscellaneous-incidents,1
Sutton,2024-06,other-theft,26
Sutton,2024-06,possession-of-weapons,6
Sutton,2024-06,public-order,13
Sutton,2024-06,robbery,18
Sutton,2024-06,shoplifting,37
Sutton,2024-06,theft-from-the-person,70
Sutton,2024-06,vehicle-crime,47
Sutton,2024-06,violence-and-sexual-offences,158
Sutton,2024-07,anti-social-behaviour,92
Sutton,2024-07,bicycle-theft,6
Sutton,2024-07,burglary,34
Sutton,2024-07,criminal-damage-arson,30
Sutton,2024-07,drugs,22
Sutton,2024-07,miscellaneous-incidents,4
Sutton,2024-07,other-theft,33
Sutton,2024-07,possession-of-weapons,9
Sutton,2024-07,public-order,17
Sutton,2024-07,robbery,10
Sutton,2024-07,shoplifting,39
Sutton,2024-07,theft-from-the-person,72
Sutton,2024-07,vehicle-crime,45
Sutton,2024-07,violence-and-sexual-offences,135
Sutton,2024-08,anti-social-behaviour,81
Sutton,2024-08,bicycle-theft,1
Sutton,2024-08,burglary,31
Sutton,2024-08,criminal-damage-arson,56
Sutton,2024-08,drugs,28
Sutton,2024-08,miscellaneous-incidents,1
Sutton,2024-08,other-theft,36
Sutton,2024-08,possession-of-weapons,2
Sutton,2024-08,public-order,18
Sutton,2024-08,robbery,6
Sutton,2024-08,shoplifting,33
Sutton,2024-08,theft-from-the-person,87
Sutton,2024-08,vehicle-crime,54
Sutton,2024-08,violence-and-sexual-offences,109
Sutton,2024-09,anti-social-behaviour,77
Sutton,2024-09,bicycle-theft,8
Sutton,2024-09,burglary,46
Sutton,2024-09,criminal-damage-arson,35
Sutton,2024-09,drugs,25
Sutton,2024-09,miscellaneous-incidents,4
Sutton,2024-09,other-theft,36
Sutton,2024-09,possession-of-weapons,4
Sutton,2024-09,public-order,19
Sutton,2024-09,robbery,13
Sutton,2024-09,shoplifting,33
Sutton,2024-09,theft-from-the-person,56
Sutton,2024-09,vehicle-crime,56
Sutton,2024-09,violence-and-sexual-offences,111
Sutton,2024-10,anti-social-behaviour,55
Sutton,2024-10,bicycle-theft,7
Sutton,2024-10,burglary,56
Sutton,2024-10,criminal-damage-arson,40
Sutton,2024-10,drugs,24
Sutton,2024-10,miscellaneous-incidents,4
Sutton,2024-10,other-theft,41
Sutton,2024-10,possession-of-weapons,1
Sutton,2024-10,public-order,18
Sutton,2024-10,robbery,10
Sutton,2024-10,shoplifting,41
Sutton,2024-10,theft-from-the-person,63
Sutton,2024-10,vehicle-crime,63
Sutton,2024-10,violence-and-sexual-offences,107
Sutton,2024-11,anti-social-behaviour,52
Sutton,2024-11,bicycle-theft,12
Sutton,2024-11,burglary,66
Sutton,2024-11,criminal-damage-arson,42
Sutton,2024-11,drugs,23
Sutton,2024-11,miscellaneous-incidents,3
Sutton,2024-11,other-theft,36
Sutton,2024-11,possession-of-weapons,4
Sutton,2024-11,public-order,14
Sutton,2024-11,robbery,9
Sutton,2024-11,shoplifting,34
Sutton,2024-11,theft-from-the-person,56
Sutton,2024-11,vehicle-crime,56
Sutton,2024-11,violence-and-sexual-offences,103
Sutton,2024-12,anti-social-behaviour,48
Sutton,2024-12,bicycle-theft,5
Sutton,2024-12,burglary,44
Sutton,2024-12,criminal-damage-arson,41
Sutton,2024-12,drugs,23
Sutton,2024-12,miscellaneous-incidents,3
Sutton,2024-12,other-theft,31
Sutton,2024-12,possession-of-weapons,7
Sutton,2024-12,public-order,13
Sutton,2024-12,robbery,14
Sutton,2024-12,shoplifting,44
Sutton,2024-12,theft-from-the-person,50
Sutton,2024-12,vehicle-crime,66
Sutton,2024-12,violence-and-sexual-offences,82
Sutton,2025-01,anti-social-behaviour,56
Sutton,2025-01,bicycle-theft,3
Sutton,2025-01,burglary,55
Sutton,2025-01,criminal-damage-arson,45
Sutton,2025-01,drugs,29
Sutton,2025-01,miscellaneous-incidents,6
Sutton,2025-01,other-theft,34
Sutton,2025-01,possession-of-weapons,5
Sutton,2025-01,public-order,17
Sutton,2025-01,robbery,15
Sutton,2025-01,shoplifting,35
Sutton,2025-01,theft-from-the-person,47
Sutton,2025-01,vehicle-crime,69
Sutton,2025-01,violence-and-sexual-offences,89
Sutton,2025-02,anti-social-behaviour,63
Sutton,2025-02,bicycle-theft,1
Sutton,2025-02,burglary,45
Sutton,2025-02,criminal-damage-arson,44
Sutton,2025-02,drugs,29
Sutton,2025-02,miscellaneous-incidents,1
Sutton,2025-02,other-theft,28
Sutton,2025-02,possession-of-weapons,7
Sutton,2025-02,public-order,20
Sutton,2025-02,robbery,12
Sutton,2025-02,shoplifting,33
Sutton,2025-02,theft-from-the-person,56
Sutton,2025-02,vehicle-crime,78
Sutton,2025-02,violence-and-sexual-offences,113
Sutton,2025-03,anti-social-behaviour,73
Sutton,2025-03,bicycle-theft,3
Sutton,2025-03,burglary,37
Sutton,2025-03,criminal-damage-arson,38
Sutton,2025-03,drugs,19
Sutton,2025-03,miscellaneous-incidents,3
Sutton,2025-03,other-theft,30
Sutton,2025-03,possession-of-weapons,7
Sutton,2025-03,public-order,17
Sutton,2025-03,robbery,12
Sutton,2025-03,shoplifting,35
Sutton,2025-03,theft-from-the-person,64
Sutton,2025-03,vehicle-crime,47
Sutton,2025-03,violence-and-sexual-offences,111
Sutton,2025-04,anti-social-behaviour,89
Sutton,2025-04,bicycle-theft,7
Sutton,2025-04,burglary,37
Sutton,2025-04,criminal-damage-arson,40
Sutton,2025-04,drugs,34
Sutton,2025-04,miscellaneous-incidents,1
Sutton,2025-04,other-theft,34
Sutton,2025-04,possession-of-weapons,5
Sutton,2025-04,public-order,13
Sutton,2025-04,robbery,13
Sutton,2025-04,shoplifting,28
Sutton,2025-04,theft-from-the-person,59
Sutton,2025-04,vehicle-crime,56
Sutton,2025-04,violence-and-sexual-offences,118
Sutton,2025-05,anti-social-behaviour,83
Sutton,2025-05,bicycle-theft,4
Sutton,2025-05,burglary,39
Sutton,2025-05,criminal-damage-arson,30
Sutton,2025-05,drugs,22
Sutton,2025-05,miscellaneous-incidents,4
Sutton,2025-05,other-theft,21
Sutton,2025-05,possession-of-weapons,4
Sutton,2025-05,public-order,18
Sutton,2025-05,robbery,14
Sutton,2025-05,shoplifting,33
Sutton,2025-05,theft-from-the-person,89
Sutton,2025-05,vehicle-crime,47
Sutton,2025-05,violence-and-sexual-offences,148
Sutton,2025-06,anti-social-behaviour,95
Sutton,2025-06,bicycle-theft,2
Sutton,2025-06,burglary,22
Sutton,2025-06,criminal-damage-arson,37
Sutton,2025-06,drugs,37
Sutton,2025-06,miscellaneous-incidents,3
Sutton,2025-06,other-theft,32
Sutton,2025-06,possession-of-weapons,6
Sutton,2025-06,public-order,17
Sutton,2025-06,robbery,10
Sutton,2025-06,shoplifting,34
Sutton,2025-06,theft-from-the-person,73
Sutton,2025-06,vehicle-crime,47
Sutton,2025-06,violence-and-sexual-offences,125
Sutton,2025-07,anti-social-behaviour,80
Sutton,2025-07,bicycle-theft,6
Sutton,2025-07,burglary,27
Sutton,2025-07,criminal-damage-arson,43
Sutton,2025-07,drugs,30
Sutton,2025-07,miscellaneous-incidents,1
Sutton,2025-07,other-theft,32
Sutton,2025-07,possession-of-weapons,2
Sutton,2025-07,public-order,11
Sutton,2025-07,robbery,12
Sutton,2025-07,shoplifting,43
Sutton,2025-07,theft-from-the-person,72
Sutton,2025-07,vehicle-crime,52
Sutton,2025-07,violence-and-sexual-offences,142
Sutton,2025-08,anti-social-behaviour,89
Sutton,2025-08,bicycle-theft,6
Sutton,2025-08,burglary,37
Sutton,2025-08,criminal-damage-arson,46
Sutton,2025-08,drugs,29
Sutton,2025-08,miscellaneous-incidents,4
Sutton,2025-08,other-theft,30
Sutton,2025-08,possession-of-weapons,4
Sutton,2025-08,public-order,19
Sutton,2025-08,robbery,10
Sutton,2025-08,shoplifting,38
Sutton,2025-08,theft-from-the-person,87
Sutton,2025-08,vehicle-crime,38
Sutton,2025-08,violence-and-sexual-offences,127
Sutton,2025-09,anti-social-behaviour,79
Sutton,2025-09,bicycle-theft,10
Sutton,2025-09,burglary,40
Sutton,2025-09,criminal-damage-arson,49
Sutton,2025-09,drugs,37
Sutton,2025-09,miscellaneous-incidents,1
Sutton,2025-09,other-theft,37
Sutton,2025-09,possession-of-weapons,5
Sutton,2025-09,public-order,17
Sutton,2025-09,robbery,5
Sutton,2025-09,shoplifting,42
Sutton,2025-09,theft-from-the-person,72
Sutton,2025-09,vehicle-crime,72
Sutton,2025-09,violence-and-sexual-offences,122
Sutton,2025-10,anti-social-behaviour,68
Sutton,2025-10,bicycle-theft,7
Sutton,2025-10,burglary,45
Sutton,2025-10,criminal-damage-arson,44
Sutton,2025-10,drugs,26
Sutton,2025-10,miscellaneous-incidents,1
Sutton,2025-10,other-theft,29
Sutton,2025-10,possession-of-weapons,1
Sutton,2025-10,public-order,11
Sutton,2025-10,robbery,10
Sutton,2025-10,shoplifting,40
Sutton,2025-10,theft-from-the-person,50
Sutton,2025-10,vehicle-crime,60
Sutton,2025-10,violence-and-sexual-offences,110
Sutton,2025-11,anti-social-behaviour,52
Sutton,2025-11,bicycle-theft,7
Sutton,2025-11,burglary,50
Sutton,2025-11,criminal-damage-arson,35
Sutton,2025-11,drugs,30
Sutton,2025-11,miscellaneous-incidents,3
Sutton,2025-11,other-theft,25
Sutton,2025-11,possession-of-weapons,8
Sutton,2025-11,public-order,17
Sutton,2025-11,robbery,7
Sutton,2025-11,shoplifting,28
Sutton,2025-11,theft-from-the-person,39
Sutton,2025-11,vehicle-crime,63
Sutton,2025-11,violence-and-sexual-offences,83
Sutton,2025-12,anti-social-behaviour,52
Sutton,2025-12,bicycle-theft,5
Sutton,2025-12,burglary,52
Sutton,2025-12,criminal-damage-arson,41
Sutton,2025-12,drugs,24
Sutton,2025-12,miscellaneous-incidents,1
Sutton,2025-12,other-theft,32
Sutton,2025-12,possession-of-weapons,4
Sutton,2025-12,public-order,15
Sutton,2025-12,robbery,8
Sutton,2025-12,shoplifting,39
Sutton,2025-12,theft-from-the-person,44
Sutton,2025-12,vehicle-crime,56
Sutton,2025-12,violence-and-sexual-offences,80
Tower Hamlets,2024-01,anti-social-behaviour,140
Tower Hamlets,2024-01,bicycle-theft,11
Tower Hamlets,2024-01,burglary,126
Tower Hamlets,2024-01,criminal-damage-arson,88
Tower Hamlets,2024-01,drugs,60
Tower Hamlets,2024-01,miscellaneous-incidents,5
Tower Hamlets,2024-01,other-theft,83
Tower Hamlets,2024-01,possession-of-weapons,13
Tower Hamlets,2024-01,public-order,44
Tower Hamlets,2024-01,robbery,16
Tower Hamlets,2024-01,shoplifting,82
Tower Hamlets,2024-01,theft-from-the-person,116
Tower Hamlets,2024-01,vehicle-crime,154
Tower Hamlets,2024-01,violence-and-sexual-offences,242
Tower Hamlets,2024-02,anti-social-behaviour,141
Tower Hamlets,2024-02,bicycle-theft,19
Tower Hamlets,2024-02,burglary,113
Tower Hamlets,2024-02,criminal-damage-arson,97
Tower Hamlets,2024-02,drugs,58
Tower Hamlets,2024-02,miscellaneous-incidents,3
Tower Hamlets,2024-02,other-theft,68
Tower Hamlets,2024-02,possession-of-weapons,12
Tower Hamlets,2024-02,public-order,44
Tower Hamlets,2024-02,robbery,23
Tower Hamlets,2024-02,shoplifting,85
Tower Hamlets,2024-02,theft-from-the-person,129
Tower Hamlets,2024-02,vehicle-crime,138
Tower Hamlets,2024-02,violence-and-sexual-offences,248
Tower Hamlets,2024-03,anti-social-behaviour,166
Tower Hamlets,2024-03,bicycle-theft,16
Tower Hamlets,2024-03,burglary,99
Tower Hamlets,2024-03,criminal-damage-arson,99
Tower Hamlets,2024-03,drugs,74
Tower Hamlets,2024-03,miscellaneous-incidents,11
Tower Hamlets,2024-03,other-theft,69
Tower Hamlets,2024-03,possession-of-weapons,9
Tower Hamlets,2024-03,public-order,41
Tower Hamlets,2024-03,robbery,23
Tower Hamlets,2024-03,shoplifting,86
Tower Hamlets,2024-03,theft-from-the-person,158
Tower Hamlets,2024-03,vehicle-crime,125
Tower Hamlets,2024-03,violence-and-sexual-offences,264
Tower Hamlets,2024-04,anti-social-behaviour,195
Tower Hamlets,2024-04,bicycle-theft,12
Tower Hamlets,2024-04,burglary,85
Tower Hamlets,2024-04,criminal-damage-arson,110
Tower Hamlets,2024-04,drugs,71
Tower Hamlets,2024-04,miscellaneous-incidents,11
Tower Hamlets,2024-04,other-theft,65
Tower Hamlets,2024-04,possession-of-weapons,18
Tower Hamlets,2024-04,public-order,37
Tower Hamlets,2024-04,robbery,27
Tower Hamlets,2024-04,shoplifting,95
Tower Hamlets,2024-04,theft-from-the-person,184
Tower Hamlets,2024-04,vehicle-crime,110
Tower Hamlets,2024-04,violence-and-sexual-offences,282
Tower Hamlets,2024-05,anti-social-behaviour,204
Tower Hamlets,2024-05,bicycle-theft,8
Tower Hamlets,2024-05,burglary,94
Tower Hamlets,2024-05,criminal-damage-arson,93
Tower Hamlets,2024-05,drugs,53
Tower Hamlets,2024-05,miscellaneous-incidents,7
Tower Hamlets,2024-05,other-theft,81
Tower Hamlets,2024-05,possession-of-weapons,11
Tower Hamlets,2024-05,public-order,36
Tower Hamlets,2024-05,robbery,19
Tower Hamlets,2024-05,shoplifting,77
Tower Hamlets,2024-05,theft-from-the-person,172
Tower Hamlets,2024-05,vehicle-crime,110
Tower Hamlets,2024-05,violence-and-sexual-offences,339
Tower Hamlets,2024-06,anti-social-behaviour,199
Tower Hamlets,2024-06,bicycle-theft,19
Tower Hamlets,2024-06,burglary,76
Tower Hamlets,2024-06,criminal-damage-arson,81
Tower Hamlets,2024-06,drugs,55
Tower Hamlets,2024-06,miscellaneous-incidents,4
Tower Hamlets,2024-06,other-theft,85
Tower Hamlets,2024-06,possession-of-weapons,10
Tower Hamlets,2024-06,public-order,42
Tower Hamlets,2024-06,robbery,34
Tower Hamlets,2024-06,shoplifting,96
Tower Hamlets,2024-06,theft-from-the-person,176
Tower Hamlets,2024-06,vehicle-crime,97
Tower Hamlets,2024-06,violence-and-sexual-offences,332
Tower Hamlets,2024-07,anti-social-behaviour,203
Tower Hamlets,2024-07,bicycle-theft,16
Tower Hamlets,2024-07,burglary,78
Tower Hamlets,2024-07,criminal-damage-arson,90
Tower Hamlets,2024-07,drugs,56
Tower Hamlets,2024-07,miscellaneous-incidents,10
Tower Hamlets,2024-07,other-theft,76
Tower Hamlets,2024-07,possession-of-weapons,13
Tower Hamlets,2024-07,public-order,43
Tower Hamlets,2024-07,robbery,19
Tower Hamlets,2024-07,shoplifting,91
Tower Hamlets,2024-07,theft-from-the-person,183
Tower Hamlets,2024-07,vehicle-crime,121
Tower Hamlets,2024-07,violence-and-sexual-offences,353
Tower Hamlets,2024-08,anti-social-behaviour,187
Tower Hamlets,2024-08,bicycle-theft,10
Tower Hamlets,2024-08,burglary,83
Tower Hamlets,2024-08,criminal-damage-arson,107
Tower Hamlets,2024-08,drugs,67
Tower Hamlets,2024-08,miscellaneous-incidents,3
Tower Hamlets,2024-08,other-theft,76
Tower Hamlets,2024-08,possession-of-weapons,11
Tower Hamlets,2024-08,public-order,44
Tower Hamlets,2024-08,robbery,26
Tower Hamlets,2024-08,shoplifting,78
Tower Hamlets,2024-08,theft-from-the-person,161
Tower Hamlets,2024-08,vehicle-crime,109
Tower Hamlets,2024-08,violence-and-sexual-offences,338
Tower Hamlets,2024-09,anti-social-behaviour,173
Tower Hamlets,2024-09,bicycle-theft,14
Tower Hamlets,2024-09,burglary,108
Tower Hamlets,2024-09,criminal-damage-arson,88
Tower Hamlets,2024-09,drugs,50
Tower Hamlets,2024-09,miscellaneous-incidents,7
Tower Hamlets,2024-09,other-theft,64
Tower Hamlets,2024-09,possession-of-weapons,17
Tower Hamlets,2024-09,public-order,41
Tower Hamlets,2024-09,robbery,22
Tower Hamlets,2024-09,shoplifting,98
Tower Hamlets,2024-09,theft-from-the-person,152
Tower Hamlets,2024-09,vehicle-crime,121
Tower Hamlets,2024-09,violence-and-sexual-offences,282
Tower Hamlets,2024-10,anti-social-behaviour,173
Tower Hamlets,2024-10,bicycle-theft,12
Tower Hamlets,2024-10,burglary,123
Tower Hamlets,2024-10,criminal-damage-arson,88
Tower Hamlets,2024-10,drugs,61
Tower Hamlets,2024-10,miscellaneous-incidents,5
Tower Hamlets,2024-10,other-theft,89
Tower Hamlets,2024-10,possession-of-weapons,10
Tower Hamlets,2024-10,public-order,45
Tower Hamlets,2024-10,robbery,20
Tower Hamlets,2024-10,shoplifting,82
Tower Hamlets,2024-10,theft-from-the-person,115
Tower Hamlets,2024-10,vehicle-crime,127
Tower Hamlets,2024-10,violence-and-sexual-offences,262
Tower Hamlets,2024-11,anti-social-behaviour,160
Tower Hamlets,2024-11,bicycle-theft,8
Tower Hamlets,2024-11,burglary,99
Tower Hamlets,2024-11,criminal-damage-arson,101
Tower Hamlets,2024-11,drugs,63
Tower Hamlets,2024-11,miscellaneous-incidents,5
Tower Hamlets,2024-11,other-theft,62
Tower Hamlets,2024-11,possession-of-weapons,13
Tower Hamlets,2024-11,public-order,42
Tower Hamlets,2024-11,robbery,19
Tower Hamlets,2024-11,shoplifting,101
Tower Hamlets,2024-11,theft-from-the-person,118
Tower Hamlets,2024-11,vehicle-crime,143
Tower Hamlets,2024-11,violence-and-sexual-offences,232
Tower Hamlets,2024-12,anti-social-behaviour,139
Tower Hamlets,2024-12,bicycle-theft,14
Tower Hamlets,2024-12,burglary,124
Tower Hamlets,2024-12,criminal-damage-arson,90
Tower Hamlets,2024-12,drugs,61
Tower Hamlets,2024-12,miscellaneous-incidents,14
Tower Hamlets,2024-12,other-theft,67
Tower Hamlets,2024-12,possession-of-weapons,8
Tower Hamlets,2024-12,public-order,40
Tower Hamlets,2024-12,robbery,33
Tower Hamlets,2024-12,shoplifting,102
Tower Hamlets,2024-12,theft-from-the-person,111
Tower Hamlets,2024-12,vehicle-crime,139
Tower Hamlets,2024-12,violence-and-sexual-offences,218
Tower Hamlets,2025-01,anti-social-behaviour,138
Tower Hamlets,2025-01,bicycle-theft,13
Tower Hamlets,2025-01,burglary,100
Tower Hamlets,2025-01,criminal-damage-arson,117
Tower Hamlets,2025-01,drugs,59
Tower Hamlets,2025-01,miscellaneous-incidents,9
Tower Hamlets,2025-01,other-theft,77
Tower Hamlets,2025-01,possession-of-weapons,17
Tower Hamlets,2025-01,public-order,39
Tower Hamlets,2025-01,robbery,28
Tower Hamlets,2025-01,shoplifting,88
Tower Hamlets,2025-01,theft-from-the-person,126
Tower Hamlets,2025-01,vehicle-crime,143
Tower Hamlets,2025-01,violence-and-sexual-offences,218
Tower Hamlets,2025-02,anti-social-behaviour,152
Tower Hamlets,2025-02,bicycle-theft,15
Tower Hamlets,2025-02,burglary,100
Tower Hamlets,2025-02,criminal-damage-arson,85
Tower Hamlets,2025-02,drugs,75
Tower Hamlets,2025-02,miscellaneous-incidents,5
Tower Hamlets,2025-02,other-theft,72
Tower Hamlets,2025-02,possession-of-weapons,12
Tower Hamlets,2025-02,public-order,38
Tower Hamlets,2025-02,robbery,25
Tower Hamlets,2025-02,shoplifting,79
Tower Hamlets,2025-02,theft-from-the-person,126
Tower Hamlets,2025-02,vehicle-crime,154
Tower Hamlets,2025-02,violence-and-sexual-offences,211
Tower Hamlets,2025-03,anti-social-behaviour,185
Tower Hamlets,2025-03,bicycle-theft,18
Tower Hamlets,2025-03,burglary,96
Tower Hamlets,2025-03,criminal-damage-arson,68
Tower Hamlets,2025-03,drugs,52
Tower Hamlets,2025-03,miscellaneous-incidents,5
Tower Hamlets,2025-03,other-theft,77
Tower Hamlets,2025-03,possession-of-weapons,7
Tower Hamlets,2025-03,public-order,42
Tower Hamlets,2025-03,robbery,29
Tower Hamlets,2025-03,shoplifting,109
Tower Hamlets,2025-03,theft-from-the-person,134
Tower Hamlets,2025-03,vehicle-crime,133
Tower Hamlets,2025-03,violence-and-sexual-offences,294
Tower Hamlets,2025-04,anti-social-behaviour,225
Tower Hamlets,2025-04,bicycle-theft,13
Tower Hamlets,2025-04,burglary,104
Tower Hamlets,2025-04,criminal-damage-arson,106
Tower Hamlets,2025-04,drugs,71
Tower Hamlets,2025-04,miscellaneous-incidents,4
Tower Hamlets,2025-04,other-theft,71
Tower Hamlets,2025-04,possession-of-weapons,16
Tower Hamlets,2025-04,public-order,36
Tower Hamlets,2025-04,robbery,24
Tower Hamlets,2025-04,shoplifting,101
Tower Hamlets,2025-04,theft-from-the-person,157
Tower Hamlets,2025-04,vehicle-crime,125
Tower Hamlets,2025-04,violence-and-sexual-offences,317
Tower Hamlets,2025-05,anti-social-behaviour,216
Tower Hamlets,2025-05,bicycle-theft,15
Tower Hamlets,2025-05,burglary,75
Tower Hamlets,2025-05,criminal-damage-arson,105
Tower Hamlets,2025-05,drugs,61
Tower Hamlets,2025-05,miscellaneous-incidents,7
Tower Hamlets,2025-05,other-theft,69
Tower Hamlets,2025-05,possession-of-weapons,13
Tower Hamlets,2025-05,public-order,50
Tower Hamlets,2025-05,robbery,26
Tower Hamlets,2025-05,shoplifting,83
Tower Hamlets,2025-05,theft-from-the-person,178
Tower Hamlets,2025-05,vehicle-crime,113
Tower Hamlets,2025-05,violence-and-sexual-offences,329
Tower Hamlets,2025-06,anti-social-behaviour,222
Tower Hamlets,2025-06,bicycle-theft,12
Tower Hamlets,2025-06,burglary,102
Tower Hamlets,2025-06,criminal-damage-arson,104
Tower Hamlets,2025-06,drugs,58
Tower Hamlets,2025-06,miscellaneous-incidents,1
Tower Hamlets,2025-06,other-theft,73
Tower Hamlets,2025-06,possession-of-weapons,14
Tower Hamlets,2025-06,public-order,31
Tower Hamlets,2025-06,robbery,20
Tower Hamlets,2025-06,shoplifting,103
Tower Hamlets,2025-06,theft-from-the-person,184
Tower Hamlets,2025-06,vehicle-crime,101
Tower Hamlets,2025-06,violence-and-sexual-offences,359
Tower Hamlets,2025-07,anti-social-behaviour,249
Tower Hamlets,2025-07,bicycle-theft,10
Tower Hamlets,2025-07,burglary,81
Tower Hamlets,2025-07,criminal-damage-arson,93
Tower Hamlets,2025-07,drugs,56
Tower Hamlets,2025-07,miscellaneous-incidents,4
Tower Hamlets,2025-07,other-theft,69
Tower Hamlets,2025-07,possession-of-weapons,9
Tower Hamlets,2025-07,public-order,43
Tower Hamlets,2025-07,robbery,24
Tower Hamlets,2025-07,shoplifting,87
Tower Hamlets,2025-07,theft-from-the-person,181
Tower Hamlets,2025-07,vehicle-crime,103
Tower Hamlets,2025-07,violence-and-sexual-offences,322
Tower Hamlets,2025-08,anti-social-behaviour,193
Tower Hamlets,2025-08,bicycle-theft,7
Tower Hamlets,2025-08,burglary,84
Tower Hamlets,2025-08,criminal-damage-arson,91
Tower Hamlets,2025-08,drugs,62
Tower Hamlets,2025-08,miscellaneous-incidents,4
Tower Hamlets,2025-08,other-theft,63
Tower Hamlets,2025-08,possession-of-weapons,12
Tower Hamlets,2025-08,public-order,40
Tower Hamlets,2025-08,robbery,21
Tower Hamlets,2025-08,shoplifting,94
Tower Hamlets,2025-08,theft-from-the-person,153
Tower Hamlets,2025-08,vehicle-crime,111
Tower Hamlets,2025-08,violence-and-sexual-offences,298
Tower Hamlets,2025-09,anti-social-behaviour,169
Tower Hamlets,2025-09,bicycle-theft,11
Tower Hamlets,2025-09,burglary,104
Tower Hamlets,2025-09,criminal-damage-arson,111
Tower Hamlets,2025-09,drugs,67
Tower Hamlets,2025-09,miscellaneous-incidents,5
Tower Hamlets,2025-09,other-theft,80
Tower Hamlets,2025-09,possession-of-weapons,12
Tower Hamlets,2025-09,public-order,34
Tower Hamlets,2025-09,robbery,25
Tower Hamlets,2025-09,shoplifting,95
Tower Hamlets,2025-09,theft-from-the-person,147
Tower Hamlets,2025-09,vehicle-crime,126
Tower Hamlets,2025-09,violence-and-sexual-offences,289
Tower Hamlets,2025-10,anti-social-behaviour,164
Tower Hamlets,2025-10,bicycle-theft,8
Tower Hamlets,2025-10,burglary,98
Tower Hamlets,2025-10,criminal-damage-arson,113
Tower Hamlets,2025-10,drugs,75
Tower Hamlets,2025-10,miscellaneous-incidents,11
Tower Hamlets,2025-10,other-theft,77
Tower Hamlets,2025-10,possession-of-weapons,11
Tower Hamlets,2025-10,public-order,42
Tower Hamlets,2025-10,robbery,21
Tower Hamlets,2025-10,shoplifting,78
Tower Hamlets,2025-10,theft-from-the-person,120
Tower Hamlets,2025-10,vehicle-crime,129
Tower Hamlets,2025-10,violence-and-sexual-offences,229
Tower Hamlets,2025-11,anti-social-behaviour,125
Tower Hamlets,2025-11,bicycle-theft,8
Tower Hamlets,2025-11,burglary,109
Tower Hamlets,2025-11,criminal-damage-arson,104
Tower Hamlets,2025-11,drugs,62
Tower Hamlets,2025-11,miscellaneous-incidents,9
Tower Hamlets,2025-11,other-theft,74
Tower Hamlets,2025-11,possession-of-weapons,11
Tower Hamlets,2025-11,public-order,29
Tower Hamlets,2025-11,robbery,30
Tower Hamlets,2025-11,shoplifting,81
Tower Hamlets,2025-11,theft-from-the-person,120
Tower Hamlets,2025-11,vehicle-crime,165
Tower Hamlets,2025-11,violence-and-sexual-offences,204
Tower Hamlets,2025-12,anti-social-behaviour,120
Tower Hamlets,2025-12,bicycle-theft,18
Tower Hamlets,2025-12,burglary,108
Tower Hamlets,2025-12,criminal-damage-arson,95
Tower Hamlets,2025-12,drugs,49
Tower Hamlets,2025-12,miscellaneous-incidents,6
Tower Hamlets,2025-12,other-theft,69
Tower Hamlets,2025-12,possession-of-weapons,16
Tower Hamlets,2025-12,public-order,51
Tower Hamlets,2025-12,robbery,25
Tower Hamlets,2025-12,shoplifting,72
Tower Hamlets,2025-12,theft-from-the-person,107
Tower Hamlets,2025-12,vehicle-crime,143
Tower Hamlets,2025-12,violence-and-sexual-offences,200
Waltham Forest,2024-01,anti-social-behaviour,107
Waltham Forest,2024-01,bicycle-theft,8
Waltham Forest,2024-01,burglary,89
Waltham Forest,2024-01,criminal-damage-arson,82
Waltham Forest,2024-01,drugs,49
Waltham Forest,2024-01,miscellaneous-incidents,6
Waltham Forest,2024-01,other-theft,62
Waltham Forest,2024-01,possession-of-weapons,10
Waltham Forest,2024-01,public-order,37
Waltham Forest,2024-01,robbery,20
Waltham Forest,2024-01,shoplifting,63
Waltham Forest,2024-01,theft-from-the-person,86
Waltham Forest,2024-01,vehicle-crime,110
Waltham Forest,2024-01,violence-and-sexual-offences,142
Waltham Forest,2024-02,anti-social-behaviour,117
Waltham Forest,2024-02,bicycle-theft,6
Waltham Forest,2024-02,burglary,88
Waltham Forest,2024-02,criminal-damage-arson,65
Waltham Forest,2024-02,drugs,54
Waltham Forest,2024-02,miscellaneous-incidents,3
Waltham Forest,2024-02,other-theft,58
Waltham Forest,2024-02,possession-of-weapons,7
Waltham Forest,2024-02,public-order,31
Waltham Forest,2024-02,robbery,20
Waltham Forest,2024-02,shoplifting,64
Waltham Forest,2024-02,theft-from-the-person,104
Waltham Forest,2024-02,vehicle-crime,103
Waltham Forest,2024-02,violence-and-sexual-offences,163
Waltham Forest,2024-03,anti-social-behaviour,126
Waltham Forest,2024-03,bicycle-theft,7
Waltham Forest,2024-03,burglary,78
Waltham Forest,2024-03,criminal-damage-arson,79
Waltham Forest,2024-03,drugs,52
Waltham Forest,2024-03,miscellaneous-incidents,5
Waltham Forest,2024-03,other-theft,50
Waltham Forest,2024-03,possession-of-weapons,6
Waltham Forest,2024-03,public-order,37
Waltham Forest,2024-03,robbery,17
Waltham Forest,2024-03,shoplifting,65
Waltham Forest,2024-03,theft-from-the-person,109
Waltham Forest,2024-03,vehicle-crime,91
Waltham Forest,2024-03,violence-and-sexual-offences,182
Waltham Forest,2024-04,anti-social-behaviour,142
Waltham Forest,2024-04,bicycle-theft,3
Waltham Forest,2024-04,burglary,71
Waltham Forest,2024-04,criminal-damage-arson,72
Waltham Forest,2024-04,drugs,43
Waltham Forest,2024-04,miscellaneous-incidents,6
Waltham Forest,2024-04,other-theft,63
Waltham Forest,2024-04,possession-of-weapons,6
Waltham Forest,2024-04,public-order,28
Waltham Forest,2024-04,robbery,17
Waltham Forest,2024-04,shoplifting,55
Waltham Forest,2024-04,theft-from-the-person,126
Waltham Forest,2024-04,vehicle-crime,93
Waltham Forest,2024-04,violence-and-sexual-offences,217
Waltham Forest,2024-05,anti-social-behaviour,162
Waltham Forest,2024-05,bicycle-theft,10
Waltham Forest,2024-05,burglary,53
Waltham Forest,2024-05,criminal-damage-arson,72
Waltham Forest,2024-05,drugs,39
Waltham Forest,2024-05,miscellaneous-incidents,8
Waltham Forest,2024-05,other-theft,64
Waltham Forest,2024-05,possession-of-weapons,12
Waltham Forest,2024-05,public-order,23
Waltham Forest,2024-05,robbery,22
Waltham Forest,2024-05,shoplifting,71
Waltham Forest,2024-05,theft-from-the-person,147
Waltham Forest,2024-05,vehicle-crime,83
Waltham Forest,2024-05,violence-and-sexual-offences,236
Waltham Forest,2024-06,anti-social-behaviour,175
Waltham Forest,2024-06,bicycle-theft,5
Waltham Forest,2024-06,burglary,57
Waltham Forest,2024-06,criminal-damage-arson,64
Waltham Forest,2024-06,drugs,46
Waltham Forest,2024-06,miscellaneous-incidents,4
Waltham Forest,2024-06,other-theft,54
Waltham Forest,2024-06,possession-of-weapons,6
Waltham Forest,2024-06,public-order,21
Waltham Forest,2024-06,robbery,16
Waltham Forest,2024-06,shoplifting,51
Waltham Forest,2024-06,theft-from-the-person,145
Waltham Forest,2024-06,vehicle-crime,75
Waltham Forest,2024-06,violence-and-sexual-offences,246
Waltham Forest,2024-07,anti-social-behaviour,170
Waltham Forest,2024-07,bicycle-theft,5
Waltham Forest,2024-07,burglary,52
Waltham Forest,2024-07,criminal-damage-arson,82
Waltham Forest,2024-07,drugs,45
Waltham Forest,2024-07,miscellaneous-incidents,4
Waltham Forest,2024-07,other-theft,64
Waltham Forest,2024-07,possession-of-weapons,11
Waltham Forest,2024-07,public-order,24
Waltham Forest,2024-07,robbery,22
Waltham Forest,2024-07,shoplifting,63
Waltham Forest,2024-07,theft-from-the-person,127
Waltham Forest,2024-07,vehicle-crime,71
Waltham Forest,2024-07,violence-and-sexual-offences,236
Waltham Forest,2024-08,anti-social-behaviour,155
Waltham Forest,2024-08,bicycle-theft,11
Waltham Forest,2024-08,burglary,62
Waltham Forest,2024-08,criminal-damage-arson,74
Waltham Forest,2024-08,drugs,52
Waltham Forest,2024-08,miscellaneous-incidents,2
Waltham Forest,2024-08,other-theft,43
Waltham Forest,2024-08,possession-of-weapons,6
Waltham Forest,2024-08,public-order,19
Waltham Forest,2024-08,robbery,14
Waltham Forest,2024-08,shoplifting,59
Waltham Forest,2024-08,theft-from-the-person,126
Waltham Forest,2024-08,vehicle-crime,95
Waltham Forest,2024-08,violence-and-sexual-offences,232
Waltham Forest,2024-09,anti-social-behaviour,113
Waltham Forest,2024-09,bicycle-theft,6
Waltham Forest,2024-09,burglary,93
Waltham Forest,2024-09,criminal-damage-arson,84
Waltham Forest,2024-09,drugs,57
Waltham Forest,2024-09,miscellaneous-incidents,4
Waltham Forest,2024-09,other-theft,56
Waltham Forest,2024-09,possession-of-weapons,8
Waltham Forest,2024-09,public-order,25
Waltham Forest,2024-09,robbery,13
Waltham Forest,2024-09,shoplifting,61
Waltham Forest,2024-09,theft-from-the-person,111
Waltham Forest,2024-09,vehicle-crime,73
Waltham Forest,2024-09,violence-and-sexual-offences,178
Waltham Forest,2024-10,anti-social-behaviour,115
Waltham Forest,2024-10,bicycle-theft,12
Waltham Forest,2024-10,burglary,79
Waltham Forest,2024-10,criminal-damage-arson,65
Waltham Forest,2024-10,drugs,44
Waltham Forest,2024-10,miscellaneous-incidents,4
Waltham Forest,2024-10,other-theft,57
Waltham Forest,2024-10,possession-of-weapons,11
Waltham Forest,2024-10,public-order,21
Waltham Forest,2024-10,robbery,23
Waltham Forest,2024-10,shoplifting,58
Waltham Forest,2024-10,theft-from-the-person,84
Waltham Forest,2024-10,vehicle-crime,87
Waltham Forest,2024-10,violence-and-sexual-offences,171
Waltham Forest,2024-11,anti-social-behaviour,107
Waltham Forest,2024-11,bicycle-theft,6
Waltham Forest,2024-11,burglary,84
Waltham Forest,2024-11,criminal-damage-arson,52
Waltham Forest,2024-11,drugs,33
Waltham Forest,2024-11,miscellaneous-incidents,5
Waltham Forest,2024-11,other-theft,59
Waltham Forest,2024-11,possession-of-weapons,12
Waltham Forest,2024-11,public-order,25
Waltham Forest,2024-11,robbery,13
Waltham Forest,2024-11,shoplifting,65
Waltham Forest,2024-11,theft-from-the-person,83
Waltham Forest,2024-11,vehicle-crime,100
Waltham Forest,2024-11,violence-and-sexual-offences,151
Waltham Forest,2024-12,anti-social-behaviour,109
Waltham Forest,2024-12,bicycle-theft,8
Waltham Forest,2024-12,burglary,89
Waltham Forest,2024-12,criminal-damage-arson,64
Waltham Forest,2024-12,drugs,53
Waltham Forest,2024-12,miscellaneous-incidents,6
Waltham Forest,2024-12,other-theft,48
Waltham Forest,2024-12,possession-of-weapons,6
Waltham Forest,2024-12,public-order,35
Waltham Forest,2024-12,robbery,13
Waltham Forest,2024-12,shoplifting,68
Waltham Forest,2024-12,theft-from-the-person,70
Waltham Forest,2024-12,vehicle-crime,108
Waltham Forest,2024-12,violence-and-sexual-offences,155
Waltham Forest,2025-01,anti-social-behaviour,109
Waltham Forest,2025-01,bicycle-theft,9
Waltham Forest,2025-01,burglary,75
Waltham Forest,2025-01,criminal-damage-arson,69
Waltham Forest,2025-01,drugs,61
Waltham Forest,2025-01,miscellaneous-incidents,5
Waltham Forest,2025-01,other-theft,58
Waltham Forest,2025-01,possession-of-weapons,9
Waltham Forest,2025-01,public-order,29
Waltham Forest,2025-01,robbery,18
Waltham Forest,2025-01,shoplifting,54
Waltham Forest,2025-01,theft-from-the-person,85
Waltham Forest,2025-01,vehicle-crime,126
Waltham Forest,2025-01,violence-and-sexual-offences,145
Waltham Forest,2025-02,anti-social-behaviour,107
Waltham Forest,2025-02,bicycle-theft,11
Waltham Forest,2025-02,burglary,99
Waltham Forest,2025-02,criminal-damage-arson,63
Waltham Forest,2025-02,drugs,48
Waltham Forest,2025-02,miscellaneous-incidents,6
Waltham Forest,2025-02,other-theft,54
Waltham Forest,2025-02,possession-of-weapons,7
Waltham Forest,2025-02,public-order,35
Waltham Forest,2025-02,robbery,22
Waltham Forest,2025-02,shoplifting,71
Waltham Forest,2025-02,theft-from-the-person,88
Waltham Forest,2025-02,vehicle-crime,79
Waltham Forest,2025-02,violence-and-sexual-offences,176
Waltham Forest,2025-03,anti-social-behaviour,121
Waltham Forest,2025-03,bicycle-theft,11
Waltham Forest,2025-03,burglary,70
Waltham Forest,2025-03,criminal-damage-arson,73
Waltham Forest,2025-03,drugs,41
Waltham Forest,2025-03,miscellaneous-incidents,2
Waltham Forest,2025-03,other-theft,45
Waltham Forest,2025-03,possession-of-weapons,9
Waltham Forest,2025-03,public-order,33
Waltham Forest,2025-03,robbery,28
Waltham Forest,2025-03,shoplifting,67
Waltham Forest,2025-03,theft-from-the-person,112
Waltham Forest,2025-03,vehicle-crime,89
Waltham Forest,2025-03,violence-and-sexual-offences,188
Waltham Forest,2025-04,anti-social-behaviour,138
Waltham Forest,2025-04,bicycle-theft,10
Waltham Forest,2025-04,burglary,64
Waltham Forest,2025-04,criminal-damage-arson,69
Waltham Forest,2025-04,drugs,49
Waltham Forest,2025-04,miscellaneous-incidents,3
Waltham Forest,2025-04,other-theft,46
Waltham Forest,2025-04,possession-of-weapons,10
Waltham Forest,2025-04,public-order,30
Waltham Forest,2025-04,robbery,15
Waltham Forest,2025-04,shoplifting,73
Waltham Forest,2025-04,theft-from-the-person,140
Waltham Forest,2025-04,vehicle-crime,100
Waltham Forest,2025-04,violence-and-sexual-offences,238
Waltham Forest,2025-05,anti-social-behaviour,145
Waltham Forest,2025-05,bicycle-theft,7
Waltham Forest,2025-05,burglary,59
Waltham Forest,2025-05,criminal-damage-arson,63
Waltham Forest,2025-05,drugs,59
Waltham Forest,2025-05,miscellaneous-incidents,5
Waltham Forest,2025-05,other-theft,63
Waltham Forest,2025-05,possession-of-weapons,4
Waltham Forest,2025-05,public-order,19
Waltham Forest,2025-05,robbery,20
Waltham Forest,2025-05,shoplifting,52
Waltham Forest,2025-05,theft-from-the-person,138
Waltham Forest,2025-05,vehicle-crime,63
Waltham Forest,2025-05,violence-and-sexual-offences,223
Waltham Forest,2025-06,anti-social-behaviour,153
Waltham Forest,2025-06,bicycle-theft,11
Waltham Forest,2025-06,burglary,58
Waltham Forest,2025-06,criminal-damage-arson,70
Waltham Forest,2025-06,drugs,62
Waltham Forest,2025-06,miscellaneous-incidents,3
Waltham Forest,2025-06,other-theft,59
Waltham Forest,2025-06,possession-of-weapons,15
Waltham Forest,2025-06,public-order,14
Waltham Forest,2025-06,robbery,18
Waltham Forest,2025-06,shoplifting,54
Waltham Forest,2025-06,theft-from-the-person,144
Waltham Forest,2025-06,vehicle-crime,61
Waltham Forest,2025-06,violence-and-sexual-offences,232
Waltham Forest,2025-07,anti-social-behaviour,150
Waltham Forest,2025-07,bicycle-theft,9
Waltham Forest,2025-07,burglary,71
Waltham Forest,2025-07,criminal-damage-arson,77
Waltham Forest,2025-07,drugs,44
Waltham Forest,2025-07,miscellaneous-incidents,9
Waltham Forest,2025-07,other-theft,57
Waltham Forest,2025-07,possession-of-weapons,4
Waltham Forest,2025-07,public-order,30
Waltham Forest,2025-07,robbery,29
Waltham Forest,2025-07,shoplifting,64
Waltham Forest,2025-07,theft-from-the-person,154
Waltham Forest,2025-07,vehicle-crime,58
Waltham Forest,2025-07,violence-and-sexual-offences,225
Waltham Forest,2025-08,anti-social-behaviour,133
Waltham Forest,2025-08,bicycle-theft,7
Waltham Forest,2025-08,burglary,58
Waltham Forest,2025-08,criminal-damage-arson,57
Waltham Forest,2025-08,drugs,42
Waltham Forest,2025-08,miscellaneous-incidents,5
Waltham Forest,2025-08,other-theft,49
Waltham Forest,2025-08,possession-of-weapons,13
Waltham Forest,2025-08,public-order,19
Waltham Forest,2025-08,robbery,19
Waltham Forest,2025-08,shoplifting,63
Waltham Forest,2025-08,theft-from-the-person,122
Waltham Forest,2025-08,vehicle-crime,103
Waltham Forest,2025-08,violence-and-sexual-offences,224
Waltham Forest,2025-09,anti-social-behaviour,151
Waltham Forest,2025-09,bicycle-theft,5
Waltham Forest,2025-09,burglary,76
Waltham Forest,2025-09,criminal-damage-arson,84
Waltham Forest,2025-09,drugs,36
Waltham Forest,2025-09,miscellaneous-incidents,6
Waltham Forest,2025-09,other-theft,59
Waltham Forest,2025-09,possession-of-weapons,8
Waltham Forest,2025-09,public-order,32
Waltham Forest,2025-09,robbery,20
Waltham Forest,2025-09,shoplifting,71
Waltham Forest,2025-09,theft-from-the-person,94
Waltham Forest,2025-09,vehicle-crime,88
Waltham Forest,2025-09,violence-and-sexual-offences,191
Waltham Forest,2025-10,anti-social-behaviour,108
Waltham Forest,2025-10,bicycle-theft,11
Waltham Forest,2025-10,burglary,66
Waltham Forest,2025-10,criminal-damage-arson,69
Waltham Forest,2025-10,drugs,45
Waltham Forest,2025-10,miscellaneous-incidents,2
Waltham Forest,2025-10,other-theft,55
Waltham Forest,2025-10,possession-of-weapons,9
Waltham Forest,2025-10,public-order,19
Waltham Forest,2025-10,robbery,20
Waltham Forest,2025-10,shoplifting,64
Waltham Forest,2025-10,theft-from-the-person,86
Waltham Forest,2025-10,vehicle-crime,97
Waltham Forest,2025-10,violence-and-sexual-offences,180
Waltham Forest,2025-11,anti-social-behaviour,93
Waltham Forest,2025-11,bicycle-theft,12
Waltham Forest,2025-11,burglary,82
Waltham Forest,2025-11,criminal-damage-arson,73
Waltham Forest,2025-11,drugs,44
Waltham Forest,2025-11,miscellaneous-incidents,1
Waltham Forest,2025-11,other-theft,46
Waltham Forest,2025-11,possession-of-weapons,11
Waltham Forest,2025-11,public-order,31
Waltham Forest,2025-11,robbery,25
Waltham Forest,2025-11,shoplifting,60
Waltham Forest,2025-11,theft-from-the-person,76
Waltham Forest,2025-11,vehicle-crime,100
Waltham Forest,2025-11,violence-and-sexual-offences,159
Waltham Forest,2025-12,anti-social-behaviour,101
Waltham Forest,2025-12,bicycle-theft,8
Waltham Forest,2025-12,burglary,93
Waltham Forest,2025-12,criminal-damage-arson,93
Waltham Forest,2025-12,drugs,54
Waltham Forest,2025-12,miscellaneous-incidents,4
Waltham Forest,2025-12,other-theft,50
Waltham Forest,2025-12,possession-of-weapons,10
Waltham Forest,2025-12,public-order,23
Waltham Forest,2025-12,robbery,19
Waltham Forest,2025-12,shoplifting,62
Waltham Forest,2025-12,theft-from-the-person,79
Waltham Forest,2025-12,vehicle-crime,104
Waltham Forest,2025-12,violence-and-sexual-offences,161
Wandsworth,2024-01,anti-social-behaviour,79
Wandsworth,2024-01,bicycle-theft,5
Wandsworth,2024-01,burglary,81
Wandsworth,2024-01,criminal-damage-arson,75
Wandsworth,2024-01,drugs,45
Wandsworth,2024-01,miscellaneous-incidents,4
Wandsworth,2024-01,other-theft,50
Wandsworth,2024-01,possession-of-weapons,8
Wandsworth,2024-01,public-order,19
Wandsworth,2024-01,robbery,13
Wandsworth,2024-01,shoplifting,51
Wandsworth,2024-01,theft-from-the-person,79
Wandsworth,2024-01,vehicle-crime,106
Wandsworth,2024-01,violence-and-sexual-offences,131
Wandsworth,2024-02,anti-social-behaviour,106
Wandsworth,2024-02,bicycle-theft,11
Wandsworth,2024-02,burglary,74
Wandsworth,2024-02,criminal-damage-arson,71
Wandsworth,2024-02,drugs,35
Wandsworth,2024-02,miscellaneous-incidents,6
Wandsworth,2024-02,other-theft,38
Wandsworth,2024-02,possession-of-weapons,9
Wandsworth,2024-02,public-order,25
Wandsworth,2024-02,robbery,15
Wandsworth,2024-02,shoplifting,65
Wandsworth,2024-02,theft-from-the-person,100
Wandsworth,2024-02,vehicle-crime,86
Wandsworth,2024-02,violence-and-sexual-offences,160
Wandsworth,2024-03,anti-social-behaviour,128
Wandsworth,2024-03,bicycle-theft,9
Wandsworth,2024-03,burglary,62
Wandsworth,2024-03,criminal-damage-arson,51
Wandsworth,2024-03,drugs,51
Wandsworth,2024-03,miscellaneous-incidents,4
Wandsworth,2024-03,other-theft,51
Wandsworth,2024-03,possession-of-weapons,7
Wandsworth,2024-03,public-order,26
Wandsworth,2024-03,robbery,12
Wandsworth,2024-03,shoplifting,51
Wandsworth,2024-03,theft-from-the-person,105
Wandsworth,2024-03,vehicle-crime,74
Wandsworth,2024-03,violence-and-sexual-offences,163
Wandsworth,2024-04,anti-social-behaviour,143
Wandsworth,2024-04,bicycle-theft,3
Wandsworth,2024-04,burglary,50
Wandsworth,2024-04,criminal-damage-arson,62
Wandsworth,2024-04,drugs,42
Wandsworth,2024-04,miscellaneous-incidents,9
Wandsworth,2024-04,other-theft,70
Wandsworth,2024-04,possession-of-weapons,2
Wandsworth,2024-04,public-order,27
Wandsworth,2024-04,robbery,21
Wandsworth,2024-04,shoplifting,54
Wandsworth,2024-04,theft-from-the-person,103
Wandsworth,2024-04,vehicle-crime,84
Wandsworth,2024-04,violence-and-sexual-offences,221
Wandsworth,2024-05,anti-social-behaviour,134
Wandsworth,2024-05,bicycle-theft,14
Wandsworth,2024-05,burglary,55
Wandsworth,2024-05,criminal-damage-arson,74
Wandsworth,2024-05,drugs,37
Wandsworth,2024-05,miscellaneous-incidents,4
Wandsworth,2024-05,other-theft,49
Wandsworth,2024-05,possession-of-weapons,7
Wandsworth,2024-05,public-order,28
Wandsworth,2024-05,robbery,20
Wandsworth,2024-05,shoplifting,60
Wandsworth,2024-05,theft-from-the-person,117
Wandsworth,2024-05,vehicle-crime,85
Wandsworth,2024-05,violence-and-sexual-offences,247
Wandsworth,2024-06,anti-social-behaviour,156
Wandsworth,2024-06,bicycle-theft,3
Wandsworth,2024-06,burglary,37
Wandsworth,2024-06,criminal-damage-arson,59
Wandsworth,2024-06,drugs,60
Wandsworth,2024-06,miscellaneous-incidents,7
Wandsworth,2024-06,other-theft,61
Wandsworth,2024-06,possession-of-weapons,5
Wandsworth,2024-06,public-order,26
Wandsworth,2024-06,robbery,10
Wandsworth,2024-06,shoplifting,51
Wandsworth,2024-06,theft-from-the-person,126
Wandsworth,2024-06,vehicle-crime,81
Wandsworth,2024-06,violence-and-sexual-offences,241
Wandsworth,2024-07,anti-social-behaviour,137
Wandsworth,2024-07,bicycle-theft,5
Wandsworth,2024-07,burglary,63
Wandsworth,2024-07,criminal-damage-arson,66
Wandsworth,2024-07,drugs,34
Wandsworth,2024-07,miscellaneous-incidents,5
Wandsworth,2024-07,other-theft,43
Wandsworth,2024-07,possession-of-weapons,10
Wandsworth,2024-07,public-order,19
Wandsworth,2024-07,robbery,12
Wandsworth,2024-07,shoplifting,64
Wandsworth,2024-07,theft-from-the-person,141
Wandsworth,2024-07,vehicle-crime,68
Wandsworth,2024-07,violence-and-sexual-offences,234
Wandsworth,2024-08,anti-social-behaviour,120
Wandsworth,2024-08,bicycle-theft,12
Wandsworth,2024-08,burglary,74
Wandsworth,2024-08,criminal-damage-arson,78
Wandsworth,2024-08,drugs,41
Wandsworth,2024-08,miscellaneous-incidents,2
Wandsworth,2024-08,other-theft,62
Wandsworth,2024-08,possession-of-weapons,10
Wandsworth,2024-08,public-order,23
Wandsworth,2024-08,robbery,17
Wandsworth,2024-08,shoplifting,53
Wandsworth,2024-08,theft-from-the-person,99
Wandsworth,2024-08,vehicle-crime,78
Wandsworth,2024-08,violence-and-sexual-offences,184
Wandsworth,2024-09,anti-social-behaviour,136
Wandsworth,2024-09,bicycle-theft,5
Wandsworth,2024-09,burglary,61
Wandsworth,2024-09,criminal-damage-arson,83
Wandsworth,2024-09,drugs,30
Wandsworth,2024-09,miscellaneous-incidents,3
Wandsworth,2024-09,other-theft,50
Wandsworth,2024-09,possession-of-weapons,7
Wandsworth,2024-09,public-order,34
Wandsworth,2024-09,robbery,15
Wandsworth,2024-09,shoplifting,62
Wandsworth,2024-09,theft-from-the-person,103
Wandsworth,2024-09,vehicle-crime,87
Wandsworth,2024-09,violence-and-sexual-offences,166
Wandsworth,2024-10,anti-social-behaviour,107
Wandsworth,2024-10,bicycle-theft,6
Wandsworth,2024-10,burglary,71
Wandsworth,2024-10,criminal-damage-arson,75
Wandsworth,2024-10,drugs,35
Wandsworth,2024-10,miscellaneous-incidents,6
Wandsworth,2024-10,other-theft,53
Wandsworth,2024-10,possession-of-weapons,7
Wandsworth,2024-10,public-order,27
Wandsworth,2024-10,robbery,19
Wandsworth,2024-10,shoplifting,69
Wandsworth,2024-10,theft-from-the-person,105
Wandsworth,2024-10,vehicle-crime,97
Wandsworth,2024-10,violence-and-sexual-offences,137
Wandsworth,2024-11,anti-social-behaviour,84
Wandsworth,2024-11,bicycle-theft,1
Wandsworth,2024-11,burglary,61
Wandsworth,2024-11,criminal-damage-arson,47
Wandsworth,2024-11,drugs,52
Wandsworth,2024-11,miscellaneous-incidents,8
Wandsworth,2024-11,other-theft,55
Wandsworth,2024-11,possession-of-weapons,3
Wandsworth,2024-11,public-order,38
Wandsworth,2024-11,robbery,22
Wandsworth,2024-11,shoplifting,52
Wandsworth,2024-11,theft-from-the-person,74
Wandsworth,2024-11,vehicle-crime,111
Wandsworth,2024-11,violence-and-sexual-offences,154
Wandsworth,2024-12,anti-social-behaviour,82
Wandsworth,2024-12,bicycle-theft,12
Wandsworth,2024-12,burglary,94
Wandsworth,2024-12,criminal-damage-arson,65
Wandsworth,2024-12,drugs,47
Wandsworth,2024-12,miscellaneous-incidents,2
Wandsworth,2024-12,other-theft,54
Wandsworth,2024-12,possession-of-weapons,13
Wandsworth,2024-12,public-order,29
Wandsworth,2024-12,robbery,17
Wandsworth,2024-12,shoplifting,64
Wandsworth,2024-12,theft-from-the-person,74
Wandsworth,2024-12,vehicle-crime,102
Wandsworth,2024-12,violence-and-sexual-offences,134
Wandsworth,2025-01,anti-social-behaviour,94
Wandsworth,2025-01,bicycle-theft,8
Wandsworth,2025-01,burglary,75
Wandsworth,2025-01,criminal-damage-arson,52
Wandsworth,2025-01,drugs,49
Wandsworth,2025-01,miscellaneous-incidents,4
Wandsworth,2025-01,other-theft,47
Wandsworth,2025-01,possession-of-weapons,8
Wandsworth,2025-01,public-order,25
Wandsworth,2025-01,robbery,20
Wandsworth,2025-01,shoplifting,53
Wandsworth,2025-01,theft-from-the-person,78
Wandsworth,2025-01,vehicle-crime,119
Wandsworth,2025-01,violence-and-sexual-offences,140
Wandsworth,2025-02,anti-social-behaviour,94
Wandsworth,2025-02,bicycle-theft,11
Wandsworth,2025-02,burglary,64
Wandsworth,2025-02,criminal-damage-arson,75
Wandsworth,2025-02,drugs,40
Wandsworth,2025-02,miscellaneous-incidents,2
Wandsworth,2025-02,other-theft,41
Wandsworth,2025-02,possession-of-weapons,6
Wandsworth,2025-02,public-order,25
Wandsworth,2025-02,robbery,20
Wandsworth,2025-02,shoplifting,62
Wandsworth,2025-02,theft-from-the-person,79
Wandsworth,2025-02,vehicle-crime,100
Wandsworth,2025-02,violence-and-sexual-offences,159
Wandsworth,2025-03,anti-social-behaviour,112
Wandsworth,2025-03,bicycle-theft,3
Wandsworth,2025-03,burglary,81
Wandsworth,2025-03,criminal-damage-arson,72
Wandsworth,2025-03,drugs,47
Wandsworth,2025-03,miscellaneous-incidents,5
Wandsworth,2025-03,other-theft,53
Wandsworth,2025-03,possession-of-weapons,10
Wandsworth,2025-03,public-order,30
Wandsworth,2025-03,robbery,13
Wandsworth,2025-03,shoplifting,50
Wandsworth,2025-03,theft-from-the-person,102
Wandsworth,2025-03,vehicle-crime,75
Wandsworth,2025-03,violence-and-sexual-offences,224
Wandsworth,2025-04,anti-social-behaviour,138
Wandsworth,2025-04,bicycle-theft,19
Wandsworth,2025-04,burglary,51
Wandsworth,2025-04,criminal-damage-arson,70
Wandsworth,2025-04,drugs,53
Wandsworth,2025-04,miscellaneous-incidents,5
Wandsworth,2025-04,other-theft,45
Wandsworth,2025-04,possession-of-weapons,11
Wandsworth,2025-04,public-order,31
Wandsworth,2025-04,robbery,20
Wandsworth,2025-04,shoplifting,48
Wandsworth,2025-04,theft-from-the-person,120
Wandsworth,2025-04,vehicle-crime,64
Wandsworth,2025-04,violence-and-sexual-offences,195
Wandsworth,2025-05,anti-social-behaviour,153
Wandsworth,2025-05,bicycle-theft,7
Wandsworth,2025-05,burglary,49
Wandsworth,2025-05,criminal-damage-arson,62
Wandsworth,2025-05,drugs,45
Wandsworth,2025-05,miscellaneous-incidents,2
Wandsworth,2025-05,other-theft,52
Wandsworth,2025-05,possession-of-weapons,6
Wandsworth,2025-05,public-order,25
Wandsworth,2025-05,robbery,15
Wandsworth,2025-05,shoplifting,52
Wandsworth,2025-05,theft-from-the-person,119
Wandsworth,2025-05,vehicle-crime,74
Wandsworth,2025-05,violence-and-sexual-offences,241
Wandsworth,2025-06,anti-social-behaviour,131
Wandsworth,2025-06,bicycle-theft,7
Wandsworth,2025-06,burglary,49
Wandsworth,2025-06,criminal-damage-arson,66
Wandsworth,2025-06,drugs,40
Wandsworth,2025-06,miscellaneous-incidents,4
Wandsworth,2025-06,other-theft,56
Wandsworth,2025-06,possession-of-weapons,9
Wandsworth,2025-06,public-order,22
Wandsworth,2025-06,robbery,18
Wandsworth,2025-06,shoplifting,62
Wandsworth,2025-06,theft-from-the-person,119
Wandsworth,2025-06,vehicle-crime,65
Wandsworth,2025-06,violence-and-sexual-offences,238
Wandsworth,2025-07,anti-social-behaviour,147
Wandsworth,2025-07,bicycle-theft,11
Wandsworth,2025-07,burglary,67
Wandsworth,2025-07,criminal-damage-arson,68
Wandsworth,2025-07,drugs,38
Wandsworth,2025-07,miscellaneous-incidents,4
Wandsworth,2025-07,other-theft,54
Wandsworth,2025-07,possession-of-weapons,7
Wandsworth,2025-07,public-order,31
Wandsworth,2025-07,robbery,16
Wandsworth,2025-07,shoplifting,69
Wandsworth,2025-07,theft-from-the-person,135
Wandsworth,2025-07,vehicle-crime,72
Wandsworth,2025-07,violence-and-sexual-offences,235
Wandsworth,2025-08,anti-social-behaviour,133
Wandsworth,2025-08,bicycle-theft,6
Wandsworth,2025-08,burglary,61
Wandsworth,2025-08,criminal-damage-arson,61
Wandsworth,2025-08,drugs,44
Wandsworth,2025-08,miscellaneous-incidents,4
Wandsworth,2025-08,other-theft,51
Wandsworth,2025-08,possession-of-weapons,8
Wandsworth,2025-08,public-order,23
Wandsworth,2025-08,robbery,17
Wandsworth,2025-08,shoplifting,70
Wandsworth,2025-08,theft-from-the-person,98
Wandsworth,2025-08,vehicle-crime,73
Wandsworth,2025-08,violence-and-sexual-offences,224
Wandsworth,2025-09,anti-social-behaviour,109
Wandsworth,2025-09,bicycle-theft,7
Wandsworth,2025-09,burglary,74
Wandsworth,2025-09,criminal-damage-arson,77
Wandsworth,2025-09,drugs,44
Wandsworth,2025-09,miscellaneous-incidents,1
Wandsworth,2025-09,other-theft,64
Wandsworth,2025-09,possession-of-weapons,12
Wandsworth,2025-09,public-order,30
Wandsworth,2025-09,robbery,15
Wandsworth,2025-09,shoplifting,63
Wandsworth,2025-09,theft-from-the-person,94
Wandsworth,2025-09,vehicle-crime,84
Wandsworth,2025-09,violence-and-sexual-offences,184
Wandsworth,2025-10,anti-social-behaviour,104
Wandsworth,2025-10,bicycle-theft,11
Wandsworth,2025-10,burglary,78
Wandsworth,2025-10,criminal-damage-arson,64
Wandsworth,2025-10,drugs,45
Wandsworth,2025-10,miscellaneous-incidents,6
Wandsworth,2025-10,other-theft,50
Wandsworth,2025-10,possession-of-weapons,6
Wandsworth,2025-10,public-order,31
Wandsworth,2025-10,robbery,17
Wandsworth,2025-10,shoplifting,53
Wandsworth,2025-10,theft-from-the-person,88
Wandsworth,2025-10,vehicle-crime,104
Wandsworth,2025-10,violence-and-sexual-offences,162
Wandsworth,2025-11,anti-social-behaviour,87
Wandsworth,2025-11,bicycle-theft,10
Wandsworth,2025-11,burglary,96
Wandsworth,2025-11,criminal-damage-arson,59
Wandsworth,2025-11,drugs,41
Wandsworth,2025-11,miscellaneous-incidents,3
Wandsworth,2025-11,other-theft,50
Wandsworth,2025-11,possession-of-weapons,13
Wandsworth,2025-11,public-order,19
Wandsworth,2025-11,robbery,18
Wandsworth,2025-11,shoplifting,55
Wandsworth,2025-11,theft-from-the-person,69
Wandsworth,2025-11,vehicle-crime,99
Wandsworth,2025-11,violence-and-sexual-offences,153
Wandsworth,2025-12,anti-social-behaviour,89
Wandsworth,2025-12,bicycle-theft,6
Wandsworth,2025-12,burglary,86
Wandsworth,2025-12,criminal-damage-arson,82
Wandsworth,2025-12,drugs,45
Wandsworth,2025-12,miscellaneous-incidents,4
Wandsworth,2025-12,other-theft,54
Wandsworth,2025-12,possession-of-weapons,8
Wandsworth,2025-12,public-order,36
Wandsworth,2025-12,robbery,15
Wandsworth,2025-12,shoplifting,61
Wandsworth,2025-12,theft-from-the-person,82
Wandsworth,2025-12,vehicle-crime,108
Wandsworth,2025-12,violence-and-sexual-offences,128
Westminster,2024-01,anti-social-behaviour,257
Westminster,2024-01,bicycle-theft,11
Westminster,2024-01,burglary,197
Westminster,2024-01,criminal-damage-arson,182
Westminster,2024-01,drugs,106
Westminster,2024-01,miscellaneous-incidents,14
Westminster,2024-01,other-theft,145
Westminster,2024-01,possession-of-weapons,29
Westminster,2024-01,public-order,85
Westminster,2024-01,robbery,42
Westminster,2024-01,shoplifting,147
Westminster,2024-01,theft-from-the-person,203
Westminster,2024-01,vehicle-crime,272
Westminster,2024-01,violence-and-sexual-offences,375
Westminster,2024-02,anti-social-behaviour,282
Westminster,2024-02,bicycle-theft,21
Westminster,2024-02,burglary,198
Westminster,2024-02,criminal-damage-arson,196
Westminster,2024-02,drugs,120
Westminster,2024-02,miscellaneous-incidents,8
Westminster,2024-02,other-theft,130
Westminster,2024-02,possession-of-weapons,17
Westminster,2024-02,public-order,66
Westminster,2024-02,robbery,40
Westminster,2024-02,shoplifting,177
Westminster,2024-02,theft-from-the-person,235
Westminster,2024-02,vehicle-crime,229
Westminster,2024-02,violence-and-sexual-offences,426
Westminster,2024-03,anti-social-behaviour,287
Westminster,2024-03,bicycle-theft,20
Westminster,2024-03,burglary,180
Westminster,2024-03,criminal-damage-arson,160
Westminster,2024-03,drugs,117
Westminster,2024-03,miscellaneous-incidents,9
Westminster,2024-03,other-theft,128
Westminster,2024-03,possession-of-weapons,17
Westminster,2024-03,public-order,83
Westminster,2024-03,robbery,43
Westminster,2024-03,shoplifting,164
Westminster,2024-03,theft-from-the-person,257
Westminster,2024-03,vehicle-crime,238
Westminster,2024-03,violence-and-sexual-offences,506
Westminster,2024-04,anti-social-behaviour,373
Westminster,2024-04,bicycle-theft,18
Westminster,2024-04,burglary,174
Westminster,2024-04,criminal-damage-arson,198
Westminster,2024-04,drugs,108
Westminster,2024-04,miscellaneous-incidents,12
Westminster,2024-04,other-theft,136
Westminster,2024-04,possession-of-weapons,25
Westminster,2024-04,public-order,58
Westminster,2024-04,robbery,49
Westminster,2024-04,shoplifting,130
Westminster,2024-04,theft-from-the-person,283
Westminster,2024-04,vehicle-crime,193
Westminster,2024-04,violence-and-sexual-offences,535
Westminster,2024-05,anti-social-behaviour,388
Westminster,2024-05,bicycle-theft,14
Westminster,2024-05,burglary,150
Westminster,2024-05,criminal-damage-arson,172
Westminster,2024-05,drugs,92
Westminster,2024-05,miscellaneous-incidents,9
Westminster,2024-05,other-theft,132
Westminster,2024-05,possession-of-weapons,24
Westminster,2024-05,public-order,58
Westminster,2024-05,robbery,38
Westminster,2024-05,shoplifting,143
Westminster,2024-05,theft-from-the-person,312
Westminster,2024-05,vehicle-crime,167
Westminster,2024-05,violence-and-sexual-offences,586
Westminster,2024-06,anti-social-behaviour,411
Westminster,2024-06,bicycle-theft,24
Westminster,2024-06,burglary,120
Westminster,2024-06,criminal-damage-arson,166
Westminster,2024-06,drugs,98
Westminster,2024-06,miscellaneous-incidents,14
Westminster,2024-06,other-theft,130
Westminster,2024-06,possession-of-weapons,32
Westminster,2024-06,public-order,76
Westminster,2024-06,robbery,42
Westminster,2024-06,shoplifting,174
Westminster,2024-06,theft-from-the-person,316
Westminster,2024-06,vehicle-crime,181
Westminster,2024-06,violence-and-sexual-offences,589
Westminster,2024-07,anti-social-behaviour,378
Westminster,2024-07,bicycle-theft,11
Westminster,2024-07,burglary,145
Westminster,2024-07,criminal-damage-arson,183
Westminster,2024-07,drugs,102
Westminster,2024-07,miscellaneous-incidents,12
Westminster,2024-07,other-theft,143
Westminster,2024-07,possession-of-weapons,22
Westminster,2024-07,public-order,57
Westminster,2024-07,robbery,48
Westminster,2024-07,shoplifting,192
Westminster,2024-07,theft-from-the-person,327
Westminster,2024-07,vehicle-crime,189
Westminster,2024-07,violence-and-sexual-offences,609
Westminster,2024-08,anti-social-behaviour,373
Westminster,2024-08,bicycle-theft,21
Westminster,2024-08,burglary,133
Westminster,2024-08,criminal-damage-arson,180
Westminster,2024-08,drugs,101
Westminster,2024-08,miscellaneous-incidents,10
Westminster,2024-08,other-theft,115
Westminster,2024-08,possession-of-weapons,19
Westminster,2024-08,public-order,61
Westminster,2024-08,robbery,40
Westminster,2024-08,shoplifting,153
Westminster,2024-08,theft-from-the-person,294
Westminster,2024-08,vehicle-crime,211
Westminster,2024-08,violence-and-sexual-offences,570
Westminster,2024-09,anti-social-behaviour,311
Westminster,2024-09,bicycle-theft,19
Westminster,2024-09,burglary,177
Westminster,2024-09,criminal-damage-arson,179
Westminster,2024-09,drugs,118
Westminster,2024-09,miscellaneous-incidents,15
Westminster,2024-09,other-theft,129
Westminster,2024-09,possession-of-weapons,16
Westminster,2024-09,public-order,77
Westminster,2024-09,robbery,42
Westminster,2024-09,shoplifting,171
Westminster,2024-09,theft-from-the-person,276
Westminster,2024-09,vehicle-crime,228
Westminster,2024-09,violence-and-sexual-offences,456
Westminster,2024-10,anti-social-behaviour,271
Westminster,2024-10,bicycle-theft,30
Westminster,2024-10,burglary,204
Westminster,2024-10,criminal-damage-arson,152
Westminster,2024-10,drugs,107
Westminster,2024-10,miscellaneous-incidents,12
Westminster,2024-10,other-theft,131
Westminster,2024-10,possession-of-weapons,20
Westminster,2024-10,public-order,78
Westminster,2024-10,robbery,46
Westminster,2024-10,shoplifting,174
Westminster,2024-10,theft-from-the-person,217
Westminster,2024-10,vehicle-crime,251
Westminster,2024-10,violence-and-sexual-offences,404
Westminster,2024-11,anti-social-behaviour,232
Westminster,2024-11,bicycle-theft,28
Westminster,2024-11,burglary,203
Westminster,2024-11,criminal-damage-arson,175
Westminster,2024-11,drugs,110
Westminster,2024-11,miscellaneous-incidents,7
Westminster,2024-11,other-theft,125
Westminster,2024-11,possession-of-weapons,31
Westminster,2024-11,public-order,64
Westminster,2024-11,robbery,37
Westminster,2024-11,shoplifting,144
Westminster,2024-11,theft-from-the-person,211
Westminster,2024-11,vehicle-crime,231
Westminster,2024-11,violence-and-sexual-offences,390
Westminster,2024-12,anti-social-behaviour,269
Westminster,2024-12,bicycle-theft,14
Westminster,2024-12,burglary,204
Westminster,2024-12,criminal-damage-arson,188
Westminster,2024-12,drugs,117
Westminster,2024-12,miscellaneous-incidents,8
Westminster,2024-12,other-theft,116
Westminster,2024-12,possession-of-weapons,16
Westminster,2024-12,public-order,75
Westminster,2024-12,robbery,55
Westminster,2024-12,shoplifting,164
Westminster,2024-12,theft-from-the-person,189
Westminster,2024-12,vehicle-crime,267
Westminster,2024-12,violence-and-sexual-offences,366
Westminster,2025-01,anti-social-behaviour,245
Westminster,2025-01,bicycle-theft,30
Westminster,2025-01,burglary,192
Westminster,2025-01,criminal-damage-arson,166
Westminster,2025-01,drugs,113
Westminster,2025-01,miscellaneous-incidents,7
Westminster,2025-01,other-theft,132
Westminster,2025-01,possession-of-weapons,25
Westminster,2025-01,public-order,77
Westminster,2025-01,robbery,48
Westminster,2025-01,shoplifting,173
Westminster,2025-01,theft-from-the-person,199
Westminster,2025-01,vehicle-crime,295
Westminster,2025-01,violence-and-sexual-offences,401
Westminster,2025-02,anti-social-behaviour,285
Westminster,2025-02,bicycle-theft,23
Westminster,2025-02,burglary,173
Westminster,2025-02,criminal-damage-arson,162
Westminster,2025-02,drugs,112
Westminster,2025-02,miscellaneous-incidents,14
Westminster,2025-02,other-theft,123
Westminster,2025-02,possession-of-weapons,16
Westminster,2025-02,public-order,65
Westminster,2025-02,robbery,41
Westminster,2025-02,shoplifting,134
Westminster,2025-02,theft-from-the-person,273
Westminster,2025-02,vehicle-crime,240
Westminster,2025-02,violence-and-sexual-offences,408
Westminster,2025-03,anti-social-behaviour,288
Westminster,2025-03,bicycle-theft,24
Westminster,2025-03,burglary,160
Westminster,2025-03,criminal-damage-arson,169
Westminster,2025-03,drugs,103
Westminster,2025-03,miscellaneous-incidents,13
Westminster,2025-03,other-theft,133
Westminster,2025-03,possession-of-weapons,21
Westminster,2025-03,public-order,56
Westminster,2025-03,robbery,45
Westminster,2025-03,shoplifting,150
Westminster,2025-03,theft-from-the-person,251
Westminster,2025-03,vehicle-crime,213
Westminster,2025-03,violence-and-sexual-offences,497
Westminster,2025-04,anti-social-behaviour,348
Westminster,2025-04,bicycle-theft,18
Westminster,2025-04,burglary,156
Westminster,2025-04,criminal-damage-arson,180
Westminster,2025-04,drugs,111
Westminster,2025-04,miscellaneous-incidents,14
Westminster,2025-04,other-theft,116
Westminster,2025-04,possession-of-weapons,26
Westminster,2025-04,public-order,60
Westminster,2025-04,robbery,43
Westminster,2025-04,shoplifting,157
Westminster,2025-04,theft-from-the-person,267
Westminster,2025-04,vehicle-crime,184
Westminster,2025-04,violence-and-sexual-offences,527
Westminster,2025-05,anti-social-behaviour,425
Westminster,2025-05,bicycle-theft,16
Westminster,2025-05,burglary,136
Westminster,2025-05,criminal-damage-arson,168
Westminster,2025-05,drugs,88
Westminster,2025-05,miscellaneous-incidents,15
Westminster,2025-05,other-theft,147
Westminster,2025-05,possession-of-weapons,29
Westminster,2025-05,public-order,64
Westminster,2025-05,robbery,43
Westminster,2025-05,shoplifting,147
Westminster,2025-05,theft-from-the-person,315
Westminster,2025-05,vehicle-crime,186
Westminster,2025-05,violence-and-sexual-offences,603
Westminster,2025-06,anti-social-behaviour,381
Westminster,2025-06,bicycle-theft,21
Westminster,2025-06,burglary,149
Westminster,2025-06,criminal-damage-arson,173
Westminster,2025-06,drugs,107
Westminster,2025-06,miscellaneous-incidents,7
Westminster,2025-06,other-theft,145
Westminster,2025-06,possession-of-weapons,21
Westminster,2025-06,public-order,54
Westminster,2025-06,robbery,41
Westminster,2025-06,shoplifting,148
Westminster,2025-06,theft-from-the-person,325
Westminster,2025-06,vehicle-crime,189
Westminster,2025-06,violence-and-sexual-offences,597
Westminster,2025-07,anti-social-behaviour,365
Westminster,2025-07,bicycle-theft,24
Westminster,2025-07,burglary,152
Westminster,2025-07,criminal-damage-arson,175
Westminster,2025-07,drugs,103
Westminster,2025-07,miscellaneous-incidents,14
Westminster,2025-07,other-theft,127
Westminster,2025-07,possession-of-weapons,26
Westminster,2025-07,public-order,69
Westminster,2025-07,robbery,37
Westminster,2025-07,shoplifting,144
Westminster,2025-07,theft-from-the-person,287
Westminster,2025-07,vehicle-crime,182
Westminster,2025-07,violence-and-sexual-offences,584
Westminster,2025-08,anti-social-behaviour,331
Westminster,2025-08,bicycle-theft,28
Westminster,2025-08,burglary,127
Westminster,2025-08,criminal-damage-arson,175
Westminster,2025-08,drugs,118
Westminster,2025-08,miscellaneous-incidents,14
Westminster,2025-08,other-theft,148
Westminster,2025-08,possession-of-weapons,21
Westminster,2025-08,public-order,64
Westminster,2025-08,robbery,46
Westminster,2025-08,shoplifting,157
Westminster,2025-08,theft-from-the-person,276
Westminster,2025-08,vehicle-crime,187
Westminster,2025-08,violence-and-sexual-offences,518
Westminster,2025-09,anti-social-behaviour,278
Westminster,2025-09,bicycle-theft,25
Westminster,2025-09,burglary,176
Westminster,2025-09,criminal-damage-arson,163
Westminster,2025-09,drugs,95
Westminster,2025-09,miscellaneous-incidents,8
Westminster,2025-09,other-theft,128
Westminster,2025-09,possession-of-weapons,14
Westminster,2025-09,public-order,63
Westminster,2025-09,robbery,45
Westminster,2025-09,shoplifting,172
Westminster,2025-09,theft-from-the-person,255
Westminster,2025-09,vehicle-crime,201
Westminster,2025-09,violence-and-sexual-offences,442
Westminster,2025-10,anti-social-behaviour,234
Westminster,2025-10,bicycle-theft,25
Westminster,2025-10,burglary,181
Westminster,2025-10,criminal-damage-arson,186
Westminster,2025-10,drugs,100
Westminster,2025-10,miscellaneous-incidents,6
Westminster,2025-10,other-theft,145
Westminster,2025-10,possession-of-weapons,33
Westminster,2025-10,public-order,64
Westminster,2025-10,robbery,40
Westminster,2025-10,shoplifting,147
Westminster,2025-10,theft-from-the-person,237
Westminster,2025-10,vehicle-crime,229
Westminster,2025-10,violence-and-sexual-offences,457
Westminster,2025-11,anti-social-behaviour,266
Westminster,2025-11,bicycle-theft,24
Westminster,2025-11,burglary,169
Westminster,2025-11,criminal-damage-arson,172
Westminster,2025-11,drugs,107
Westminster,2025-11,miscellaneous-incidents,7
Westminster,2025-11,other-theft,139
Westminster,2025-11,possession-of-weapons,30
Westminster,2025-11,public-order,65
Westminster,2025-11,robbery,38
Westminster,2025-11,shoplifting,152
Westminster,2025-11,theft-from-the-person,227
Westminster,2025-11,vehicle-crime,263
Westminster,2025-11,violence-and-sexual-offences,384
Westminster,2025-12,anti-social-behaviour,249
Westminster,2025-12,bicycle-theft,20
Westminster,2025-12,burglary,218
Westminster,2025-12,criminal-damage-arson,192
Westminster,2025-12,drugs,84
Westminster,2025-12,miscellaneous-incidents,14
Westminster,2025-12,other-theft,132
Westminster,2025-12,possession-of-weapons,23
Westminster,2025-12,public-order,55
Westminster,2025-12,robbery,50
Westminster,2025-12,shoplifting,154
Westminster,2025-12,theft-from-the-person,188
Westminster,2025-12,vehicle-crime,244
Westminster,2025-12,violence-and-sexual-offences,359
